accident_id,time,base_sub_base,county,road,place,vehicles_involved,accident_details,gender,age,cause_code,victim_type,number,date,county_raw,gender_raw,victim_type_raw,age_raw,age_numeric,age_category,age_group,date_raw,year,month,month_name,day,day_name,time_raw,hour,minute,time_period,cause_code_raw,cause_group,vehicles_involved_raw,motorcycle,matatu,bus,lorry_truck,pickup,tractor,car_suv,unknown_vehicle,trailer_tanker,vehicle_classified,van_minivan,unspecified_vehicle,is_synthetic,synthetic_note
370,1230,KITALE,TRANS NZOIA,KITALE ELDORET,MAILI SABA TRADING CENTRE,KCA 241N ISUZU LORRY,THE VICTIM JUMPED OFF FROM A MOVING VEHICLE,MALE,25,71.0,PASSENGER,1.0,2016-04-01 00:00:00,TRANS NZOIA,M,PASSENGER,25,25.0,NUMERIC AGE,25-34,04/01,2016,4,April,1,Friday,1230,12.0,30.0,AFTERNOON,71.0,PASSENGER / ATTENDANT,KCA 241N ISUZU LORRY,False,False,False,True,False,False,False,False,False,True,False,False,False,
371,100,NAROMORU,NYERI,NYERI NANYUKI,TIGITHU AREA,KBN 441M T/MATATU & KMCN 333G CAPTAIN,THE MATATU KNOCKED DOWN THE M/CYCLIST,MALE,60,9.0,MOTORCYCLIST,1.0,2016-04-01 00:00:00,NYERI,M,M/CYCLIST,60,60.0,NUMERIC AGE,55-64,04/01,2016,4,April,1,Friday,100,1.0,0.0,NIGHT,9.0,DRIVER / CYCLIST BEHAVIOUR,KBN 441M T/MATATU & KMCN 333G CAPTAIN,False,True,False,False,False,False,False,False,False,True,False,False,False,
372,700,CHANGAMWE,MOMBASA,MOMBASA NAIROBI,BANGLADESH,KCF 186A/ZF 1848 MAN TRAILER & KTCB 478P/ZE 5817 HOLLAND TRACTOR,HEAD ON COLLISION,MALE,24,11.0,DRIVER,1.0,2016-04-01 00:00:00,MOMBASA,M,DRIVER,24,24.0,NUMERIC AGE,18-24,04/01,2016,4,April,1,Friday,700,7.0,0.0,MORNING,11.0,DRIVER / CYCLIST BEHAVIOUR,KCF 186A/ZF 1848 MAN TRAILER & KTCB 478P/ZE 5817 HOLLAND TRACTOR,False,False,False,False,False,True,False,False,True,True,False,False,False,
373,1515,KINANGOP,NYANDARUA,NJABINI OLKALAU,MUNYAKA AREA,KBX 389H TOYOTA MATATU,THE MATATU ROLLED SEVERAL TIMES,FEMALE,A,79.0,PASSENGER,2.0,2016-04-01 00:00:00,NYANDARUA,F,PASSENGER,A,,ADULT,,04/01,2016,4,April,1,Friday,1515,15.0,15.0,AFTERNOON,79.0,VEHICLE DEFECT,KBX 389H TOYOTA MATATU,False,True,False,False,False,False,False,False,False,True,False,False,False,
374,2110,JUJA,KIAMBU,THIKA SUPERHIGHWAY,NEAR KALIMONI JUNIOR SCHOOL,KAW 249X TOYOTA TOWNACE & UNKNOWN M/V,THE VICTIM WAS KNOCKED DOWN BY THE UNKNOWN M/V,MALE,A,63.0,PEDESTRIAN,1.0,2016-04-01 00:00:00,KIAMBU,M,PEDESTRIAN,A,,ADULT,,04/01,2016,4,April,1,Friday,2110,21.0,10.0,NIGHT,63.0,PEDESTRIAN BEHAVIOUR,KAW 249X TOYOTA TOWNACE & UNKNOWN M/V,False,False,False,False,False,False,False,True,False,True,True,False,False,
375,2040,KAJIADO,KAJIADO,KAJIADO NAMANGA,NEAR BISIL TOWN,KBR 337E TOYOTA ALLIANCE & UNREGISTERED M/CYCLE,HEAD ON COLLISION,MALE,A,10.0,MOTORCYCLIST,1.0,2016-04-01 00:00:00,KAJIADO,M,M/CYCLIST,A,,ADULT,,04/01,2016,4,April,1,Friday,2040,20.0,40.0,EVENING,10.0,DRIVER / CYCLIST BEHAVIOUR,KBR 337E TOYOTA ALLIANCE & UNREGISTERED M/CYCLE,True,False,False,False,False,False,False,False,False,True,False,False,False,
376,2040,KAJIADO,KAJIADO,KAJIADO NAMANGA,NEAR BISIL TOWN,KBR 337E TOYOTA ALLIANCE & UNREGISTERED M/CYCLE,HEAD ON COLLISION,MALE,A,10.0,PILLION PASSENGER,1.0,2016-04-01 00:00:00,KAJIADO,M,P/PASSENGER,A,,ADULT,,04/01,2016,4,April,1,Friday,2040,20.0,40.0,EVENING,10.0,DRIVER / CYCLIST BEHAVIOUR,KBR 337E TOYOTA ALLIANCE & UNREGISTERED M/CYCLE,True,False,False,False,False,False,False,False,False,True,False,False,False,
377,1830,KAYOLE,NAIROBI,SPINE ROAD,NEAR SHUJAA MALL,KBS 604T ISUZU MINI BUS,THE VICTIM TRIED TO ALIGHT WHILE THE VEHICLE WAS IN MOTION,MALE,A,70.0,PASSENGER,1.0,2016-04-01 00:00:00,NAIROBI,M,PASSENGER,A,,ADULT,,04/01,2016,4,April,1,Friday,1830,18.0,30.0,EVENING,70.0,PASSENGER / ATTENDANT,KBS 604T ISUZU MINI BUS,False,False,True,False,False,False,False,False,False,True,False,False,False,
378,2230,MAKONGENI,NAIROBI,JOGOO ROAD,NEAR BAMA STAGE,UNKNOWN M/V,HIT AND RUN,MALE,A,63.0,PEDESTRIAN,1.0,2016-04-01 00:00:00,NAIROBI,M,PEDESTRIAN,A,,ADULT,,04/01,2016,4,April,1,Friday,2230,22.0,30.0,NIGHT,63.0,PEDESTRIAN BEHAVIOUR,UNKNOWN M/V,False,False,False,False,False,False,False,True,False,True,False,False,False,
361,240,KAYOLE,NAIROBI,KANGUNDO ROAD,NEAR CALTEX,KCA 101B TATA LORRY & KBV 165P MITSUBISHI P/UP,THE LORRY RAMMED INTO THE REAR P/UP,MALE,A,29.0,DRIVER,1.0,2016-04-02 00:00:00,NAIROBI,M,DRIVER,A,,ADULT,,04/02,2016,4,April,2,Saturday,240,2.0,40.0,NIGHT,29.0,DRIVER / CYCLIST BEHAVIOUR,KCA 101B TATA LORRY & KBV 165P MITSUBISHI P/UP,False,False,False,True,True,False,False,False,False,True,False,False,False,
362,715,RUIRU,KIAMBU,THIKA SUPERHIGHWAY,KU DRIFT,KAV 272V MITSUBISHI CANTER & KAR 652F TOYOTA SALOON,THE CANTER RAMMED INTO THE REAR SALOON CAR,MALE,23,29.0,DRIVER,1.0,2016-04-02 00:00:00,KIAMBU,M,DRIVER,23,23.0,NUMERIC AGE,18-24,04/02,2016,4,April,2,Saturday,715,7.0,15.0,MORNING,29.0,DRIVER / CYCLIST BEHAVIOUR,KAV 272V MITSUBISHI CANTER & KAR 652F TOYOTA SALOON,False,False,False,True,False,False,True,False,False,True,False,False,False,
363,800,NYERI,NYERI,NYERI OTHAYA,NGURA BRIDGE,KAU 204E T/MATATU,THE VEHICLE LOST CONTROL AND PLUGGED INTO THE RIVER,MALE,A,,PASSENGER,1.0,2016-04-02 00:00:00,NYERI,M,PASSENGER,A,,ADULT,,04/02,2016,4,April,2,Saturday,800,8.0,0.0,MORNING,,NOT RECORDED,KAU 204E T/MATATU,False,True,False,False,False,False,False,False,False,True,False,False,False,
364,1600,TIMBOROA,NAKURU,ELDORET NAKURU,NEAR MAKUTANO T/CENTRE,KBZ 942G ISUZU FRR LORRY,THE VEHICLE KNOCKED DOWN THE VICTIM WHILE CROSSING THE ROAD,MALE,18,63.0,PEDESTRIAN,1.0,2016-04-02 00:00:00,NAKURU,M,PEDESTRIAN,18,18.0,NUMERIC AGE,18-24,04/02,2016,4,April,2,Saturday,1600,16.0,0.0,AFTERNOON,63.0,PEDESTRIAN BEHAVIOUR,KBZ 942G ISUZU FRR LORRY,False,False,False,True,False,False,False,False,False,True,False,False,False,
365,1830,THIKA,KIAMBU,THIKA NAIROBI,BLUE POST,KBV 278A ISUZU FRR LORRY,THE VEHICLE KNOCKED DOWN THE P/CYCLIST,MALE,54,52.0,PEDAL CYCLIST,1.0,2016-04-02 00:00:00,KIAMBU,M,P/CYCLIST,54,54.0,NUMERIC AGE,45-54,04/02,2016,4,April,2,Saturday,1830,18.0,30.0,EVENING,52.0,DRIVER / CYCLIST BEHAVIOUR,KBV 278A ISUZU FRR LORRY,False,False,False,True,False,False,False,False,False,True,False,False,False,
366,1945,DTEO DAGORETI,NAIROBI,WAIYAKI WAY,NEAR KANGEMI STAGE,KBS 698X N/MATATU,THE VEHICLE KNOCKED DOWN THE VICTIM WHILE CROSSING THE ROAD,MALE,63,98.0,PEDESTRIAN,1.0,2016-04-02 00:00:00,NAIROBI,M,PEDESTRIAN,63,63.0,NUMERIC AGE,55-64,04/02,2016,4,April,2,Saturday,1945,19.0,45.0,EVENING,98.0,CAUSE NOT TRACED,KBS 698X N/MATATU,False,True,False,False,False,False,False,False,False,True,False,False,False,
367,2030,KIAMBU,KIAMBU,NDUMBERI KANNGA,KARATINA,KBD 499K NZE,THE VEHICLE KNOCKED DOWN THE VICTIM WHILE CROSSING THE ROAD,FEMALE,10,11.0,PEDESTRIAN,1.0,2016-04-02 00:00:00,KIAMBU,F,PEDESTRIAN,10,10.0,NUMERIC AGE,0-17,04/02,2016,4,April,2,Saturday,2030,20.0,30.0,EVENING,11.0,DRIVER / CYCLIST BEHAVIOUR,KBD 499K NZE,False,False,False,False,False,False,False,False,False,False,False,True,False,
368,2215,DTEO MAKINGENI,NAIROBI,HESHIMA,NEAR PCEA BAHATI,KBV 632E MINI BUS,THE VEHICLE KNOCKED DOWN THE VICTIM WHILE CROSSING THE ROAD,MALE,45,63.0,PEDESTRIAN,1.0,2016-04-02 00:00:00,NAIROBI,M,PEDESTRIAN,45,45.0,NUMERIC AGE,45-54,04/02,2016,4,April,2,Saturday,2215,22.0,15.0,NIGHT,63.0,PEDESTRIAN BEHAVIOUR,KBV 632E MINI BUS,False,False,True,False,False,False,False,False,False,True,False,False,False,
369,2100,KENDU BAY,HOMA BAY,KATITU KENDU BAY,NEAR KENDU BAY TRADING CENTRE,KBV 242G T/KLUGGER,THE VEHICLE KNOCKED DOWN THE P/CYCLIST,MALE,55,38.0,PEDAL CYCLIST,1.0,2016-04-02 00:00:00,HOMA BAY,M,P/CYCLIST,55,55.0,NUMERIC AGE,55-64,04/02,2016,4,April,2,Saturday,2100,21.0,0.0,NIGHT,38.0,DRIVER / CYCLIST BEHAVIOUR,KBV 242G T/KLUGGER,False,False,False,False,False,False,False,False,False,False,False,True,False,
356,310,NAIVASHA,NAKURU,NAIROBI NAKURU,NYAMATHI AREA,KBR 129R ISUZU BUS,THE VEHICLE,MALE,J,26.0,PASSENGER,1.0,2016-04-03 00:00:00,NAKURU,M,PASSENGER,J,,JUVENILE,,04/03,2016,4,April,3,Sunday,310,3.0,10.0,NIGHT,26.0,DRIVER / CYCLIST BEHAVIOUR,KBR 129R ISUZU BUS,False,False,True,False,False,False,False,False,False,True,False,False,False,
357,1400,JUJA,KIAMBU,THIUKA SUPER HIGHWAY,NEAR SEAGULL AREA,KBV 209X ISUZU BUS & M/CY KMDM 998F SKYGO,THE CYCLE RAMMED INTO THE BUS,MALE,28,29.0,MOTORCYCLIST,1.0,2016-04-03 00:00:00,KIAMBU,M,M/CYCLIST,28,28.0,NUMERIC AGE,25-34,04/03,2016,4,April,3,Sunday,1400,14.0,0.0,AFTERNOON,29.0,DRIVER / CYCLIST BEHAVIOUR,KBV 209X ISUZU BUS & M/CY KMDM 998F SKYGO,True,False,True,False,False,False,False,False,False,True,False,False,False,
358,1730,KEIYO,ELGEYO MARAKWET,ITEN KWA HILDA RESIDENCE,KWA HILDA AREA,KMCQ 65Y TVS,THE CYCLE LOST CONTROL AND HIT A PERIMETER WALL,MALE,28,54.0,MOTORCYCLIST,1.0,2016-04-03 00:00:00,ELGEYO MARAKWET,M,M/CYCLIST,28,28.0,NUMERIC AGE,25-34,04/03,2016,4,April,3,Sunday,1730,17.0,30.0,EVENING,54.0,DRIVER / CYCLIST BEHAVIOUR,KMCQ 65Y TVS,True,False,False,False,False,False,False,False,False,True,False,False,False,
359,2000,MAKUYU,KIAMBU,KENOL SAGANA,MAKUYU BOYS SEC,KBL 532Z TOYOTA NOAH,HEAD ON COLLISION WITH AN ONCOMING VEHICLE,FEMALE,"22,65 & 9 MONTHS",26.0,PASSENGER,3.0,2016-04-03 00:00:00,KIAMBU,F,PASSENGER,"22,65 & 9 MONTHS",,UNKNOWN,,04/03,2016,4,April,3,Sunday,2000,20.0,0.0,EVENING,26.0,DRIVER / CYCLIST BEHAVIOUR,KBL 532Z TOYOTA NOAH,False,False,False,False,False,False,False,False,False,True,True,False,False,
360,45,CENTRAL,NAIROBI,HAILE SELASIE,TECHNICAL UNIVERSITY,UNKNOWN M/V,HIT AND RUN,MALE,21,7.0,PEDESTRIAN,1.0,2016-04-03 00:00:00,NAIROBI,M,PEDESTRIAN,21,21.0,NUMERIC AGE,18-24,04/03,2016,4,April,3,Sunday,45,0.0,45.0,NIGHT,7.0,DRIVER / CYCLIST BEHAVIOUR,UNKNOWN M/V,False,False,False,False,False,False,False,True,False,True,False,False,False,
352,530,KAREN,NAIROBI,NGONG ROAD,NEAR KENOL PETROL STATION,KMCS 402T CAPTAIN,THE CYCLE HIT A PAVEMENT AND FELL DOWN,MALE,28,54.0,MOTORCYCLIST,1.0,2016-04-04 00:00:00,NAIROBI,M,M/CYCLIST,28,28.0,NUMERIC AGE,25-34,04/04,2016,4,April,4,Monday,530,5.0,30.0,MORNING,54.0,DRIVER / CYCLIST BEHAVIOUR,KMCS 402T CAPTAIN,False,False,False,False,False,False,False,False,False,False,False,True,False,
353,1900,SIAYA,SIAYA,SIAYA LUANDA,SIGANA AREA,KAC 250E ISUZU CANTER,HEAD ON COLLISION WITH A PEDAL CYCLIST,MALE,23,8.0,PEDAL CYCLIST,1.0,2016-04-04 00:00:00,SIAYA,M,P/CYCLIST,23,23.0,NUMERIC AGE,18-24,04/04,2016,4,April,4,Monday,1900,19.0,0.0,EVENING,8.0,DRIVER / CYCLIST BEHAVIOUR,KAC 250E ISUZU CANTER,False,False,False,True,False,False,False,False,False,True,False,False,False,
354,2350,SOTIK,BOMET,KAPLONG BOMET,KAPKURES AREA,UNKNOWN M/V,HIT AND RUN,MALE,27,98.0,PEDESTRIAN,1.0,2016-04-04 00:00:00,BOMET,M,PEDESTRIAN,27,27.0,NUMERIC AGE,25-34,04/04,2016,4,April,4,Monday,2350,23.0,50.0,NIGHT,98.0,CAUSE NOT TRACED,UNKNOWN M/V,False,False,False,False,False,False,False,True,False,True,False,False,False,
355,30,TRANS MARA,NAROK,KISII KILGORIS,KONA CHUMA AREA,KMCQ 882F BOXER,THE CYCLE LOST CONTROL VEERED OFF THE ROAD AND LANDED INTO A DITCH,MALE,25,26.0,MOTORCYCLIST,1.0,2016-04-04 00:00:00,NAROK,M,M/CYCLIST,25,25.0,NUMERIC AGE,25-34,04/04,2016,4,April,4,Monday,30,0.0,30.0,NIGHT,26.0,DRIVER / CYCLIST BEHAVIOUR,KMCQ 882F BOXER,True,False,False,False,False,False,False,False,False,True,False,False,False,
350,730,KEIYO,ELGEYO MARAKWET,ITEN KABARNET,KERIO KABARNET,KBQ 174V TOYOTA WISH,THE VEHICLE KNOCKED DOWN THE VICTIM,MALE,12,7.0,PEDESTRIAN,1.0,2016-04-05 00:00:00,MARAKWET,M,PEDESTRIAN,12,12.0,NUMERIC AGE,0-17,04/05,2016,4,April,5,Tuesday,730,7.0,30.0,MORNING,7.0,DRIVER / CYCLIST BEHAVIOUR,KBQ 174V TOYOTA WISH,False,False,False,False,False,False,True,False,False,True,False,False,False,
351,2330,KIKUYU,KIAMBU,NAIVASHA NAIROBI HIGHWAY,REGGEN AREA,KCA 955B TOYOTA PASSO,THE VEHICLE KNOCKED DOWN THE VICTIM,MALE,30,68.0,PEDESTRIAN,1.0,2016-04-05 00:00:00,KIAMBU,M,PEDESTRIAN,30,30.0,NUMERIC AGE,25-34,04/05,2016,4,April,5,Tuesday,2330,23.0,30.0,NIGHT,68.0,PEDESTRIAN BEHAVIOUR,KCA 955B TOYOTA PASSO,False,False,False,False,False,False,True,False,False,True,False,False,False,
341,1245,KILIFI,KILIFI,KILIFI MOMBASA,MBOGOLO AREA,KCC 910Z ASHOK LEYLAND,THE VEHICLE LOST CONTROL AND KNOCKED DOWN THE VICTIM,MALE,40,26.0,PEDESTRIAN,1.0,2016-04-06 00:00:00,KILIFI,M,PEDESTRIAN,40,40.0,NUMERIC AGE,35-44,04/06,2016,4,April,6,Wednesday,1245,12.0,45.0,AFTERNOON,26.0,DRIVER / CYCLIST BEHAVIOUR,KCC 910Z ASHOK LEYLAND,False,False,False,False,False,False,False,False,False,False,False,True,False,
342,200,MAU SUMMIT,UASIN GISHU,ELDORET NAKURU,JOGOO TRADING CENTRE,KBE 002G TOYOTA MATATU,THE VEHICLE KNOCKED DOWN THE VICTIM,MALE,A,63.0,PEDESTRIAN,1.0,2016-04-06 00:00:00,UASIN GISHU,M,PEDESTRIAN,A,,ADULT,,04/06,2016,4,April,6,Wednesday,200,2.0,0.0,NIGHT,63.0,PEDESTRIAN BEHAVIOUR,KBE 002G TOYOTA MATATU,False,True,False,False,False,False,False,False,False,True,False,False,False,
343,1645,NYANDO,KISUMU,KENDU BAY KATITU,NYAKWERE AREA,KCB 739F TOYOTA FIELDER & KBG 959X HOUSING M/CYCLE,THE VEHICLE LOST CONTROL VEERED OFF THE ROAD AND HIT THE M/CYCLE,MALE,23,98.0,MOTORCYCLIST,1.0,2016-04-06 00:00:00,KISUMU,M,M/CYCLIST,23,23.0,NUMERIC AGE,18-24,04/06,2016,4,April,6,Wednesday,1645,16.0,45.0,AFTERNOON,98.0,CAUSE NOT TRACED,KCB 739F TOYOTA FIELDER & KBG 959X HOUSING M/CYCLE,True,False,False,False,False,False,True,False,False,True,False,False,False,
344,1930,STAREHE,NAIROBI,JUJA ROAD,NEAR MOI AIR BASE,UNKNOWN M/V,HIT AND RUN,MALE,A,68.0,PEDESTRIAN,1.0,2016-04-06 00:00:00,NAIROBI,M,PEDESTRIAN,A,,ADULT,,04/06,2016,4,April,6,Wednesday,1930,19.0,30.0,EVENING,68.0,PEDESTRIAN BEHAVIOUR,UNKNOWN M/V,False,False,False,False,False,False,False,True,False,True,False,False,False,
345,2030,RUNYEJES,EMBU,EMBU MERU,GAKWEGORI AREA,KMDJ 513M & UNKNOWN M/V,HIT AND RUN,MALE,30,98.0,MOTORCYCLIST,1.0,2016-04-06 00:00:00,EMBU,M,M/CYCLIST,30,30.0,NUMERIC AGE,25-34,04/06,2016,4,April,6,Wednesday,2030,20.0,30.0,EVENING,98.0,CAUSE NOT TRACED,KMDJ 513M & UNKNOWN M/V,False,False,False,False,False,False,False,True,False,True,False,False,False,
346,2100,THIKA,KIAMBU,GATURA THIKA,CHOMO AREA,UNKNOWN M/V,HIT AND RUN,MALE,39,60.0,PEDESTRIAN,1.0,2016-04-06 00:00:00,KIAMBU,M,PEDESTRIAN,39,39.0,NUMERIC AGE,35-44,04/06,2016,4,April,6,Wednesday,2100,21.0,0.0,NIGHT,60.0,PEDESTRIAN BEHAVIOUR,UNKNOWN M/V,False,False,False,False,False,False,False,True,False,True,False,False,False,
347,1700,ONGATA RONGAI,KAJIADO,KANDIZI OLE KASAFI,KANDIZI AREA,GKA 060V TOYOTA CRUISER,THE VEHICLE KNOCKED DOWN THE VICTIM,FEMALE,4,63.0,PEDESTRIAN,1.0,2016-04-06 00:00:00,KAJIADO,F,PEDESTRIAN,4,4.0,NUMERIC AGE,0-17,04/06,2016,4,April,6,Wednesday,1700,17.0,0.0,EVENING,63.0,PEDESTRIAN BEHAVIOUR,GKA 060V TOYOTA CRUISER,False,False,False,False,False,False,False,False,False,False,False,True,False,
348,2330,MTITO ANDEI,MAKUENI,MOMBASA NAIROBI,NEAR AP SENIOR TRAINING COLLEGE,KMDK 467Z SKYGO & KBS 072U/ZC 9848 MAN TRAILER,THE MOTOR CYCLE RAMMED INTO THE REAR OF THE TRAILER,MALE,52,98.0,MOTORCYCLIST,1.0,2016-04-06 00:00:00,MAKUENI,M,M/CYCLIST,52,52.0,NUMERIC AGE,45-54,04/06,2016,4,April,6,Wednesday,2330,23.0,30.0,NIGHT,98.0,CAUSE NOT TRACED,KMDK 467Z SKYGO & KBS 072U/ZC 9848 MAN TRAILER,True,False,False,False,False,False,False,False,True,True,False,False,False,
349,200,RUIRU,KIAMBU,RIURU LIMURU,MEMBLY AREA,KBB 232H TOYOTA L/CRUISER & KAX 599G MITSUBISHI CANTER,HEAD ON COLLISION,MALE,A,22.0,DRIVER,1.0,2016-04-06 00:00:00,KIAMBU,M,DRIVER,A,,ADULT,,04/06,2016,4,April,6,Wednesday,200,2.0,0.0,NIGHT,22.0,DRIVER / CYCLIST BEHAVIOUR,KBB 232H TOYOTA L/CRUISER & KAX 599G MITSUBISHI CANTER,False,False,False,True,False,False,True,False,False,True,False,False,False,
336,745,MTITO ANDEI,MAKUENI,MOMBASA NAIROBI,TSAVO RIVER AREA,KCE 802S/ZD4432 DAF & KBK 148H/ZD 2833 M/BENZ,HEAD ON COLLISION,MALE,29 & 32,11.0,DRIVER,1.0,2016-04-07 00:00:00,MAKUENI,M,DRIVER,29 & 32,,UNKNOWN,,04/07,2016,4,April,7,Thursday,745,7.0,45.0,MORNING,11.0,DRIVER / CYCLIST BEHAVIOUR,KCE 802S/ZD4432 DAF & KBK 148H/ZD 2833 M/BENZ,False,False,False,True,False,False,False,False,False,True,False,False,False,
337,745,MTITO ANDEI,MAKUENI,MOMBASA NAIROBI,TSAVO RIVER AREA,KCE 802S/ZD4432 DAF & KBK 148H/ZD 2833 M/BENZ,HEAD ON COLLISION,MALE,29 & 32,11.0,PASSENGER,1.0,2016-04-07 00:00:00,MAKUENI,M,PASSENGER,29 & 32,,UNKNOWN,,04/07,2016,4,April,7,Thursday,745,7.0,45.0,MORNING,11.0,DRIVER / CYCLIST BEHAVIOUR,KCE 802S/ZD4432 DAF & KBK 148H/ZD 2833 M/BENZ,False,False,False,True,False,False,False,False,False,True,False,False,False,
338,1200,BURETI,KERICHO,KERICHO,CHEMOSIT,KMDG 346C,THE CYCLE KNOCKED DOWN THE VICTIM,MALE,9,29.0,PEDESTRIAN,1.0,2016-04-07 00:00:00,KERICHO,M,PEDESTRIAN,9,9.0,NUMERIC AGE,0-17,04/07,2016,4,April,7,Thursday,1200,12.0,0.0,AFTERNOON,29.0,DRIVER / CYCLIST BEHAVIOUR,KMDG 346C,False,False,False,False,False,False,False,False,False,False,False,True,False,
339,1820,BUNGOMA,BUNGOMA,BUNGOMA MALABA,NANGENI AREA,KAU 337X/ZO810 ACROSS,THE VEHICLE KNOCKED DOWN THE VICTIM,MALE,5,60.0,PEDESTRIAN,1.0,2016-04-07 00:00:00,BUNGOMA,M,PEDESTRIAN,5,5.0,NUMERIC AGE,0-17,04/07,2016,4,April,7,Thursday,1820,18.0,20.0,EVENING,60.0,PEDESTRIAN BEHAVIOUR,KAU 337X/ZO810 ACROSS,False,False,False,False,False,False,False,False,False,False,False,True,False,
340,1100,MACHAKOS,MACHAKOS,NAIROBI MOMBASA,KONZA CENTRE,KAM 354J LAND ROVER,HEAD ON COLLISION WITH AN ONCOMING VEHICLE,MALE,A,1.0,DRIVER,1.0,2016-04-07 00:00:00,MACHAKOS,M,DRIVER,A,,ADULT,,04/07,2016,4,April,7,Thursday,1100,11.0,0.0,MORNING,1.0,DRIVER / CYCLIST BEHAVIOUR,KAM 354J LAND ROVER,False,False,False,False,False,False,False,False,False,False,False,True,False,
325,1430,BUSIA,BUSIA,KISUMU BUSIA,MULEMBE,"KBY 265A SCANIA BUS,KMDT 653A BOOXER",THE CYCLE WAS HIT FROM THE REAR BY THE VEHICLE,MALE,31,19.0,MOTORCYCLIST,1.0,2016-04-08 00:00:00,BUSIA,M,M/CYCLIST,31,31.0,NUMERIC AGE,25-34,04/08,2016,4,April,8,Friday,1430,14.0,30.0,AFTERNOON,19.0,DRIVER / CYCLIST BEHAVIOUR,"KBY 265A SCANIA BUS,KMDT 653A BOOXER",False,False,True,False,False,False,False,False,False,True,False,False,False,
326,1600,CHANGAMWE,MOMBASA,AIRPORT,APOLO,KBT 112L SINO TRACK,THE VEHICLE KNOCKED DOWN THE VICTIM,MALE,35,16.0,PEDESTRIAN,1.0,2016-04-08 00:00:00,MOMBASA,M,PEDESTRIAN,35,35.0,NUMERIC AGE,35-44,04/08,2016,4,April,8,Friday,1600,16.0,0.0,AFTERNOON,16.0,DRIVER / CYCLIST BEHAVIOUR,KBT 112L SINO TRACK,False,False,False,False,False,False,False,False,False,False,False,True,False,
327,2205,NANYUKI,LAIKIPIA,KINAMBA,NGARUA,KCA 260C MAZDA MATATU,THE VEHICLE OVERTURNED KILLING 6 VICTIMS,MIXED,A,26.0,PASSENGER,6.0,2016-04-08 00:00:00,,4F & INF,PASSENGER,A,,ADULT,,04/08,2016,4,April,8,Friday,2205,22.0,5.0,NIGHT,26.0,DRIVER / CYCLIST BEHAVIOUR,KCA 260C MAZDA MATATU,False,True,False,False,False,False,False,False,False,True,False,False,False,
328,2025,KITUI,KITUI,KITUI MACHAKOS,KALANDINI,KCF 839M NISWSAN MATATU,THE VEHICLE LOST CONTROL VEERED OFF THE ROAD AND ROLLED SEVERAL TIMES,MALE,8,26.0,PASSENGER,1.0,2016-04-08 00:00:00,KITUI,M,PASSENGER,8,8.0,NUMERIC AGE,0-17,04/08,2016,4,April,8,Friday,2025,20.0,25.0,EVENING,26.0,DRIVER / CYCLIST BEHAVIOUR,KCF 839M NISWSAN MATATU,False,True,False,False,False,False,False,False,False,True,False,False,False,
329,2142,KINANGOP,NYANDARUA,NJAMBINI OLKALAO,KAMAGUTA,KAE 143N LORRY,THE VEHICLE HIT A PEDAL CYCLIST,MALE,33,98.0,PEDAL CYCLIST,1.0,2016-04-08 00:00:00,,M,P/CYCLIST,33,33.0,NUMERIC AGE,25-34,04/08,2016,4,April,8,Friday,2142,21.0,42.0,NIGHT,98.0,CAUSE NOT TRACED,KAE 143N LORRY,False,False,False,True,False,False,False,False,False,True,False,False,False,
330,1030,TIGONI,KIAMBU,NAIROBI NAIVASHA,NGARARIGA STAGE,M/CYCLE & UNKNOWN M/V,HIT AND RUN,FEMALE,A,22.0,PILLION PASSENGER,1.0,2016-04-08 00:00:00,KIAMBU,F,P/PASSENGER,A,,ADULT,,04/08,2016,4,April,8,Friday,1030,10.0,30.0,MORNING,22.0,DRIVER / CYCLIST BEHAVIOUR,M/CYCLE & UNKNOWN M/V,True,False,False,False,False,False,False,True,False,True,False,False,False,
331,2100,NAIVASHA,NAKURU,KENYATTA,GUEST INN BAR,KBK 845A TOYOTA HILUX D/CAP,THE VEHICLE KNOCKED DOWN THE VICTIM,MALE,A,63.0,PEDESTRIAN,1.0,2016-04-08 00:00:00,NAKURU,M,PEDESTRIAN,A,,ADULT,,04/08,2016,4,April,8,Friday,2100,21.0,0.0,NIGHT,63.0,PEDESTRIAN BEHAVIOUR,KBK 845A TOYOTA HILUX D/CAP,False,False,False,False,True,False,False,False,False,True,False,False,False,
332,1800,GIGIRI,NAIROBI,FOREST LIMURU,INTERCHANGE,"KBA 784T ISUZU MINI BUS,KMDG 769H BOXER",THE CYCLE WAS HIT FROM THE REAR BY THE VEHICLE,MALE,30,7.0,MOTORCYCLIST,1.0,2016-04-08 00:00:00,NAIROBI,M,M/CYCLIST,30,30.0,NUMERIC AGE,25-34,04/08,2016,4,April,8,Friday,1800,18.0,0.0,EVENING,7.0,DRIVER / CYCLIST BEHAVIOUR,"KBA 784T ISUZU MINI BUS,KMDG 769H BOXER",True,False,True,False,False,False,False,False,False,True,False,False,False,
333,1,STAREHE,NAIROBI,EATLEIGH,FIRST AVENUE,UNKNOWN M/CYCLE,HIT AND RUN,MALE,30,98.0,PEDESTRIAN,1.0,2016-04-08 00:00:00,NAIROBI,M,PEDESTRIAN,30,30.0,NUMERIC AGE,25-34,04/08,2016,4,April,8,Friday,1,0.0,1.0,NIGHT,98.0,CAUSE NOT TRACED,UNKNOWN M/CYCLE,True,False,False,False,False,False,False,True,False,True,False,False,False,
334,2330,MWIGA,NYERI,NYERI NYAHURURU,SOLIO RANCH,GKB 151 T/L,THE VEHICLE KNOCKED DOWN THE VICTIM,MALE,A,61.0,PEDESTRIAN,1.0,2016-04-08 00:00:00,NYERI,M,PEDESTRIAN,A,,ADULT,,04/08,2016,4,April,8,Friday,2330,23.0,30.0,NIGHT,61.0,PEDESTRIAN BEHAVIOUR,GKB 151 T/L,False,False,False,False,False,False,False,False,False,False,False,True,False,
335,140,MOGOTIO,NAKURU,MOGOTIO NAKURU,OLE POLES,KBU 297ANISSAN P/UP,THE VEHICLE GOT A TYRE BURST AND LOST CONTROL HITTING A TREE,MALE,A,79.0,PASSENGER,1.0,2016-04-08 00:00:00,NAKURU,M,PASSENGER,A,,ADULT,,04/08,2016,4,April,8,Friday,140,1.0,40.0,NIGHT,79.0,VEHICLE DEFECT,KBU 297ANISSAN P/UP,False,False,False,False,True,False,False,False,False,True,False,False,False,
306,530,EMBAKASI,NAIROBI,EASTERN BY PASS,UTAWALA VILLAGE,KCG 876S TOYOTA MATATU,THE VEHICLE KNOCKED DOWN THE VICTIM,MALE,A,63.0,PEDESTRIAN,1.0,2016-04-09 00:00:00,NAIROBI,M,PEDESTRIAN,A,,ADULT,,04/09,2016,4,April,9,Saturday,530,5.0,30.0,MORNING,63.0,PEDESTRIAN BEHAVIOUR,KCG 876S TOYOTA MATATU,False,True,False,False,False,False,False,False,False,True,False,False,False,
307,600,KITUI,KITUI,KITUI MACHAKOS,TIVA BRIDGE,KCE 635Z NISSAN UD BUS,THE VEHICLE KNOCKED DOWN THE VICTIM,MALE,25,63.0,PEDESTRIAN,1.0,2016-04-09 00:00:00,KITUI,M,PEDESTRIAN,25,25.0,NUMERIC AGE,25-34,04/09,2016,4,April,9,Saturday,600,6.0,0.0,MORNING,63.0,PEDESTRIAN BEHAVIOUR,KCE 635Z NISSAN UD BUS,False,False,True,False,False,False,False,False,False,True,False,False,False,
308,940,CENTRAL,NAIROBI,RACE COURSE ROAD,RONALD NGALA JUNCTION,KBX 374X ISUZU MINI BUS,THE VEHICLE RAMMED INTO THE REAR OF THE HAND CART PUSHER,MALE,A,98.0,MOTORCYCLIST,1.0,2016-04-09 00:00:00,NAIROBI,M,M/CYCLIST,A,,ADULT,,04/09,2016,4,April,9,Saturday,940,9.0,40.0,MORNING,98.0,CAUSE NOT TRACED,KBX 374X ISUZU MINI BUS,False,False,True,False,False,False,False,False,False,True,False,False,False,
309,915,MAKINDU,MAKUENI,NAIROBI MOMBASA,MBUI NZAU MARKET,KCG 403P SHACH MAN LORRY & KCF 082Q TOYOTA PROBOX,HEAD ON COLLISION,MALE,A,10.0,DRIVER,1.0,2016-04-09 00:00:00,MAKUENI,M,DRIVER,A,,ADULT,,04/09,2016,4,April,9,Saturday,915,9.0,15.0,MORNING,10.0,DRIVER / CYCLIST BEHAVIOUR,KCG 403P SHACH MAN LORRY & KCF 082Q TOYOTA PROBOX,False,False,False,True,False,False,True,False,False,True,False,False,False,
310,915,MAKINDU,MAKUENI,NAIROBI MOMBASA,MBUI NZAU MARKET,KCG 403P SHACH MAN LORRY & KCF 082Q TOYOTA PROBOX,HEAD ON COLLISION,MALE,A,10.0,PASSENGER,3.0,2016-04-09 00:00:00,MAKUENI,M,PASSENGER,A,,ADULT,,04/09,2016,4,April,9,Saturday,915,9.0,15.0,MORNING,10.0,DRIVER / CYCLIST BEHAVIOUR,KCG 403P SHACH MAN LORRY & KCF 082Q TOYOTA PROBOX,False,False,False,True,False,False,True,False,False,True,False,False,False,
311,904,BUNGOMA,BUNGOMA,BUNGOMA MUMIAS,KEMIGET AREA,KAB 686E ISUZU LORRY,THE VEHICLE KNOCKED DOWN THE VICTIM,MALE,39,29.0,PEDESTRIAN,1.0,2016-04-09 00:00:00,BUNGOMA,M,PEDESTRIAN,39,39.0,NUMERIC AGE,35-44,04/09,2016,4,April,9,Saturday,904,9.0,4.0,MORNING,29.0,DRIVER / CYCLIST BEHAVIOUR,KAB 686E ISUZU LORRY,False,False,False,True,False,False,False,False,False,True,False,False,False,
312,1240,KASARANI,NAIROBI,THIKA SUPERHIGHWAY,GOSHEN FLY OVER,KCA 233L ISUZU MINI BUS & KMDD 234M YAMAHA,THE VEHICLE HIT THE M/CYCLIST,MALE,A,11.0,MOTORCYCLIST,1.0,2016-04-09 00:00:00,NAIROBI,M,M/CYCLIST,A,,ADULT,,04/09,2016,4,April,9,Saturday,1240,12.0,40.0,AFTERNOON,11.0,DRIVER / CYCLIST BEHAVIOUR,KCA 233L ISUZU MINI BUS & KMDD 234M YAMAHA,True,False,True,False,False,False,False,False,False,True,False,False,False,
313,1100,MAUA,MERU,MAUA MERU,KIRINYAGA TRADING CENTRE,KAJ 416B TOYOTA SALOON,THE VEHICLE KNOCKED DOWN THE VICTIM,MALE,42,79.0,PEDESTRIAN,1.0,2016-04-09 00:00:00,MERU,M,PEDESTRIAN,42,42.0,NUMERIC AGE,35-44,04/09,2016,4,April,9,Saturday,1100,11.0,0.0,MORNING,79.0,VEHICLE DEFECT,KAJ 416B TOYOTA SALOON,False,False,False,False,False,False,True,False,False,True,False,False,False,
314,1430,KITALE,TRANS NZOIA,KITALE ELDORET,MAILI SABA AREA,KCA 429K TOYOTA MARK X & KMDL 413B SKYGO,HEAD ON COLLISION,MALE,21,8.0,MOTORCYCLIST,1.0,2016-04-09 00:00:00,TRANS NZOIA,M,M/CYCLIST,21,21.0,NUMERIC AGE,18-24,04/09,2016,4,April,9,Saturday,1430,14.0,30.0,AFTERNOON,8.0,DRIVER / CYCLIST BEHAVIOUR,KCA 429K TOYOTA MARK X & KMDL 413B SKYGO,True,False,False,False,False,False,True,False,False,True,False,False,False,
315,1500,INDO AREA,NAIROBI,MOMBASA ROAD,NEAR VISION PLAZA,KBX 530S T/MATATU,THE VEHICLE KNOCKED DOWN THE VICTIM,MALE,A,63.0,PEDESTRIAN,1.0,2016-04-09 00:00:00,NAIROBI,M,PEDESTRIAN,A,,ADULT,,04/09,2016,4,April,9,Saturday,1500,15.0,0.0,AFTERNOON,63.0,PEDESTRIAN BEHAVIOUR,KBX 530S T/MATATU,False,True,False,False,False,False,False,False,False,True,False,False,False,
316,1750,MARIAKANI,KILIFI,NAIROBI MOMBASA,MARIAKANI TOWNSHIP,KBW 589U/ZE 3943 ACTROS TRAILER & UNREGISTERED M/CYCLE,THE VEHICLE HIT THE M/CYCLIST,MALE,A,26.0,MOTORCYCLIST,1.0,2016-04-09 00:00:00,KILIFI,M,M/CYCLIST,A,,ADULT,,04/09,2016,4,April,9,Saturday,1750,17.0,50.0,EVENING,26.0,DRIVER / CYCLIST BEHAVIOUR,KBW 589U/ZE 3943 ACTROS TRAILER & UNREGISTERED M/CYCLE,True,False,False,True,False,False,False,False,True,True,False,False,False,
317,1750,MARIAKANI,KILIFI,NAIROBI MOMBASA,MARIAKANI TOWNSHIP,KBW 589U/ZE 3943 ACTROS TRAILER & UNREGISTERED M/CYCLE,THE VEHICLE HIT THE M/CYCLIST,MALE,A,26.0,PILLION PASSENGER,1.0,2016-04-09 00:00:00,KILIFI,M,P/PASSENGER,A,,ADULT,,04/09,2016,4,April,9,Saturday,1750,17.0,50.0,EVENING,26.0,DRIVER / CYCLIST BEHAVIOUR,KBW 589U/ZE 3943 ACTROS TRAILER & UNREGISTERED M/CYCLE,True,False,False,True,False,False,False,False,True,True,False,False,False,
318,1730,BURETI,BOMET,LITEIN SOTIK,DARAJA SITA AREA,KCD 464Q ISUZU CANTER & KMCY 087J TVS,THE CYCLE RAMMED INTO THE REAR OF THE LORRY,MALE,A,10.0,MOTORCYCLIST,1.0,2016-04-09 00:00:00,BOMET,M,M/CYCLIST,A,,ADULT,,04/09,2016,4,April,9,Saturday,1730,17.0,30.0,EVENING,10.0,DRIVER / CYCLIST BEHAVIOUR,KCD 464Q ISUZU CANTER & KMCY 087J TVS,True,False,False,True,False,False,False,False,False,True,False,False,False,
319,1845,NYALI,MOMBASA,MOMBASA MALINDI,MSHOMORONI AREA,KBY 344V ISUZU MINI BUS,THE VEHICLE KNOCKED DOWN THE VICTIM,MALE,A,8.0,PEDAL CYCLIST,1.0,2016-04-09 00:00:00,MOMBASA,M,P/CYCLIST,A,,ADULT,,04/09,2016,4,April,9,Saturday,1845,18.0,45.0,EVENING,8.0,DRIVER / CYCLIST BEHAVIOUR,KBY 344V ISUZU MINI BUS,False,False,True,False,False,False,False,False,False,True,False,False,False,
320,2000,KISUMU,KISUMU,KISUMU NAIROBI,WELLS PETROL STATION,GKB TOYOTA L/CRUISER,THE VEHICLE KNOCKED DOWN THE VICTIM,FEMALE,26,68.0,PEDESTRIAN,1.0,2016-04-09 00:00:00,KISUMU,F,PEDESTRIAN,26,26.0,NUMERIC AGE,25-34,04/09,2016,4,April,9,Saturday,2000,20.0,0.0,EVENING,68.0,PEDESTRIAN BEHAVIOUR,GKB TOYOTA L/CRUISER,False,False,False,False,False,False,True,False,False,True,False,False,False,
321,2100,MARIAKANI,KILIFI,MOMBASA NAIROBI,KIZURINI AREA,UNKNOWN M/V,HIT AND RUN,FEMALE,A,8.0,PILLION PASSENGER,1.0,2016-04-09 00:00:00,KILIFI,F,P/PASSENGER,A,,ADULT,,04/09,2016,4,April,9,Saturday,2100,21.0,0.0,NIGHT,8.0,DRIVER / CYCLIST BEHAVIOUR,UNKNOWN M/V,False,False,False,False,False,False,False,True,False,True,False,False,False,
322,2230,EMBAKASI,NAIROBI,MOMBASA ROAD,NEAR AIRPORT JUNCTION,UNKNOWN M/V,HIT AND RUN,MALE,32,7.0,PEDESTRIAN,1.0,2016-04-09 00:00:00,NAIROBI,M,PEDESTRIAN,32,32.0,NUMERIC AGE,25-34,04/09,2016,4,April,9,Saturday,2230,22.0,30.0,NIGHT,7.0,DRIVER / CYCLIST BEHAVIOUR,UNKNOWN M/V,False,False,False,False,False,False,False,True,False,True,False,False,False,
323,1800,KISII,KISII,KISII MARANI,KEGOGI AREA,KBW 226F MITSUBISHI LORRY & KMCJ 071V TVS STAR,HEAD ON COLLISION,MALE,A,98.0,PILLION PASSENGER,1.0,2016-04-09 00:00:00,KISII,M,P/PASSENGER,A,,ADULT,,04/09,2016,4,April,9,Saturday,1800,18.0,0.0,EVENING,98.0,CAUSE NOT TRACED,KBW 226F MITSUBISHI LORRY & KMCJ 071V TVS STAR,True,False,False,True,False,False,False,False,False,True,False,False,False,
324,2330,JUJA,KIAMBU,THIKA SUPERHIGHWAY,NEAR JUJA POLICE STATION,KBV 959F TOYOTA LEXUS,THE VEHICLE KNOCKED DOWN THE VICTIM,FEMALE,16,17.0,PEDESTRIAN,1.0,2016-04-09 00:00:00,KIAMBU,F,PEDESTRIAN,16,16.0,NUMERIC AGE,0-17,04/09,2016,4,April,9,Saturday,2330,23.0,30.0,NIGHT,17.0,DRIVER / CYCLIST BEHAVIOUR,KBV 959F TOYOTA LEXUS,False,False,False,False,False,False,False,False,False,False,False,True,False,
294,1015,NAROK,NAROK,NAROK MAIMAHIU,NEAR SUSWA,KCF 342S PROBOX,THE VEHICLE LOST CONTROL AND OVERTURNED,MALE,26,26.0,PASSENGER,1.0,2016-04-10 00:00:00,NAROK,M,PASSENGER,26,26.0,NUMERIC AGE,25-34,04/10,2016,4,April,10,Sunday,1015,10.0,15.0,MORNING,26.0,DRIVER / CYCLIST BEHAVIOUR,KCF 342S PROBOX,False,False,False,False,False,False,True,False,False,True,False,False,False,
295,1140,MAKUENI,MAKUENI,MOMBASA NAIROBI,KAMBU AREA,KCC 461X T/AXIO & KCD 284X/ZE 7560 ACTROS,THE VEHICLE RAMMED INTO THE TRAILER,MALE,40,29.0,DRIVER,1.0,2016-04-10 00:00:00,MAKUENI,M,DRIVER,40,40.0,NUMERIC AGE,35-44,04/10,2016,4,April,10,Sunday,1140,11.0,40.0,MORNING,29.0,DRIVER / CYCLIST BEHAVIOUR,KCC 461X T/AXIO & KCD 284X/ZE 7560 ACTROS,False,False,False,True,False,False,False,False,False,True,False,False,False,
296,1105,BUNGOMA,BUNGOMA,BUNGOMA MUMIAS,KABULA AREA,KBS 468J & KMDQ 328H,THE VEHICLE HIT THE M/CYCLIST,MALE,A,36.0,MOTORCYCLIST,1.0,2016-04-10 00:00:00,BUNGOMA,M,M/CYCLIST,A,,ADULT,,04/10,2016,4,April,10,Sunday,1105,11.0,5.0,MORNING,36.0,DRIVER / CYCLIST BEHAVIOUR,KBS 468J & KMDQ 328H,False,False,False,False,False,False,False,False,False,False,False,True,False,
297,1105,BUNGOMA,BUNGOMA,BUNGOMA MUMIAS,KABULA AREA,KBS 468J & KMDQ 328H,THE VEHICLE HIT THE M/CYCLIST,MALE,A,36.0,PILLION PASSENGER,1.0,2016-04-10 00:00:00,BUNGOMA,M,P/PASSENGER,A,,ADULT,,04/10,2016,4,April,10,Sunday,1105,11.0,5.0,MORNING,36.0,DRIVER / CYCLIST BEHAVIOUR,KBS 468J & KMDQ 328H,False,False,False,False,False,False,False,False,False,False,False,True,False,
298,100,EMBAKASI,NAIROBI,MOMBASA,AIRPORT FLY OVER,KBC 723J T/CALDINA,THE VEHICLE LOST CONTROL AND KNOCKED DOWN THE VICTIM,MALE,A,26.0,PEDESTRIAN,1.0,2016-04-10 00:00:00,NAIROBI,M,PEDESTRIAN,A,,ADULT,,04/10,2016,4,April,10,Sunday,100,1.0,0.0,NIGHT,26.0,DRIVER / CYCLIST BEHAVIOUR,KBC 723J T/CALDINA,False,False,False,False,False,False,False,False,False,False,False,True,False,
299,1400,NYANDARUA,LAIKIPIA,NYERI NYAHURURU,MAIRO INYA AREA,KMDP 029W DAYUN & KMDJ 232J RANGER,HEAD ON COLLISION,MALE,23,10.0,MOTORCYCLIST,1.0,2016-04-10 00:00:00,NYAHURURU,M,M/CYCLIST,23,23.0,NUMERIC AGE,18-24,04/10,2016,4,April,10,Sunday,1400,14.0,0.0,AFTERNOON,10.0,DRIVER / CYCLIST BEHAVIOUR,KMDP 029W DAYUN & KMDJ 232J RANGER,True,False,False,False,False,False,False,False,False,True,False,False,False,
300,1945,GARISSA,GARISSA,GARISSA MWINGI,FRONTIER JUNCTION,KMCU 212U PREMIER,THE CYCLE LOST CONTROL AND THE VICTIM FELL DOWN,MALE,32,21.0,MOTORCYCLIST,1.0,2016-04-10 00:00:00,GARISSA,M,M/CYCLIST,32,32.0,NUMERIC AGE,25-34,04/10,2016,4,April,10,Sunday,1945,19.0,45.0,EVENING,21.0,DRIVER / CYCLIST BEHAVIOUR,KMCU 212U PREMIER,False,False,False,False,False,False,False,False,False,False,False,True,False,
301,1955,NAROK,NAROK,NAROK MULOT,NAROK TOEN,UNKNOWN M/V,HIT AND RUN,MALE,30,61.0,PEDESTRIAN,1.0,2016-04-10 00:00:00,NAROK,M,PEDESTRIAN,30,30.0,NUMERIC AGE,25-34,04/10,2016,4,April,10,Sunday,1955,19.0,55.0,EVENING,61.0,PEDESTRIAN BEHAVIOUR,UNKNOWN M/V,False,False,False,False,False,False,False,True,False,True,False,False,False,
302,2030,OYUGIS,HOMA BAY,OYUGIS KISUMU,MIGAI AREA,UNKNOWN M/V,HIT AND RUN,MALE,30,98.0,MOTORCYCLIST,1.0,2016-04-10 00:00:00,HOMA BAY,M,M/CYCLIST,30,30.0,NUMERIC AGE,25-34,04/10,2016,4,April,10,Sunday,2030,20.0,30.0,EVENING,98.0,CAUSE NOT TRACED,UNKNOWN M/V,False,False,False,False,False,False,False,True,False,True,False,False,False,
303,2000,MOI'S BRIDGE,BARINGO,KITALE ELDORET,MUSALABA YELLOW AREA,KCB 491Z T/MATATU,THE VEHICLE KNOCKED DOWN THE VICTIM,MALE,40,68.0,PEDESTRIAN,1.0,2016-04-10 00:00:00,BARINGO,M,PEDESTRIAN,40,40.0,NUMERIC AGE,35-44,04/10,2016,4,April,10,Sunday,2000,20.0,0.0,EVENING,68.0,PEDESTRIAN BEHAVIOUR,KCB 491Z T/MATATU,False,True,False,False,False,False,False,False,False,True,False,False,False,
304,1000,KIKUYU,KIAMBU,ONDIRE KIKUYU,KWAMATHERA AREA,UNKNOWN M/V,HIT AND RUN,MALE,25,86.0,MOTORCYCLIST,1.0,2016-04-10 00:00:00,KIAMBU,M,M/CYCLIST,25,25.0,NUMERIC AGE,25-34,04/10,2016,4,April,10,Sunday,1000,10.0,0.0,MORNING,86.0,VEHICLE DEFECT,UNKNOWN M/V,False,False,False,False,False,False,False,True,False,True,False,False,False,
305,2100,BUNGOMA,BUNGOMA,BUNGOMA WEBUYE,MWABANGA AREA,KCB 369B N/MATATU,THE VEHICLE KNOCKED DOWN THE VICTIM,MALE,A,47.0,PEDESTRIAN,1.0,2016-04-10 00:00:00,BUNGOMA,M,PEDESTRIAN,A,,ADULT,,04/10,2016,4,April,10,Sunday,2100,21.0,0.0,NIGHT,47.0,DRIVER / CYCLIST BEHAVIOUR,KCB 369B N/MATATU,False,True,False,False,False,False,False,False,False,True,False,False,False,
291,1630,NAIVASHA,NAKURU,NAIROBI NAKURU,KCC,KCG 313H/ZC 8663 AXOR UNKNOWN M/CYCLE,THE CYCLE HIT THE GUARD RAIL OF THE TRAILER AND FELL DOWN,MALE,A,10.0,MOTORCYCLIST,1.0,2016-04-11 00:00:00,NAKURU,M,M/CYCLIST,A,,ADULT,,04/11,2016,4,April,11,Monday,1630,16.0,30.0,AFTERNOON,10.0,DRIVER / CYCLIST BEHAVIOUR,KCG 313H/ZC 8663 AXOR UNKNOWN M/CYCLE,True,False,False,False,False,False,False,True,False,True,False,False,False,
292,2000,INDO AREA,NAIROBI,MOMBASA,VISION PLAZA,UNKNOWN M/V,HIT AND RUN,MALE,A,98.0,PEDESTRIAN,1.0,2016-04-11 00:00:00,NAIROBI,M,PEDESTRIAN,A,,ADULT,,04/11,2016,4,April,11,Monday,2000,20.0,0.0,EVENING,98.0,CAUSE NOT TRACED,UNKNOWN M/V,False,False,False,False,False,False,False,True,False,True,False,False,False,
293,2300,SULTAN,MAKUENI,NAIROBI MOMBASA,MLIMA MAZIWA,KBJ 789M/ZB 6242 TRAILER,THE VEHICLE ROLLED SEVERAL TIMES,MALE,A,98.0,PASSENGER,1.0,2016-04-11 00:00:00,MAKUENI,M,PASSENGER,A,,ADULT,,04/11,2016,4,April,11,Monday,2300,23.0,0.0,NIGHT,98.0,CAUSE NOT TRACED,KBJ 789M/ZB 6242 TRAILER,False,False,False,False,False,False,False,False,True,True,False,False,False,
286,800,BURUBURU,NAIROBI,KOMAROCK ROAD,WAMWERE STAGE,KBX 547Y MITSUBISHI LORRY & KMDS 262D RANGER,THE VEHICLE HIT THE M/CYCLE,MALE,A,26.0,MOTORCYCLIST,1.0,2016-04-12 00:00:00,NAIROBI,M,M/CYCLIST,A,,ADULT,,04/12,2016,4,April,12,Tuesday,800,8.0,0.0,MORNING,26.0,DRIVER / CYCLIST BEHAVIOUR,KBX 547Y MITSUBISHI LORRY & KMDS 262D RANGER,False,False,False,True,False,False,False,False,False,True,False,False,False,
287,1105,LARI,KIAMBU,NAIVASHA NAIROBI,KIMENDE AREA,KBN 174V TOYOTA MATATU(NYAMAKIMA SACCO) & KVG 129G TOYOTA MATATU,THE KBN 174V HIT THE OTHER VEHICLE,FEMALE,A,15.0,PASSENGER,1.0,2016-04-12 00:00:00,KIAMBU,F,PASSENGER,A,,ADULT,,04/12,2016,4,April,12,Tuesday,1105,11.0,5.0,MORNING,15.0,DRIVER / CYCLIST BEHAVIOUR,KBN 174V TOYOTA MATATU(NYAMAKIMA SACCO) & KVG 129G TOYOTA MATATU,False,True,False,False,False,False,False,False,False,True,False,False,False,
288,645,LIKONI,MOMBASA,UKUNDA LIKONI,MANYATTA AREA,KMDV 473D SKYGO,THE CYCLE LOST CONTROL AND FELL DOWN,FEMALE,3 MONTHS,10.0,PILLION PASSENGER,1.0,2016-04-12 00:00:00,MOMBASA,F,P/PASSENGER,3 MONTHS,,UNKNOWN,,04/12,2016,4,April,12,Tuesday,645,6.0,45.0,MORNING,10.0,DRIVER / CYCLIST BEHAVIOUR,KMDV 473D SKYGO,True,False,False,False,False,False,False,False,False,True,False,False,False,
289,1350,STAREHE,NAIROBI,MAX ROAD,MBUTHIA AREA,KCF 601U HINO CANTER,THE VEHICLE KNOCKED DOWN THE VICTIM WHILE CROSSING THE ROAD,MALE,6,64.0,PEDESTRIAN,1.0,2016-04-12 00:00:00,NAIROBI,M,PEDESTRIAN,6,6.0,NUMERIC AGE,0-17,04/12,2016,4,April,12,Tuesday,1350,13.0,50.0,AFTERNOON,64.0,PEDESTRIAN BEHAVIOUR,KCF 601U HINO CANTER,False,False,False,True,False,False,False,False,False,True,False,False,False,
290,2140,MAKUYU,MURANG'A,KENOL SAGANA,NEAR MURANGA TEACHERS COLLEGE,KBJ 662Y/ZD 2439 M/BENZ TRAILER & KCB 864T TOYOTA SALOON,THE TRAILER FELL DOWN AND LANDED ON THE SALOON CAR,MIXED,"39,30,40,33, & 30",98.0,PASSENGER,5.0,2016-04-12 00:00:00,MURANG'A,2M & 3F,PASSENGER,"39,30,40,33, & 30",,UNKNOWN,,04/12,2016,4,April,12,Tuesday,2140,21.0,40.0,NIGHT,98.0,CAUSE NOT TRACED,KBJ 662Y/ZD 2439 M/BENZ TRAILER & KCB 864T TOYOTA SALOON,False,False,False,False,False,False,True,False,True,True,False,False,False,
279,610,MOLO,NAKURU,NAKURU ELDORET,KERONGA AREA,KBW 766/ZE 4430 M/BENZ,THE VEHICLE KNOCKED DOWN THE VICTIM WHILE CROSSING THE ROAD,MALE,A,63.0,PEDESTRIAN,1.0,2016-04-13 00:00:00,NAKURU,M,PEDESTRIAN,A,,ADULT,,4/13/16,2016,4,April,13,Wednesday,610,6.0,10.0,MORNING,63.0,PEDESTRIAN BEHAVIOUR,KBW 766/ZE 4430 M/BENZ,False,False,False,False,False,False,False,False,False,False,False,True,False,
280,945,MTWAPA,KILIFI,MOMBASA KILIFI,MTWAPA BRIDGE,KMDQ 360Q BOXER & UNKNOWN M/V,HIT AND RUN,MALE,28,98.0,MOTORCYCLIST,1.0,2016-04-13 00:00:00,KILIFI,M,M/CYCLIST,28,28.0,NUMERIC AGE,25-34,4/13/16,2016,4,April,13,Wednesday,945,9.0,45.0,MORNING,98.0,CAUSE NOT TRACED,KMDQ 360Q BOXER & UNKNOWN M/V,True,False,False,False,False,False,False,True,False,True,False,False,False,
281,1130,ATHI RIVER,MACHAKOS,NAIROBI MACHAKOS,MTO MAWE AREA,KAQ 009Q SALOON & KBY 475Q TATA LORRY,HEAD ON COLLISION,MALE,A,29.0,DRIVER,1.0,2016-04-13 00:00:00,MACHAKOS,M,DRIVER,A,,ADULT,,4/13/16,2016,4,April,13,Wednesday,1130,11.0,30.0,MORNING,29.0,DRIVER / CYCLIST BEHAVIOUR,KAQ 009Q SALOON & KBY 475Q TATA LORRY,False,False,False,True,False,False,True,False,False,True,False,False,False,
282,1530,NAKURU,NAKURU,NAKURU ELDORET,OPPOSITE KENOL PETROL STATION,KBV 569L ISUZU LORRY,THE VEHICLE KNOCKED DOWN THE VICTIM WHILE CROSSING THE ROAD,MALE,30,60.0,PEDESTRIAN,1.0,2016-04-13 00:00:00,NAKURU,M,PEDESTRIAN,30,30.0,NUMERIC AGE,25-34,4/13/16,2016,4,April,13,Wednesday,1530,15.0,30.0,AFTERNOON,60.0,PEDESTRIAN BEHAVIOUR,KBV 569L ISUZU LORRY,False,False,False,True,False,False,False,False,False,True,False,False,False,
283,1750,MTWAPA,KILIFI,MOMBASA KILIFI,SHAURI MOYO AREA,KBX 987Y N/MATATU & KCA 003P HARRIER,THE HARRIER COLLIDED HEAD ON WITH THE ONCOMING MATATU,MALE,24,10.0,PASSENGER,1.0,2016-04-13 00:00:00,KILIFI,M,PASSENGER,24,24.0,NUMERIC AGE,18-24,4/13/16,2016,4,April,13,Wednesday,1750,17.0,50.0,EVENING,10.0,DRIVER / CYCLIST BEHAVIOUR,KBX 987Y N/MATATU & KCA 003P HARRIER,False,True,False,False,False,False,True,False,False,True,False,False,False,
284,1550,STAPOL MAGUNGA,HOMA BAY,KIGOTO MAGUNGA,NYABURU AREA,KMDA 700D BOXER,THE VEHICLE KNOCKED DOWN THE VICTIM WHILE CROSSING THE ROAD,FEMALE,13,68.0,PEDESTRIAN,1.0,2016-04-13 00:00:00,HOMA BAY,F,PEDESTRIAN,13,13.0,NUMERIC AGE,0-17,4/13/16,2016,4,April,13,Wednesday,1550,15.0,50.0,AFTERNOON,68.0,PEDESTRIAN BEHAVIOUR,KMDA 700D BOXER,True,False,False,False,False,False,False,False,False,True,False,False,False,
285,100,RUIRU,KIAMBU,NAIROBI THIKA,KIHUNGURO BUMPS AREA,UNKNOWN M/V,HIT AND RUN,FEMALE,30,14.0,PEDESTRIAN,1.0,2016-04-13 00:00:00,KIAMBU,F,PEDESTRIAN,30,30.0,NUMERIC AGE,25-34,4/13/16,2016,4,April,13,Wednesday,100,1.0,0.0,NIGHT,14.0,DRIVER / CYCLIST BEHAVIOUR,UNKNOWN M/V,False,False,False,False,False,False,False,True,False,True,False,False,False,
273,530,NAROK,NAROK,MAIMAHIU NAROK,MALTURS AREA,KBY 053T ISUZU D/MAX,THE VEHICLE LOST CONTROL AND VEERED OFF THE ROAD,MALE,A,26.0,PASSENGER,1.0,2016-04-14 00:00:00,NAROK,M,PASSENGER,A,,ADULT,,4/14/16,2016,4,April,14,Thursday,530,5.0,30.0,MORNING,26.0,DRIVER / CYCLIST BEHAVIOUR,KBY 053T ISUZU D/MAX,False,False,False,False,False,False,False,False,False,False,False,True,False,
274,700,DTEO STAREHE,NAIROBI,MURANGA,K.I.E,KCF 098J ISUZU BUS,THE VICTIM ALIGHTED WHILE THE VEHICLE WAS IN MOTION,MALE,A,69.0,PASSENGER,1.0,2016-04-14 00:00:00,NAIROBI,M,PASSENGER,A,,ADULT,,4/14/16,2016,4,April,14,Thursday,700,7.0,0.0,MORNING,69.0,PASSENGER / ATTENDANT,KCF 098J ISUZU BUS,False,False,True,False,False,False,False,False,False,True,False,False,False,
275,1930,BONDO,KISUMU,USENGE BEACH ROAD,USENGE TOWNSHIP,KMDJ 458B BAJAJ,THE VEHICLE KNOCKED DOWN THE VICTIM WHILE CROSSING THE ROAD,MALE,35,26.0,PEDESTRIAN,1.0,2016-04-14 00:00:00,KISUMU,M,PEDESTRIAN,35,35.0,NUMERIC AGE,35-44,4/14/16,2016,4,April,14,Thursday,1930,19.0,30.0,EVENING,26.0,DRIVER / CYCLIST BEHAVIOUR,KMDJ 458B BAJAJ,True,False,False,False,False,False,False,False,False,True,False,False,False,
276,2000,MAKUPA,MOMBASA,MAKUPA CAUSEWAY(KIPARANI),NEAR RAILWAY BRIDGE,KBB 428M SALOON,THE VEHICLE KNOCKED DOWN THE VICTIM WHILE CROSSING THE ROAD,MALE,A,63.0,PEDESTRIAN,1.0,2016-04-14 00:00:00,MOMBASA,M,PEDESTRIAN,A,,ADULT,,4/14/16,2016,4,April,14,Thursday,2000,20.0,0.0,EVENING,63.0,PEDESTRIAN BEHAVIOUR,KBB 428M SALOON,False,False,False,False,False,False,True,False,False,True,False,False,False,
277,2215,SULTAN HAMUD,MACHAKOS,NAIROBI MOMBASA,SALAMA TRADING CENTRE,UNKNOWN M/V,HIT AND RUN,MALE,43,98.0,PEDESTRIAN,1.0,2016-04-14 00:00:00,MACHAKOS,M,PEDESTRIAN,43,43.0,NUMERIC AGE,35-44,4/14/16,2016,4,April,14,Thursday,2215,22.0,15.0,NIGHT,98.0,CAUSE NOT TRACED,UNKNOWN M/V,False,False,False,False,False,False,False,True,False,True,False,False,False,
278,2315,NYANDO,HOMA BAY,AHERO KISUMU,NEAR AWASI,KBY 450V SCANIA BUS,THE VEHICLE KNOCKED DOWN THE VICTIM WHILE CROSSING THE ROAD,MALE,A,60.0,PEDESTRIAN,1.0,2016-04-14 00:00:00,HOMA BAY,M,PEDESTRIAN,A,,ADULT,,4/14/16,2016,4,April,14,Thursday,2315,23.0,15.0,NIGHT,60.0,PEDESTRIAN BEHAVIOUR,KBY 450V SCANIA BUS,False,False,True,False,False,False,False,False,False,True,False,False,False,
262,700,AWENDO,MIGORI,AWENDO MIGORI,LWALA,"KCC 275B MITSUBISHI FUSO,KCB 391E TOYOTA FIELDER",THE FIELDER RAMMED INTO THE MITSUBISHI,MALE,18,29.0,DRIVER,1.0,2016-04-15 00:00:00,MIGORI,M,DRIVER,18,18.0,NUMERIC AGE,18-24,4/15/16,2016,4,April,15,Friday,700,7.0,0.0,MORNING,29.0,DRIVER / CYCLIST BEHAVIOUR,"KCC 275B MITSUBISHI FUSO,KCB 391E TOYOTA FIELDER",False,False,False,True,False,False,True,False,False,True,False,False,False,
263,830,SULTAN HAMUD,MAKUENI,KIKOKO NUNGUNI,KISYANI,"KMCN 912T TVS STAR,KCC 583L TOYOTA MATATU",HEAD ON COLLISION,MALE,50,29.0,MOTORCYCLIST,1.0,2016-04-15 00:00:00,MAKUENI,M,M/CYCLIST,50,50.0,NUMERIC AGE,45-54,4/15/16,2016,4,April,15,Friday,830,8.0,30.0,MORNING,29.0,DRIVER / CYCLIST BEHAVIOUR,"KMCN 912T TVS STAR,KCC 583L TOYOTA MATATU",True,True,False,False,False,False,False,False,False,True,False,False,False,
264,1300,NAROK,NAROK,MULOT NAROK,KUTETE,KCC 939X ISUZU LORRY,THE VEHICLE KNOCKED DOWN THE VICTIM WHILE CROSSING THE ROAD,FEMALE,12,60.0,PEDESTRIAN,1.0,2016-04-15 00:00:00,NAROK,F,PEDESTRIAN,12,12.0,NUMERIC AGE,0-17,4/15/16,2016,4,April,15,Friday,1300,13.0,0.0,AFTERNOON,60.0,PEDESTRIAN BEHAVIOUR,KCC 939X ISUZU LORRY,False,False,False,True,False,False,False,False,False,True,False,False,False,
265,1200,MOI'S BRIDGE,TRANS NZOIA,KITALE ELDORET,CHEMOSIT,"KBC 667N TOYOTA TOWNACE(MATATU),KMDF 282J TVS",THE M/CYCLE WAS HIT BY THE MATATU,MALE,50,10.0,MOTORCYCLIST,1.0,2016-04-15 00:00:00,TRANS NZOIA,M,M/CYCLIST,50,50.0,NUMERIC AGE,45-54,4/15/16,2016,4,April,15,Friday,1200,12.0,0.0,AFTERNOON,10.0,DRIVER / CYCLIST BEHAVIOUR,"KBC 667N TOYOTA TOWNACE(MATATU),KMDF 282J TVS",True,True,False,False,False,False,False,False,False,True,True,False,False,
266,1420,MTITO ANDEI,MAKUENI,MTITO TOWNSHIP,MTITO TOWNSHIP,KBN 434B/ZE 039Z ACTROS,HEAD ON COLLISION WITH ANOTHER TRAILER,MALE,22,68.0,PASSENGER,1.0,2016-04-15 00:00:00,MAKUENI,M,PASSENGER,22,22.0,NUMERIC AGE,18-24,4/15/16,2016,4,April,15,Friday,1420,14.0,20.0,AFTERNOON,68.0,PEDESTRIAN BEHAVIOUR,KBN 434B/ZE 039Z ACTROS,False,False,False,True,False,False,False,False,False,True,False,False,False,
267,1500,NYANDO,KISUMU,ONYWONGO PAP ONDITI,KOGUOM,"KBW 405K TOYOTA ALION,KMDC 058R BOXER",THE VEHICLE KNOCKED DOWN THE M/CYCLIST,FEMALE,71,22.0,PILLION PASSENGER,1.0,2016-04-15 00:00:00,KISUMU,F,P/PASSENGER,71,71.0,NUMERIC AGE,65+,4/15/16,2016,4,April,15,Friday,1500,15.0,0.0,AFTERNOON,22.0,DRIVER / CYCLIST BEHAVIOUR,"KBW 405K TOYOTA ALION,KMDC 058R BOXER",True,False,False,False,False,False,False,False,False,True,False,False,False,
268,1900,KILIFI,KILIFI,KILIFI MALINDI,MKOROSHONI,KAY 422M NISSAN MATATU,THE VEHICLE KNOCKED DOWN THE M/CYCLIST,MALE,17,26.0,MOTORCYCLIST,1.0,2016-04-15 00:00:00,KILIFI,M,M/CYCLIST,17,17.0,NUMERIC AGE,0-17,4/15/16,2016,4,April,15,Friday,1900,19.0,0.0,EVENING,26.0,DRIVER / CYCLIST BEHAVIOUR,KAY 422M NISSAN MATATU,False,True,False,False,False,False,False,False,False,True,False,False,False,
269,2030,KANGEMA,MURANG'A,KANGEMA MURANGA,KAHUTI JUNCTION,KBQ 248U ISUZU LORRY,"THE VEHICLE LOST CONTROL,VEERED OFF THE ROAD AND KNOCKED DOWN THE VICTIM",MALE,30,7.0,PEDESTRIAN,1.0,2016-04-15 00:00:00,MURANGA,M,PEDESTRIAN,30,30.0,NUMERIC AGE,25-34,4/15/16,2016,4,April,15,Friday,2030,20.0,30.0,EVENING,7.0,DRIVER / CYCLIST BEHAVIOUR,KBQ 248U ISUZU LORRY,False,False,False,True,False,False,False,False,False,True,False,False,False,
270,10,NAKURU,NAKURU,NAKURU NAIROBI,STATE HOUSE,KBJ 770C SUBARU LEGACY,"THE VEHICLE LOST CONTROL,VEERED OFF THE ROAD AND LANDED INTO A DITCH",MALE,A,26.0,DRIVER,1.0,2016-04-15 00:00:00,NAKURU,M,DRIVER,A,,ADULT,,4/15/16,2016,4,April,15,Friday,10,0.0,10.0,NIGHT,26.0,DRIVER / CYCLIST BEHAVIOUR,KBJ 770C SUBARU LEGACY,False,False,False,False,False,False,False,False,False,False,False,True,False,
271,120,RUIRU,KIAMBU,EASTERN BY PASS,ROLEX,UNREGISTERED D/UP,HIT AND RUN,MALE,A,61.0,PEDESTRIAN,1.0,2016-04-15 00:00:00,KIAMBU,M,PEDESTRIAN,A,,ADULT,,4/15/16,2016,4,April,15,Friday,120,1.0,20.0,NIGHT,61.0,PEDESTRIAN BEHAVIOUR,UNREGISTERED D/UP,False,False,False,False,False,False,False,False,False,False,False,True,False,
272,2100,LUANDA,VIHIGA,KISUMU BUSIA,MAGHARIBI FILLING STATION,KBB 185N TOYOTA MATATU,THE VEHICLE KNOCKED DOWN THE VICTIM,MALE,50,29.0,PEDESTRIAN,1.0,2016-04-15 00:00:00,VIHIGA,M,PEDESTRIAN,50,50.0,NUMERIC AGE,45-54,4/15/16,2016,4,April,15,Friday,2100,21.0,0.0,NIGHT,29.0,DRIVER / CYCLIST BEHAVIOUR,KBB 185N TOYOTA MATATU,False,True,False,False,False,False,False,False,False,True,False,False,False,
250,800,DTEO STAREHE,NAIROBI,JUJA,OLYMPIC PETROL STATION,UNKNOWN M/V,HIT AND RUN,MALE,A,98.0,PEDESTRIAN,1.0,2016-04-16 00:00:00,NAIROBI,M,PEDESTRIAN,A,,ADULT,,4/16/16,2016,4,April,16,Saturday,800,8.0,0.0,MORNING,98.0,CAUSE NOT TRACED,UNKNOWN M/V,False,False,False,False,False,False,False,True,False,True,False,False,False,
251,700,TARU,KILIFI,NAIROBI MOMBASA,SAMBURU AREA,KBY 994J/ZE 6869 M/BENZ ACROS & KBX 285K ISUZU SR.,THE ISUZU RAMMED INTO THE REAR OF THE TRAILER,MALE,35,7.0,DRIVER,1.0,2016-04-16 00:00:00,KILIFI,M,DRIVER,35,35.0,NUMERIC AGE,35-44,4/16/16,2016,4,April,16,Saturday,700,7.0,0.0,MORNING,7.0,DRIVER / CYCLIST BEHAVIOUR,KBY 994J/ZE 6869 M/BENZ ACROS & KBX 285K ISUZU SR.,False,False,False,False,False,False,False,False,False,False,False,True,False,
252,1430,BONDO,HOMA BAY,BONDO NDORI,NEAR ATIGO MARKET,KCA 353J PREMIO,THE VEHICLE KNOCKED DOWN THE VICTIM,FEMALE,12,98.0,PEDESTRIAN,1.0,2016-04-16 00:00:00,HOMA BAY,F,PEDESTRIAN,12,12.0,NUMERIC AGE,0-17,4/16/16,2016,4,April,16,Saturday,1430,14.0,30.0,AFTERNOON,98.0,CAUSE NOT TRACED,KCA 353J PREMIO,False,False,False,False,False,False,True,False,False,True,False,False,False,
253,1430,DTEO GIGIRI,NAIROBI,NORTHERN BY PASS,GITHOGORO AREA,KBV 033Q MITSUBISHI FH,THE VEHICLE KNOCKED DOWN THE VICTIM,FEMALE,25,98.0,PEDESTRIAN,1.0,2016-04-16 00:00:00,NAIROBI,F,PEDESTRIAN,25,25.0,NUMERIC AGE,25-34,4/16/16,2016,4,April,16,Saturday,1430,14.0,30.0,AFTERNOON,98.0,CAUSE NOT TRACED,KBV 033Q MITSUBISHI FH,False,False,False,False,False,False,False,False,False,False,False,True,False,
254,1930,LONDIANI,NAKURU,KERICHO NAKURU,CHEBEWORKWA NAHASHON AREA,UNKNOWN M/V,HIT AND RUN,MALE,27,60.0,PEDESTRIAN,1.0,2016-04-16 00:00:00,NAKURU,M,PEDESTRIAN,27,27.0,NUMERIC AGE,25-34,4/16/16,2016,4,April,16,Saturday,1930,19.0,30.0,EVENING,60.0,PEDESTRIAN BEHAVIOUR,UNKNOWN M/V,False,False,False,False,False,False,False,True,False,True,False,False,False,
255,2100,DTEO STAREHE,NAIROBI,KIAMBU,WAMBUI ROAD NEXT TO TUTHAIGA GOLF CLUB,UNKNOWN M/V,HIT AND RUN,MALE,A,98.0,PEDESTRIAN,1.0,2016-04-16 00:00:00,NAIROBI,M,PEDESTRIAN,A,,ADULT,,4/16/16,2016,4,April,16,Saturday,2100,21.0,0.0,NIGHT,98.0,CAUSE NOT TRACED,UNKNOWN M/V,False,False,False,False,False,False,False,True,False,True,False,False,False,
256,2045,NAROK,NAROK,NAROK MAIMAHIU,STIMA AREA,TRACTOR KAW 344G FURGUSON & KCF 451 N/MATATU,THE MATATU RAMMED INTO THE REAR OF THE TRACTOR,MALE,A,29.0,PASSENGER,1.0,2016-04-16 00:00:00,NAROK,M,PASSENGER,A,,ADULT,,4/16/16,2016,4,April,16,Saturday,2045,20.0,45.0,EVENING,29.0,DRIVER / CYCLIST BEHAVIOUR,TRACTOR KAW 344G FURGUSON & KCF 451 N/MATATU,False,True,False,False,False,True,False,False,False,True,False,False,False,
257,2145,MUKURWENI,NYERI,MUKURWENI KARATINA,NGOLU AREA,KCA 608F ISUZU BUS & KBM 514K PROBOX,HEAD ON COLLISION,MALE,44,8.0,DRIVER,1.0,2016-04-16 00:00:00,NYERI,M,DRIVER,44,44.0,NUMERIC AGE,35-44,4/16/16,2016,4,April,16,Saturday,2145,21.0,45.0,NIGHT,8.0,DRIVER / CYCLIST BEHAVIOUR,KCA 608F ISUZU BUS & KBM 514K PROBOX,False,False,True,False,False,False,True,False,False,True,False,False,False,
258,129,GILGIL,NAIROBI,LIMURU FOREST,LIMURU FOREST INTERCHANGE,KBQ 246U FORD P/UP & M/CY KMDA 978Q HONDA,HEAD ON COLLISION WITH AN ONCOMING VEHICLE,MALE,57,8.0,MOTORCYCLIST,1.0,2016-04-16 00:00:00,NAIROBI,M,M/CYCLIST,57,57.0,NUMERIC AGE,55-64,4/16/16,2016,4,April,16,Saturday,129,1.0,29.0,NIGHT,8.0,DRIVER / CYCLIST BEHAVIOUR,KBQ 246U FORD P/UP & M/CY KMDA 978Q HONDA,False,False,False,False,True,False,False,False,False,True,False,False,False,
259,1201,KISUMU,KISUMU,KISUMU BUSIA,KISUMU AIRPORT ROUNDABOUT,KMDV 176D HONDA,THE CYCLE LOST CONTROL AND FELL DOWN,MALE,A,36.0,MOTORCYCLIST,1.0,2016-04-16 00:00:00,KISUMU,M,M/CYCLIST,A,,ADULT,,4/16/16,2016,4,April,16,Saturday,1201,12.0,1.0,AFTERNOON,36.0,DRIVER / CYCLIST BEHAVIOUR,KMDV 176D HONDA,False,False,False,False,False,False,False,False,False,False,False,True,False,
260,1246,DTEO CENTRAL,NAIROBI,RACE COURSE,OPPOSITE KOINANGE PETROL STN,UNKNOWN M/V,HIT AND RUN,MALE,30,60.0,PEDESTRIAN,1.0,2016-04-16 00:00:00,NAIROBI,M,PEDESTRIAN,30,30.0,NUMERIC AGE,25-34,4/16/16,2016,4,April,16,Saturday,1246,12.0,46.0,AFTERNOON,60.0,PEDESTRIAN BEHAVIOUR,UNKNOWN M/V,False,False,False,False,False,False,False,True,False,True,False,False,False,
261,1605,MOLO,NAKURU,MOLO ELBAGON,NEAR LANDI AREA,KCA 898B T/SALOON & KMCF 230F TIGER,THE CYCLE RAMMED INTO THE SALOON CAR,MALE,A,39.0,MOTORCYCLIST,1.0,2016-04-16 00:00:00,NAKURU,M,M/CYCLIST,A,,ADULT,,4/16/16,2016,4,April,16,Saturday,1605,16.0,5.0,AFTERNOON,39.0,DRIVER / CYCLIST BEHAVIOUR,KCA 898B T/SALOON & KMCF 230F TIGER,False,False,False,False,False,False,True,False,False,True,False,False,False,
244,2130,BARINGO,BARINGO,MARIGAT LORUK,LORUK,KBH 833V TOYOTA LAND CRUISER,THE SAID M/V VEERED OFF THE ROAD LANDING ON RIGHT SIDE OF THE ROAD,MALE,28,26.0,DRIVER,1.0,2016-04-17 00:00:00,BARINGO,M,DRIVER,28,28.0,NUMERIC AGE,25-34,4/17/16,2016,4,April,17,Sunday,2130,21.0,30.0,NIGHT,26.0,DRIVER / CYCLIST BEHAVIOUR,KBH 833V TOYOTA LAND CRUISER,False,False,False,False,False,False,True,False,False,True,False,False,False,
245,1730,MWEA,EMBU,MWEA EMBU,KIRINYAGA,KAQ 490X T/COROLLA,THE SAID M/V KNOCKED DOWN A PEDESTIAN,FEMALE,9,36.0,PEDESTRIAN,1.0,2016-04-17 00:00:00,EMBU,F,PEDESTRIAN,9,9.0,NUMERIC AGE,0-17,4/17/16,2016,4,April,17,Sunday,1730,17.0,30.0,EVENING,36.0,DRIVER / CYCLIST BEHAVIOUR,KAQ 490X T/COROLLA,False,False,False,False,False,False,True,False,False,True,False,False,False,
246,1615,SALGA,NAKURU,NAKURU ELDORET,NAKURU TEACHERS COLLEGE,KBL 433S T/MATATU,THE SAID M/V KNOCKED DOWN A PEDESTIAN,MALE,12,63.0,PEDESTRIAN,1.0,2016-04-17 00:00:00,NAKURU,M,PEDESTRIAN,12,12.0,NUMERIC AGE,0-17,4/17/16,2016,4,April,17,Sunday,1615,16.0,15.0,AFTERNOON,63.0,PEDESTRIAN BEHAVIOUR,KBL 433S T/MATATU,False,True,False,False,False,False,False,False,False,True,False,False,False,
247,1930,MAKUPA,MOMBASA,MAKUPA CUSE WAY,DUMPING SITE,UNKNOWN M/V,HIT AND RUN,MALE,A,98.0,PEDESTRIAN,1.0,2016-04-17 00:00:00,MOMBASA,M,PEDESTRIAN,A,,ADULT,,4/17/16,2016,4,April,17,Sunday,1930,19.0,30.0,EVENING,98.0,CAUSE NOT TRACED,UNKNOWN M/V,False,False,False,False,False,False,False,True,False,True,False,False,False,
248,2200,GARISSA,GARISSA,GARISSA MWINGI,MADOGO,"KMDS 174S BOXER,KBM913S LAND CRUISER",THE SAID M/CYLIST COLLIDED HEAD ON WITH A M/V,MALE,A,98.0,MOTORCYCLIST,1.0,2016-04-17 00:00:00,GARISSA,M,M/CYCLIST,A,,ADULT,,4/17/16,2016,4,April,17,Sunday,2200,22.0,0.0,NIGHT,98.0,CAUSE NOT TRACED,"KMDS 174S BOXER,KBM913S LAND CRUISER",True,False,False,False,False,False,True,False,False,True,False,False,False,
249,1714,ATHI RIVER,MACHAKOS,NAIROBI MACHAKOS,PETER MULI SUPERMARKET,KBQ 271F TOYOTA PROBOX,UNKNOWN M/V HIT UNKNOWN PEDESTRIAN,MALE,A,98.0,PEDESTRIAN,1.0,2016-04-17 00:00:00,MACHAKOS,M,PEDESTRIAN,A,,ADULT,,4/17/16,2016,4,April,17,Sunday,1714,17.0,14.0,EVENING,98.0,CAUSE NOT TRACED,KBQ 271F TOYOTA PROBOX,False,False,False,False,False,False,True,False,False,True,False,False,False,
240,1000,TIGONI,KIAMBU,NAIROBI NAIVASHA,NGARARIGA AREA,KBY 936N TOYOTA MATATU,THE VEHICLE KNOCKED DOWN THE VICTIM,FEMALE,55,68.0,PEDESTRIAN,1.0,2016-04-18 00:00:00,KIAMBU,F,PEDESTRIAN,55,55.0,NUMERIC AGE,55-64,4/18/16,2016,4,April,18,Monday,1000,10.0,0.0,MORNING,68.0,PEDESTRIAN BEHAVIOUR,KBY 936N TOYOTA MATATU,False,True,False,False,False,False,False,False,False,True,False,False,False,
241,1630,MAKONGENI,NAIROBI,LANDHIES ROAD,NEAR SAKWA JUNCTION,KBX 232U ISUZU MINI BUS,THE VEHICLE KNOCKED DOWN UNKNOWN H/CART PUSHER,MALE,A,20.0,DRIVER,1.0,2016-04-18 00:00:00,NAIROBI,M,DRIVER,A,,ADULT,,4/18/16,2016,4,April,18,Monday,1630,16.0,30.0,AFTERNOON,20.0,DRIVER / CYCLIST BEHAVIOUR,KBX 232U ISUZU MINI BUS,False,False,True,False,False,False,False,False,False,True,False,False,False,
242,2040,MWEA,KIRINYAGA,MWEA MAKUTANO,MAKAWANI AREA,KBK 426J MITSUBISHI CANTER & UNKNOWN M/CYCLE,THE VEHICLE KNOCKED DOWN THE M/CYCLE,FEMALE,30,98.0,PILLION PASSENGER,1.0,2016-04-18 00:00:00,KIRINYAGA,F,P/PASSENGER,30,30.0,NUMERIC AGE,25-34,4/18/16,2016,4,April,18,Monday,2040,20.0,40.0,EVENING,98.0,CAUSE NOT TRACED,KBK 426J MITSUBISHI CANTER & UNKNOWN M/CYCLE,True,False,False,True,False,False,False,True,False,True,False,False,False,
243,2000,GIGIRI,NAIROBI,LOWER KABETE,NEAR SHELL PETROL STATION,KBC 045D NISSAN MATATU,THE VEHICLE KNOCKED DOWN THE VICTIM,MALE,60,14.0,PEDESTRIAN,1.0,2016-04-18 00:00:00,NAIROBI,M,PEDESTRIAN,60,60.0,NUMERIC AGE,55-64,4/18/16,2016,4,April,18,Monday,2000,20.0,0.0,EVENING,14.0,DRIVER / CYCLIST BEHAVIOUR,KBC 045D NISSAN MATATU,False,True,False,False,False,False,False,False,False,True,False,False,False,
235,700,NAIVASHA,NAKURU,MAI MAHIU NAIVASHA,KOSOVO AREA,KBT 147R/ZC 8552 SCANIA TRAILER & CGO 4449/AA07 BEIBEN TRAILER,THE SCANIA TRAILER RAMMED INTO BEIBEN TRAILER,MALE,A,10.0,DRIVER,1.0,2016-04-19 00:00:00,NAKURU,M,DRIVER,A,,ADULT,,4/19/16,2016,4,April,19,Tuesday,700,7.0,0.0,MORNING,10.0,DRIVER / CYCLIST BEHAVIOUR,KBT 147R/ZC 8552 SCANIA TRAILER & CGO 4449/AA07 BEIBEN TRAILER,False,False,False,False,False,False,False,False,True,True,False,False,False,
236,930,MUMIAS,KAKAMEGA,MUMIAS LUKOYE,MUMIAS LUKOYE JUNCTION,37CG 030A FORD EVEREST & KMDU 861D TVS STAR,THE VEHICLE KNOCKED DOWN THE MOTOR CYCLIST,MALE,J,7.0,PILLION PASSENGER,1.0,2016-04-19 00:00:00,KAKAMEGA,M,P/PASSENGER,J,,JUVENILE,,4/19/16,2016,4,April,19,Tuesday,930,9.0,30.0,MORNING,7.0,DRIVER / CYCLIST BEHAVIOUR,37CG 030A FORD EVEREST & KMDU 861D TVS STAR,True,False,False,False,False,False,True,False,False,True,False,False,False,
237,930,HOMA BAY,HOMA BAY,NDHIWA SORI,NTHIWA AREA,KCD 523W TOYOTA PROBOX,"THE VEHICLE LOST CONTROL,VEERED OFF THE ROAD AND ROLLED",MALE,A,26.0,PASSENGER,1.0,2016-04-19 00:00:00,HOMA BAY,M,PASSENGER,A,,ADULT,,4/19/16,2016,4,April,19,Tuesday,930,9.0,30.0,MORNING,26.0,DRIVER / CYCLIST BEHAVIOUR,KCD 523W TOYOTA PROBOX,False,False,False,False,False,False,True,False,False,True,False,False,False,
238,1530,MAKUPA,MOMBASA,SHIMANZI MOMBASA,NEAR SHIVA CORNER,UNKNOWN M/V,HIT AND RUN,MALE,40,98.0,PEDESTRIAN,1.0,2016-04-19 00:00:00,MOMBASA,M,PEDESTRIAN,40,40.0,NUMERIC AGE,35-44,4/19/16,2016,4,April,19,Tuesday,1530,15.0,30.0,AFTERNOON,98.0,CAUSE NOT TRACED,UNKNOWN M/V,False,False,False,False,False,False,False,True,False,True,False,False,False,
239,1330,KOIBATEK,BARINGO,MUNGOTIO RAVINE,NGOSWET AREA,KCD 986V TOYOTA COROLLA & KMDS 074S,THE VEHICLE KNOCKED DOWN THE MOTOR CYCLIST,MALE,24,8.0,MOTORCYCLIST,1.0,2016-04-19 00:00:00,BARINGO,M,M/CYCLIST,24,24.0,NUMERIC AGE,18-24,4/19/16,2016,4,April,19,Tuesday,1330,13.0,30.0,AFTERNOON,8.0,DRIVER / CYCLIST BEHAVIOUR,KCD 986V TOYOTA COROLLA & KMDS 074S,False,False,False,False,False,False,True,False,False,True,False,False,False,
226,1520,JUJA,KIAMBU,THIKA SUPERHIGHWAY,NEAR NDARUGO MOTELS,KXZ 560 ISUZU LORRY & KCD 093X DONG FENG LORRY,THE KXZ 560 RAMMED INTO THE REAR OF KCD 093X,MALE,30,7.0,DRIVER,1.0,2016-04-20 00:00:00,KIAMBU,M,DRIVER,30,30.0,NUMERIC AGE,25-34,4/20/16,2016,4,April,20,Wednesday,1520,15.0,20.0,AFTERNOON,7.0,DRIVER / CYCLIST BEHAVIOUR,KXZ 560 ISUZU LORRY & KCD 093X DONG FENG LORRY,False,False,False,True,False,False,False,False,False,True,False,False,False,
227,1620,DAGORETTI,NAIROBI,WAIYAKI WAY,NEAR KABETE ARMY BARRACKS,KBX 752Q NISSAN MATATU,THE VICTIM FELL DOWN AND WAS OVER RAN BY THE VEHICLE,MALE,25,70.0,PASSENGER,1.0,2016-04-20 00:00:00,NAIROBI,M,PASSENGER,25,25.0,NUMERIC AGE,25-34,4/20/16,2016,4,April,20,Wednesday,1620,16.0,20.0,AFTERNOON,70.0,PASSENGER / ATTENDANT,KBX 752Q NISSAN MATATU,False,True,False,False,False,False,False,False,False,True,False,False,False,
228,1525,KILIFI,KILIFI,MALINDI MOMBASA,PHUMANI AREA,KCC 715Q NISSAN MATATU,THE VEHICLE KNOCKED DOWN THE VICTIM WHILE CROSSING THE ROAD,FEMALE,90,61.0,PEDESTRIAN,1.0,2016-04-20 00:00:00,KILIFI,F,PEDESTRIAN,90,90.0,NUMERIC AGE,65+,4/20/16,2016,4,April,20,Wednesday,1525,15.0,25.0,AFTERNOON,61.0,PEDESTRIAN BEHAVIOUR,KCC 715Q NISSAN MATATU,False,True,False,False,False,False,False,False,False,True,False,False,False,
229,1830,ATHI RIVER,MACHAKOS,MAKADARA NAMAGA,NEAR BOX INN AREA,KAS 425S TOYOTA MATATU,THE VEHICLE KNOCKED DOWN THE VICTIM WHILE CROSSING THE ROAD,MALE,9,63.0,PEDESTRIAN,1.0,2016-04-20 00:00:00,MACHAKOS,M,PEDESTRIAN,9,9.0,NUMERIC AGE,0-17,4/20/16,2016,4,April,20,Wednesday,1830,18.0,30.0,EVENING,63.0,PEDESTRIAN BEHAVIOUR,KAS 425S TOYOTA MATATU,False,True,False,False,False,False,False,False,False,True,False,False,False,
230,1900,STAREHE,NAIROBI,JUJA ROAD,NEAR MOI AIR BASE,KAA 816R ISUZU LORRY,THE VEHICLE KNOCKED DOWN THE VICTIM WHILE CROSSING THE ROAD,MALE,25,42.0,PEDESTRIAN,1.0,2016-04-20 00:00:00,NAIROBI,M,PEDESTRIAN,25,25.0,NUMERIC AGE,25-34,4/20/16,2016,4,April,20,Wednesday,1900,19.0,0.0,EVENING,42.0,DRIVER / CYCLIST BEHAVIOUR,KAA 816R ISUZU LORRY,False,False,False,True,False,False,False,False,False,True,False,False,False,
231,2100,BURUBURU,NAIROBI,WITHIN DONHOLM SHOPPING CENTRE,NEAR KAMINDI SUPERMARKET,UNKNOWN M/V,HIT AND RUN,MALE,37,7.0,PEDESTRIAN,1.0,2016-04-20 00:00:00,NAIROBI,M,PEDESTRIAN,37,37.0,NUMERIC AGE,35-44,4/20/16,2016,4,April,20,Wednesday,2100,21.0,0.0,NIGHT,7.0,DRIVER / CYCLIST BEHAVIOUR,UNKNOWN M/V,False,False,False,False,False,False,False,True,False,True,False,False,False,
232,2139,EMBU,EMBU,EMBU MANYATTA,MANYATTA MARKET,KBA 195Z TOYOTA RAUM,THE VEHICLE KNOCKED DOWN THE VICTIM WHILE CROSSING THE ROAD,MALE,35,98.0,PEDESTRIAN,1.0,2016-04-20 00:00:00,EMBU,M,PEDESTRIAN,35,35.0,NUMERIC AGE,35-44,4/20/16,2016,4,April,20,Wednesday,2139,21.0,39.0,NIGHT,98.0,CAUSE NOT TRACED,KBA 195Z TOYOTA RAUM,False,False,False,False,False,False,False,False,False,False,False,True,False,
233,130,MTITO ANDEI,MAKUENI,MOMBASA NAIROBI,KENANI AREA,KBX 076S HINO BUS & KBX 859P TOYOTA SURF,THE BUS HIT THE VEHICLE AND AS RESULT THE SURF ROLLED SEVERAL TIMES,MALE,43,98.0,DRIVER,1.0,2016-04-20 00:00:00,MAKUENI,M,DRIVER,43,43.0,NUMERIC AGE,35-44,4/20/16,2016,4,April,20,Wednesday,130,1.0,30.0,NIGHT,98.0,CAUSE NOT TRACED,KBX 076S HINO BUS & KBX 859P TOYOTA SURF,False,False,True,False,False,False,True,False,False,True,False,False,False,
234,130,MTITO ANDEI,MAKUENI,MOMBASA NAIROBI,KENANI AREA,KBX 076S HINO BUS & KBX 859P TOYOTA SURF,THE BUS HIT THE VEHICLE AND AS RESULT THE SURF ROLLED SEVERAL TIMES,MALE,43,98.0,PASSENGER,1.0,2016-04-20 00:00:00,MAKUENI,M,PASSENGER,43,43.0,NUMERIC AGE,35-44,4/20/16,2016,4,April,20,Wednesday,130,1.0,30.0,NIGHT,98.0,CAUSE NOT TRACED,KBX 076S HINO BUS & KBX 859P TOYOTA SURF,False,False,True,False,False,False,True,False,False,True,False,False,False,
220,1455,MURANGA,MURANG'A,MURANGA KIRIANI,KAWERU AREA,KAD 074G TOYOTA P/UP,THE VEHICLE LOST CONTROL AND LANDED INTO A DITCH,MALE,40,7.0,DRIVER,1.0,2016-04-21 00:00:00,MURANGA,M,DRIVER,40,40.0,NUMERIC AGE,35-44,4/21/16,2016,4,April,21,Thursday,1455,14.0,55.0,AFTERNOON,7.0,DRIVER / CYCLIST BEHAVIOUR,KAD 074G TOYOTA P/UP,False,False,False,False,True,False,False,False,False,True,False,False,False,
221,1700,KAKAMEGA,KAKAMEGA,KAKAMEGA MUMIAS,MAONDO AREA,KBB 810T T/HILUX & KMDM 598E HONDA,HEAD ON COLLISION WITH M/CYCLE,FEMALE,60,10.0,PILLION PASSENGER,1.0,2016-04-21 00:00:00,KAKAMEGA,F,P/PASSENGER,60,60.0,NUMERIC AGE,55-64,4/21/16,2016,4,April,21,Thursday,1700,17.0,0.0,EVENING,10.0,DRIVER / CYCLIST BEHAVIOUR,KBB 810T T/HILUX & KMDM 598E HONDA,False,False,False,False,True,False,False,False,False,True,False,False,False,
222,1950,MAKONGENI,NAIROBI,JOGOO ROAD,NEAR LIKONI JUNCTION,UNKNOWN M/V,HIT AND RUN,MALE,A,63.0,PEDESTRIAN,1.0,2016-04-21 00:00:00,NAIROBI,M,PEDESTRIAN,A,,ADULT,,4/21/16,2016,4,April,21,Thursday,1950,19.0,50.0,EVENING,63.0,PEDESTRIAN BEHAVIOUR,UNKNOWN M/V,False,False,False,False,False,False,False,True,False,True,False,False,False,
223,2020,VIHIGA,VIHIGA,CHAVAKALI KAPSABET,MUSASA AREA,KBJ 603D MITSUBISH LORRY & KAS 427M T/MATATU,HEAD ON COLLISION,MALE,A,8.0,DRIVER,1.0,2016-04-21 00:00:00,VIHIGA,M,DRIVER,A,,ADULT,,4/21/16,2016,4,April,21,Thursday,2020,20.0,20.0,EVENING,8.0,DRIVER / CYCLIST BEHAVIOUR,KBJ 603D MITSUBISH LORRY & KAS 427M T/MATATU,False,True,False,True,False,False,False,False,False,True,False,False,False,
224,2020,VIHIGA,VIHIGA,CHAVAKALI KAPSABET,MUSASA AREA,KBJ 603D MITSUBISH LORRY & KAS 427M T/MATATU,HEAD ON COLLISION,MALE,A,8.0,PASSENGER,6.0,2016-04-21 00:00:00,VIHIGA,M,PASSENGER,A,,ADULT,,4/21/16,2016,4,April,21,Thursday,2020,20.0,20.0,EVENING,8.0,DRIVER / CYCLIST BEHAVIOUR,KBJ 603D MITSUBISH LORRY & KAS 427M T/MATATU,False,True,False,True,False,False,False,False,False,True,False,False,False,
225,1,NAKURU,NAKURU,NAKURU NAIROBI,NEAR TUSKYS SUPERMARKET,KMDT 713Y CAPTAIN,THE CYCLE LOST CONTROL AND LANDED INTO A DITCH,MALE,A,98.0,MOTORCYCLIST,1.0,2016-04-21 00:00:00,NAKURU,M,M/CYCLIST,A,,ADULT,,4/21/16,2016,4,April,21,Thursday,1,0.0,1.0,NIGHT,98.0,CAUSE NOT TRACED,KMDT 713Y CAPTAIN,False,False,False,False,False,False,False,False,False,False,False,True,False,
214,615,STAREHE,NAIROBI,THIKA SUPERHIGHWAY,DRIVE INN AREA,KBF 940S TOYOTA PREMIO,THE VEHICLE KNOCKED DOWN THE VICTIM WHILE CROSSING THE ROAD,FEMALE,A,14.0,PEDESTRIAN,1.0,2016-04-22 00:00:00,NAIROBI,F,PEDESTRIAN,A,,ADULT,,4/22/16,2016,4,April,22,Friday,615,6.0,15.0,MORNING,14.0,DRIVER / CYCLIST BEHAVIOUR,KBF 940S TOYOTA PREMIO,False,False,False,False,False,False,True,False,False,True,False,False,False,
215,1230,NAKURU,NAKURU,NAKURU NAIROBI,BAHATI JUNCTION,KAW 404T NISSAN MATATU,THE VEHICLE KNOCKED DOWN THE VICTIM WHILE CROSSING THE ROAD,MALE,28,66.0,PEDESTRIAN,1.0,2016-04-22 00:00:00,MAKURU,M,PEDESTRIAN,28,28.0,NUMERIC AGE,25-34,4/22/16,2016,4,April,22,Friday,1230,12.0,30.0,AFTERNOON,66.0,PEDESTRIAN BEHAVIOUR,KAW 404T NISSAN MATATU,False,True,False,False,False,False,False,False,False,True,False,False,False,
216,1930,GUCHA,KISII,NYANGUSU KEROKA,GESUSU AREA,KCC 193Q TOYOTA PROBOX & KBQ 127H TOYOTA TOWNACE,THE PROBOX WAS TRYING TO OVERTAKE WHEN IT WAS HIT BY THE TOWNACE,MALE,A,29.0,DRIVER,1.0,2016-04-22 00:00:00,KISII,M,DRIVER,A,,ADULT,,4/22/16,2016,4,April,22,Friday,1930,19.0,30.0,EVENING,29.0,DRIVER / CYCLIST BEHAVIOUR,KCC 193Q TOYOTA PROBOX & KBQ 127H TOYOTA TOWNACE,False,False,False,False,False,False,True,False,False,True,True,False,False,
217,1930,GUCHA,KISII,NYANGUSU KEROKA,GESUSU AREA,KCC 193Q TOYOTA PROBOX & KBQ 127H TOYOTA TOWNACE,THE PROBOX WAS TRYING TO OVERTAKE WHEN IT WAS HIT BY THE TOWNACE,FEMALE,A,29.0,PEDESTRIAN,2.0,2016-04-22 00:00:00,KISII,F,PEDESTRIAN,A,,ADULT,,4/22/16,2016,4,April,22,Friday,1930,19.0,30.0,EVENING,29.0,DRIVER / CYCLIST BEHAVIOUR,KCC 193Q TOYOTA PROBOX & KBQ 127H TOYOTA TOWNACE,False,False,False,False,False,False,True,False,False,True,True,False,False,
218,2030,KIKUYU,KIAMBU,SOUTHERN BY PASS,NEAR KIKUYU FLY OVER,KAC 711Q NISSAN SUNNY,THE VEHICLE LOST CONTROL VEERED OFF THE ROAD AND KNOCKED DOWN THE VICTIM,MALE,27,26.0,PEDESTRIAN,1.0,2016-04-22 00:00:00,KIAMBU,M,PEDESTRIAN,27,27.0,NUMERIC AGE,25-34,4/22/16,2016,4,April,22,Friday,2030,20.0,30.0,EVENING,26.0,DRIVER / CYCLIST BEHAVIOUR,KAC 711Q NISSAN SUNNY,False,False,False,False,False,False,False,False,False,False,False,True,False,
219,2035,MWEIGA,NYERI,NYERI NYAHURURU,NEAR HONI RIVER,KAX 531K TOYOTA MATATU & KBY 743C/ZE 1638 TATA NOVAS TRAILER,THE MATATU RAMMED INTO THE TRAILER,MALE,38,16.0,DRIVER,1.0,2016-04-22 00:00:00,NYERI,M,DRIVER,38,38.0,NUMERIC AGE,35-44,4/22/16,2016,4,April,22,Friday,2035,20.0,35.0,EVENING,16.0,DRIVER / CYCLIST BEHAVIOUR,KAX 531K TOYOTA MATATU & KBY 743C/ZE 1638 TATA NOVAS TRAILER,False,True,False,False,False,False,False,False,True,True,False,False,False,
204,1245,MAKINDU,MAKUENI,NAIROBI MOMBASA,MAKINDU TOWNSHIP,KBJ 786V TOYOTA S/WAGEN,THE VEHICLE KNOCKED DOWN THE VICTIM WHILE CROSSING THE ROAD,MALE,A,98.0,PEDESTRIAN,1.0,2016-04-23 00:00:00,MAKUENI,M,PEDESTRIAN,A,,ADULT,,4/23/16,2016,4,April,23,Saturday,1245,12.0,45.0,AFTERNOON,98.0,CAUSE NOT TRACED,KBJ 786V TOYOTA S/WAGEN,False,False,False,False,False,False,False,False,False,False,False,True,False,
205,1750,KABRAS,KAKAMEGA,KAKAMEGA WEBUYE,MSALABA,KCE 925S TOYOTA MATATU & KMDV 042G TVS STAR,THE CYCLE RAMMED INTO THE MATATU,MALE,A,8.0,MOTORCYCLIST,1.0,2016-04-23 00:00:00,KAKAMEGA,M,M/CYCLIST,A,,ADULT,,4/23/16,2016,4,April,23,Saturday,1750,17.0,50.0,EVENING,8.0,DRIVER / CYCLIST BEHAVIOUR,KCE 925S TOYOTA MATATU & KMDV 042G TVS STAR,True,True,False,False,False,False,False,False,False,True,False,False,False,
206,1750,KABRAS,KAKAMEGA,KAKAMEGA WEBUYE,MSALABA,KCE 925S TOYOTA MATATU & KMDV 042G TVS STAR,THE CYCLE RAMMED INTO THE MATATU,MALE,A,8.0,PILLION PASSENGER,1.0,2016-04-23 00:00:00,KAKAMEGA,M,P/PASSENGER,A,,ADULT,,4/23/16,2016,4,April,23,Saturday,1750,17.0,50.0,EVENING,8.0,DRIVER / CYCLIST BEHAVIOUR,KCE 925S TOYOTA MATATU & KMDV 042G TVS STAR,True,True,False,False,False,False,False,False,False,True,False,False,False,
207,2050,RUIRU,KIAMBU,NORTHERN BY PASS,ROLEX AREA,KAT 188T TOYOTA RAV 4,THE VEHICLE KNOCKED DOWN THE VICTIM WHILE CROSSING THE ROAD,MALE,A,60.0,PEDESTRIAN,1.0,2016-04-23 00:00:00,KIAMBU,M,PEDESTRIAN,A,,ADULT,,4/23/16,2016,4,April,23,Saturday,2050,20.0,50.0,EVENING,60.0,PEDESTRIAN BEHAVIOUR,KAT 188T TOYOTA RAV 4,False,False,False,False,False,False,False,False,False,False,False,True,False,
208,1430,NYANDO,KISUMU,CHEMILIL AWASI,OFFISENGENY AREA,KCF 905R TOYOTA PROBOX,"THE VEHICLE GOT A TYRE BURST,VEERED OFF THE ROAD AND ROLLED",FEMALE,70,79.0,PASSENGER,1.0,2016-04-23 00:00:00,KISUMU,F,PASSENGER,70,70.0,NUMERIC AGE,65+,4/23/16,2016,4,April,23,Saturday,1430,14.0,30.0,AFTERNOON,79.0,VEHICLE DEFECT,KCF 905R TOYOTA PROBOX,False,False,False,False,False,False,True,False,False,True,False,False,False,
209,2100,GILGIL,NAKURU,OLKALAU GILGIL,KAROGA AREA,KMDK 768A FOCIN,THE CYCLE LOST CONTROL AND LANDED INTO A DITCH,MALE,19,29.0,MOTORCYCLIST,1.0,2016-04-23 00:00:00,NAKURU,M,M/CYCLIST,19,19.0,NUMERIC AGE,18-24,4/23/16,2016,4,April,23,Saturday,2100,21.0,0.0,NIGHT,29.0,DRIVER / CYCLIST BEHAVIOUR,KMDK 768A FOCIN,False,False,False,False,False,False,False,False,False,False,False,True,False,
210,2000,KEIYO,ELGEYO MARAKWET,ELDORET NYARU,CHIRCHIR AREA,KBH 534H TOYOTA PRADO & KAP 489N MASSEI FUNGERSON,THE VEHICLE RAMMED INTO THE REAR OF THE TRACTOR,MALE,5 MONTHS,10.0,PASSENGER,1.0,2016-04-23 00:00:00,ELGEYO MARAKWET,M,PASSENGER,5 MONTHS,,UNKNOWN,,4/23/16,2016,4,April,23,Saturday,2000,20.0,0.0,EVENING,10.0,DRIVER / CYCLIST BEHAVIOUR,KBH 534H TOYOTA PRADO & KAP 489N MASSEI FUNGERSON,False,False,False,False,False,False,True,False,False,True,False,False,False,
211,2030,MERU,MERU,MERU MIKINDURI,KANYABITHA AREA,KBT 349D TOYOTA CROWN & KAP 945X TOYOTA G TOURING,HEAD ON COLLISION,MALE,A,98.0,DRIVER,1.0,2016-04-23 00:00:00,MERU,M,DRIVER,A,,ADULT,,4/23/16,2016,4,April,23,Saturday,2030,20.0,30.0,EVENING,98.0,CAUSE NOT TRACED,KBT 349D TOYOTA CROWN & KAP 945X TOYOTA G TOURING,False,False,False,False,False,False,True,False,False,True,False,False,False,
212,2030,MERU,MERU,MERU MIKINDURI,KANYABITHA AREA,KBT 349D TOYOTA CROWN & KAP 945X TOYOTA G TOURING,HEAD ON COLLISION,MIXED,A,98.0,PASSENGER,3.0,2016-04-23 00:00:00,MERU,2F & M,PASSENGER,A,,ADULT,,4/23/16,2016,4,April,23,Saturday,2030,20.0,30.0,EVENING,98.0,CAUSE NOT TRACED,KBT 349D TOYOTA CROWN & KAP 945X TOYOTA G TOURING,False,False,False,False,False,False,True,False,False,True,False,False,False,
213,2315,MWINGI,KITUI,MWINGI GARISSA,EAST VIEW AREA,KBT 730J/ZE 1932 ACTROS TRAILER & KMCX 859U SKYGO,HEAD ON COLLISION,MALE,26,8.0,MOTORCYCLIST,1.0,2016-04-23 00:00:00,MWINGI,M,M/CYCLIST,26,26.0,NUMERIC AGE,25-34,4/23/16,2016,4,April,23,Saturday,2315,23.0,15.0,NIGHT,8.0,DRIVER / CYCLIST BEHAVIOUR,KBT 730J/ZE 1932 ACTROS TRAILER & KMCX 859U SKYGO,True,False,False,True,False,False,False,False,True,True,False,False,False,
199,700,SALAMA,MAKUENI,NAIROBI MOMBASA,MLIMA KIU AREA,KCC 387Z/ZE 2857Z M/BENZ & KBQ 664P/ZC 3621 M/BENZ,HEAD ON COLLISION,MALE,A,26.0,DRIVER,1.0,2016-04-24 00:00:00,MAKUENI,M,DRIVER,A,,ADULT,,4/24/16,2016,4,April,24,Sunday,700,7.0,0.0,MORNING,26.0,DRIVER / CYCLIST BEHAVIOUR,KCC 387Z/ZE 2857Z M/BENZ & KBQ 664P/ZC 3621 M/BENZ,False,False,False,False,False,False,False,False,False,False,False,True,False,
200,1300,KOIBATEK,BARINGO,ELDAMA RAVINE SAOS,KAPTANA,KCB 272Y MITSUBISHI LORRY,THE VEHICLE HIT THE M/CYCLIST,MALE,19,10.0,MOTORCYCLIST,1.0,2016-04-24 00:00:00,BARINGO,M,M/CYCLIST,19,19.0,NUMERIC AGE,18-24,4/24/16,2016,4,April,24,Sunday,1300,13.0,0.0,AFTERNOON,10.0,DRIVER / CYCLIST BEHAVIOUR,KCB 272Y MITSUBISHI LORRY,False,False,False,True,False,False,False,False,False,True,False,False,False,
201,2050,KAJIADO,KAJIADO,KAJIADO ISINYA,KENCHICK AREA,T42DFR ROSA & KMDL 703P SHINALI,HEAD ON COLLISION,MALE,A,10.0,MOTORCYCLIST,1.0,2016-04-24 00:00:00,KAJIADO,M,M/CYCLIST,A,,ADULT,,4/24/16,2016,4,April,24,Sunday,2050,20.0,50.0,EVENING,10.0,DRIVER / CYCLIST BEHAVIOUR,T42DFR ROSA & KMDL 703P SHINALI,False,False,False,False,False,False,False,False,False,False,False,True,False,
202,1500,OYUGIS,HOMA BAY,OYUGIS KISII,KIDI AREA,KAS 949L SALOON,THE VEHICLE LOST CONTROL VEERED OFF THE ROAD AND KNOCKED DOWN THE VICTIM,MALE,15,98.0,PEDESTRIAN,1.0,2016-04-24 00:00:00,HOMA BAY,M,PEDESTRIAN,15,15.0,NUMERIC AGE,0-17,4/24/16,2016,4,April,24,Sunday,1500,15.0,0.0,AFTERNOON,98.0,CAUSE NOT TRACED,KAS 949L SALOON,False,False,False,False,False,False,True,False,False,True,False,False,False,
203,2245,ONGATA RONGAI,KAJIADO,NAIROBI MAGADI,SISA PUB,KCG 206F MINI BUS,THE VEHICLE KNOCKED DOWN THE VICTIM WHILE CROSSING THE ROAD,MALE,15,8.0,PEDESTRIAN,1.0,2016-04-24 00:00:00,KAJIADO,M,PEDESTRIAN,15,15.0,NUMERIC AGE,0-17,4/24/16,2016,4,April,24,Sunday,2245,22.0,45.0,NIGHT,8.0,DRIVER / CYCLIST BEHAVIOUR,KCG 206F MINI BUS,False,False,True,False,False,False,False,False,False,True,False,False,False,
188,945,LAIKIPIA,LAIKIPIA,NANYUKI NYERI,EQUATOR,"KCC 354L MITSUBISHI LORRY,KCB 215U TOYOTA FIELDER",THE FIELDER RAMMED INTO THE STATIONARY VEHICLE,MALE,A,29.0,DRIVER,1.0,2016-04-26 00:00:00,LAIKIPIA,M,DRIVER,A,,ADULT,,4/26/16,2016,4,April,26,Tuesday,945,9.0,45.0,MORNING,29.0,DRIVER / CYCLIST BEHAVIOUR,"KCC 354L MITSUBISHI LORRY,KCB 215U TOYOTA FIELDER",False,False,False,True,False,False,True,False,False,True,False,False,False,
189,1030,KERICHO,KERICHO,KERICHO NAKURU,DUKA MOJA,"KMDK 672T BOXER,KCA 325Y/ZB 8294 TRAILER",THE CYCLE WAS HIT BY THE LORRY,MALE,26,98.0,MOTORCYCLIST,1.0,2016-04-26 00:00:00,KERICHO,M,M/CYCLIST,26,26.0,NUMERIC AGE,25-34,4/26/16,2016,4,April,26,Tuesday,1030,10.0,30.0,MORNING,98.0,CAUSE NOT TRACED,"KMDK 672T BOXER,KCA 325Y/ZB 8294 TRAILER",True,False,False,False,False,False,False,False,True,True,False,False,False,
190,1210,HOMA BAY,HOMA BAY,RODI KOPANY RANGWE,TAUSI,GKB 098J TOYOTA LANDCRUISER,THE VEHICLE KNOCKED DOWN THE VICTIM WHILE CROSSING THE ROAD,FEMALE,11,,PEDESTRIAN,1.0,2016-04-26 00:00:00,HOMA BAY,F,PEDESTRIAN,11,11.0,NUMERIC AGE,0-17,4/26/16,2016,4,April,26,Tuesday,1210,12.0,10.0,AFTERNOON,,NOT RECORDED,GKB 098J TOYOTA LANDCRUISER,False,False,False,False,False,False,False,False,False,False,False,True,False,
191,1100,MUMIAS,KAKAMEGA,MATUNGU PANYA,PATH ROUTE,KTCA 517C/ZA 4298 NEW HOLLAND,THE VICTIM WAS ON TOP OF A TREE WHEN HE FELL DOWN ONTO THE TRUCK,MALE,5,64.0,PEDESTRIAN,1.0,2016-04-26 00:00:00,KAKAMEGA,M,PEDESTRIAN,5,5.0,NUMERIC AGE,0-17,4/26/16,2016,4,April,26,Tuesday,1100,11.0,0.0,MORNING,64.0,PEDESTRIAN BEHAVIOUR,KTCA 517C/ZA 4298 NEW HOLLAND,False,False,False,False,False,True,False,False,False,True,False,False,False,
192,1430,MTITO ANDEI,MAKUENI,MOMBASA NAIROBI,MIGINGO AREA,KMDC 799U SKYGO,THE CYCLIST LOST CONTROL AND ROLLED SEVERALL TIMES,MALE,23,98.0,MOTORCYCLIST,1.0,2016-04-26 00:00:00,MAKUENI,M,M/CYCLIST,23,23.0,NUMERIC AGE,18-24,4/26/16,2016,4,April,26,Tuesday,1430,14.0,30.0,AFTERNOON,98.0,CAUSE NOT TRACED,KMDC 799U SKYGO,True,False,False,False,False,False,False,False,False,True,False,False,False,
193,1230,EMBU,EMBU,KIANGOKOMA TRADING CENTRE,MUNGANIA,KMDE 688U BOXER,THE CYCLIST KNOCKED DOWN THE VICTIM WHILE CROSSING THE ROAD,FEMALE,40,26.0,PEDESTRIAN,1.0,2016-04-26 00:00:00,EMBU,F,PEDESTRIAN,40,40.0,NUMERIC AGE,35-44,4/26/16,2016,4,April,26,Tuesday,1230,12.0,30.0,AFTERNOON,26.0,DRIVER / CYCLIST BEHAVIOUR,KMDE 688U BOXER,True,False,False,False,False,False,False,False,False,True,False,False,False,
194,800,EMBAKASI,NAIROBI,MOMBASA,CABANAS,KBX 680P MITSUBISHI LORRY,THE LORRY KNOCKED DOWN THE M/CYCLIST,MALE,A,,PILLION PASSENGER,1.0,2016-04-26 00:00:00,NAIROBI,M,P/PASSENGER,A,,ADULT,,4/26/16,2016,4,April,26,Tuesday,800,8.0,0.0,MORNING,,NOT RECORDED,KBX 680P MITSUBISHI LORRY,False,False,False,True,False,False,False,False,False,True,False,False,False,
195,2100,BARINGO,BARINGO,KABARNET MARIGAT,SESYA TRADING CENTRE,KB 395K TRACTOR,THE VEHICLE LOST CONTROL WHILE NEGOTIATING A SHARP CORNER AND LANDED INTO A DITCH,MALE,29,26.0,DRIVER,1.0,2016-04-26 00:00:00,BARINGO,M,DRIVER,29,29.0,NUMERIC AGE,25-34,4/26/16,2016,4,April,26,Tuesday,2100,21.0,0.0,NIGHT,26.0,DRIVER / CYCLIST BEHAVIOUR,KB 395K TRACTOR,False,False,False,False,False,True,False,False,False,True,False,False,False,
196,2315,BOMET,BOMET,BOMET SOTIK,LONGISA SECONDARY SCHOOL,KAW 161H TOYOTA COROLLA,"THE VEHICLE LOST CONTROL,VEERED OFF THE ROAD AND LANDED INTO A DITCH",MALE,A,26.0,DRIVER,1.0,2016-04-26 00:00:00,BOMET,M,DRIVER,A,,ADULT,,4/26/16,2016,4,April,26,Tuesday,2315,23.0,15.0,NIGHT,26.0,DRIVER / CYCLIST BEHAVIOUR,KAW 161H TOYOTA COROLLA,False,False,False,False,False,False,True,False,False,True,False,False,False,
197,2200,KISII,KISII,KISII KISUMU,NYAMATARO,KBR 610U SCANIA BUS,THE VEHICLE KNOCKED DOWN THE VICTIM,MALE,A,98.0,PEDESTRIAN,1.0,2016-04-26 00:00:00,KISII,M,PEDESTRIAN,A,,ADULT,,4/26/16,2016,4,April,26,Tuesday,2200,22.0,0.0,NIGHT,98.0,CAUSE NOT TRACED,KBR 610U SCANIA BUS,False,False,True,False,False,False,False,False,False,True,False,False,False,
198,1630,KIKUYU,KIAMBU,NAIROBI KIKUYU,KINOO,KCC 119J TOYOTA MATATU,THE VEHICLE KNOCKED DOWN THE VICTIM WHILE CROSSING THE ROAD,MALE,A,14.0,PEDESTRIAN,1.0,2016-04-26 00:00:00,KIAMBU,M,PEDESTRIAN,A,,ADULT,,4/26/16,2016,4,April,26,Tuesday,1630,16.0,30.0,AFTERNOON,14.0,DRIVER / CYCLIST BEHAVIOUR,KCC 119J TOYOTA MATATU,False,True,False,False,False,False,False,False,False,True,False,False,False,
176,610,CHANGAMWE,MOMBASA,MAINLAND JOMVU,JOMVU AREA,KMDM 742K BAJAJ & KBU 706H/ZE 2887 NISSAN UD TRAILER,THE CYCLE HIT THE TRAILER FROM THE REAR,MALE,A,10.0,MOTORCYCLIST,1.0,2016-04-29 00:00:00,MOMBASA,M,M/CYCLIST,A,,ADULT,,4/29/16,2016,4,April,29,Friday,610,6.0,10.0,MORNING,10.0,DRIVER / CYCLIST BEHAVIOUR,KMDM 742K BAJAJ & KBU 706H/ZE 2887 NISSAN UD TRAILER,True,False,False,False,False,False,False,False,True,True,False,False,False,
177,815,KILIFI,KILIFI,KILIFI VITENGENI,EZAMOYO AREA,"KCD 512S TOYOTA SALOON,KMDG 044E HAOJIN & KMDH 025K BOXER",THE KMDG 044E RAMMED INTO THE VEHICLE AND THEN THE KMDH 025K BOXER,MALE,23 & 27,10.0,MOTORCYCLIST,2.0,2016-04-29 00:00:00,KILIFI,M,M/CYCLIST,23 & 27,,UNKNOWN,,4/29/16,2016,4,April,29,Friday,815,8.0,15.0,MORNING,10.0,DRIVER / CYCLIST BEHAVIOUR,"KCD 512S TOYOTA SALOON,KMDG 044E HAOJIN & KMDH 025K BOXER",True,False,False,False,False,False,True,False,False,True,False,False,False,
178,UNKNOWN TIME,MAKINDU,MAKUENI,MUSYINI KYULU MURRAM ROAD,KAMBU AREA,UNKNOWN,HIT AND RUN,MALE,30,98.0,PEDESTRIAN,1.0,2016-04-29 00:00:00,MAKUENI,M,PEDESTRIAN,30,30.0,NUMERIC AGE,25-34,4/29/16,2016,4,April,29,Friday,UNKNOWN TIME,,,UNKNOWN,98.0,CAUSE NOT TRACED,UNKNOWN,False,False,False,False,False,False,False,True,False,True,False,False,False,
179,1600,MACHAKOS,MACHAKOS,WITHIN MACHAKOS TOWN,BUS STAGE,KCE 738B TOYOTA MATATU,THE VEHICLE KNOCKED DOWN THE VICTIM,MALE,3,98.0,PEDESTRIAN,1.0,2016-04-29 00:00:00,MACHAKOS,M,PEDESTRIAN,3,3.0,NUMERIC AGE,0-17,4/29/16,2016,4,April,29,Friday,1600,16.0,0.0,AFTERNOON,98.0,CAUSE NOT TRACED,KCE 738B TOYOTA MATATU,False,True,False,False,False,False,False,False,False,True,False,False,False,
180,1900,KEROKA,NYAMIRA,KEROKA SOTIK,KISAURI AREA,KMCH & KBZ 818 MITSUBISHI TIPPER & KMCH 551Q TVS STAR,THE CYCLE HIT THE VEHICLE,MALE,28,52.0,MOTORCYCLIST,1.0,2016-04-29 00:00:00,NYAMIRA,M,M/CYCLIST,28,28.0,NUMERIC AGE,25-34,4/29/16,2016,4,April,29,Friday,1900,19.0,0.0,EVENING,52.0,DRIVER / CYCLIST BEHAVIOUR,KMCH & KBZ 818 MITSUBISHI TIPPER & KMCH 551Q TVS STAR,True,False,False,True,False,False,False,False,False,True,False,False,False,
181,2040,LARI,KIAMBU,KIJABE NAIVASHA,GICHIEGO JUNCTION,UNKNOWN M/V,HIT AND RUN,MALE,21,98.0,PEDESTRIAN,1.0,2016-04-29 00:00:00,KIAMBU,M,PEDESTRIAN,21,21.0,NUMERIC AGE,18-24,4/29/16,2016,4,April,29,Friday,2040,20.0,40.0,EVENING,98.0,CAUSE NOT TRACED,UNKNOWN M/V,False,False,False,False,False,False,False,True,False,True,False,False,False,
182,2030,KILIMANI,NAIROBI,PROFESSIONAL ROAD,NEAR STATE HOUSE,KBU 793L TOYOTA COROLLA & KBQ 736H TOYOTA SALOON,THE VEHICLE RAMMED INTO THE REAR,MALE,49,29.0,DRIVER,1.0,2016-04-29 00:00:00,NAIROBI,M,DRIVER,49,49.0,NUMERIC AGE,45-54,4/29/16,2016,4,April,29,Friday,2030,20.0,30.0,EVENING,29.0,DRIVER / CYCLIST BEHAVIOUR,KBU 793L TOYOTA COROLLA & KBQ 736H TOYOTA SALOON,False,False,False,False,False,False,True,False,False,True,False,False,False,
183,2100,KISII,KISII,KISII KILGORIS,MASHAURI AREA,KAW 862D ISUZU LORRY,THE VEHICLE VEERED OFF THE ROAD AND KNOCKED DOWN THE VICTIM,MALE,A,98.0,PEDESTRIAN,1.0,2016-04-29 00:00:00,KISII,M,PEDESTRIAN,A,,ADULT,,4/29/16,2016,4,April,29,Friday,2100,21.0,0.0,NIGHT,98.0,CAUSE NOT TRACED,KAW 862D ISUZU LORRY,False,False,False,True,False,False,False,False,False,True,False,False,False,
184,1920,EMBU,EMBU,KIAMBERE BOLRIT,MUTUVALI JUNCTION,KMCR 781Y SKYGO & UNKNOWN M/V,THE CYCLE KNOCKED DOWN THE VEHICLE,MALE,32,98.0,MOTORCYCLIST,1.0,2016-04-29 00:00:00,EMBU,M,M/CYCLIST,32,32.0,NUMERIC AGE,25-34,4/29/16,2016,4,April,29,Friday,1920,19.0,20.0,EVENING,98.0,CAUSE NOT TRACED,KMCR 781Y SKYGO & UNKNOWN M/V,True,False,False,False,False,False,False,True,False,True,False,False,False,
185,1720,EMBAKASI,NAIROBI,NORTH AIRPORT ROAD,TRANSAMI AREA,KBJ 517J TOYOTA WISH,THE VEHICLE KNOCKED DOWN THE VICTIM,MALE,28,63.0,PEDESTRIAN,1.0,2016-04-29 00:00:00,NAIROBI,M,PEDESTRIAN,28,28.0,NUMERIC AGE,25-34,4/29/16,2016,4,April,29,Friday,1720,17.0,20.0,EVENING,63.0,PEDESTRIAN BEHAVIOUR,KBJ 517J TOYOTA WISH,False,False,False,False,False,False,True,False,False,True,False,False,False,
186,2030,STAREHE,NAIROBI,THIKA SUPERHIGHWAY,MUTHAIGA UNDER PASS,KAQ 238Y TOYOTA SALOON,THE VEHICLE KNOCKED DOWN THE VICTIM,MALE,A,63.0,PEDESTRIAN,1.0,2016-04-29 00:00:00,NAIROBI,M,PEDESTRIAN,A,,ADULT,,4/29/16,2016,4,April,29,Friday,2030,20.0,30.0,EVENING,63.0,PEDESTRIAN BEHAVIOUR,KAQ 238Y TOYOTA SALOON,False,False,False,False,False,False,True,False,False,True,False,False,False,
187,200,THIKA,KIAMBU,THIKA GARISSA,MAGUNGUNI AREA,KAC 517V TOYOTA SALOON & KMDK 967Z PREMIER,HEAD ON COLLISION,MALE,20,69.0,MOTORCYCLIST,1.0,2016-04-29 00:00:00,KIAMBU,M,M/CYCLIST,20,20.0,NUMERIC AGE,18-24,4/29/16,2016,4,April,29,Friday,200,2.0,0.0,NIGHT,69.0,PASSENGER / ATTENDANT,KAC 517V TOYOTA SALOON & KMDK 967Z PREMIER,False,False,False,False,False,False,True,False,False,True,False,False,False,
164,815,BOMET,BOMET,BOMET NAROK,MULOT,"KBH 598W MITSUBISHI LORRY,KAY 311B MITSUBISHI SALOON",HEAD ON COLLISION,MALE,A,,DRIVER,1.0,2016-04-30 00:00:00,BOMET,M,DRIVER,A,,ADULT,,4/30/16,2016,4,April,30,Saturday,815,8.0,15.0,MORNING,,NOT RECORDED,"KBH 598W MITSUBISHI LORRY,KAY 311B MITSUBISHI SALOON",False,False,False,True,False,False,True,False,False,True,False,False,False,
165,,VOI,TAITA TAVETA,MWATATE VOI,CKAHARELI,KBZ 485A TOYOTA ISIS KMCG 028P TVS,HEAD ON COLLISION,MALE,A,8.0,MOTORCYCLIST,1.0,2016-04-30 00:00:00,TAITA TAVETA,M,M/CYCLIST,A,,ADULT,,4/30/16,2016,4,April,30,Saturday,,,,UNKNOWN,8.0,DRIVER / CYCLIST BEHAVIOUR,KBZ 485A TOYOTA ISIS KMCG 028P TVS,True,False,False,False,False,False,True,False,False,True,False,False,False,
166,,VOI,TAITA TAVETA,MWATATE VOI,CKAHARELI,KBZ 485A TOYOTA ISIS KMCG 028P TVS,HEAD ON COLLISION,MALE,A,8.0,PILLION PASSENGER,1.0,2016-04-30 00:00:00,TAITA TAVETA,M,P/PASENGER,A,,ADULT,,4/30/16,2016,4,April,30,Saturday,,,,UNKNOWN,8.0,DRIVER / CYCLIST BEHAVIOUR,KBZ 485A TOYOTA ISIS KMCG 028P TVS,True,False,False,False,False,False,True,False,False,True,False,False,False,
167,1330,KEROKA,KISII,KEROKA TOWNSHIP,KEROKA TOWNSHIP,T488CBJ SCANIA LORRY,THE VEHICLE KNOCKED DOWN THE VICTIM,MALE,20,58.0,PEDESTRIAN,1.0,2016-04-30 00:00:00,KISII,M,PEDESTRIAN,20,20.0,NUMERIC AGE,18-24,4/30/16,2016,4,April,30,Saturday,1330,13.0,30.0,AFTERNOON,58.0,DRIVER / CYCLIST BEHAVIOUR,T488CBJ SCANIA LORRY,False,False,False,True,False,False,False,False,False,True,False,False,False,
168,1820,BUSIA,BUSIA,KISUMU BUSIA,RAKITE BRIDGE,"KBX 381D ISUZU MINI BUS,KMCG 262V BAJAJ",HEAD ON COLLISION,MALE,A,8.0,MOTORCYCLIST,1.0,2016-04-30 00:00:00,BUSIA,M,M/CYCLIST,A,,ADULT,,4/30/16,2016,4,April,30,Saturday,1820,18.0,20.0,EVENING,8.0,DRIVER / CYCLIST BEHAVIOUR,"KBX 381D ISUZU MINI BUS,KMCG 262V BAJAJ",True,False,True,False,False,False,False,False,False,True,False,False,False,
169,1945,MALINDI,KILIFI,MALINDI MALANGA,MAGOMBENI,KCE 439A TOYOTA SIENTA,THE VEHICLE LOST CONTROL AND ROLLED SEVERAL TIMES,MALE,A,92.0,PASSENGER,1.0,2016-04-30 00:00:00,KILIFI,M,PASSENGER,A,,ADULT,,4/30/16,2016,4,April,30,Saturday,1945,19.0,45.0,EVENING,92.0,ROAD CONDITION,KCE 439A TOYOTA SIENTA,False,False,False,False,False,False,True,False,False,True,False,False,False,
170,2100,SALAMA,MAKUENI,NAIROBI MOMBASA,KIONGWANI,"KIBZ 898X TOYOTA FIELDER,KAX 753L/ZD 4332 SCANIA SEMI TRAILER",,MALE,A,,DRIVER,1.0,2016-04-30 00:00:00,MAKUENI,M,DRIVER,A,,ADULT,,4/30/16,2016,4,April,30,Saturday,2100,21.0,0.0,NIGHT,,NOT RECORDED,"KIBZ 898X TOYOTA FIELDER,KAX 753L/ZD 4332 SCANIA SEMI TRAILER",False,False,False,False,False,False,True,False,True,True,False,False,False,
171,2045,GILGIL,NAKURU,GILGIL NAKURU,JAKARANDA,UNKNOWN M/V,HIT AND RUN,MALE,A,98.0,PEDESTRIAN,1.0,2016-04-30 00:00:00,NAKURU,M,PEDESTRIAN,A,,ADULT,,4/30/16,2016,4,April,30,Saturday,2045,20.0,45.0,EVENING,98.0,CAUSE NOT TRACED,UNKNOWN M/V,False,False,False,False,False,False,False,True,False,True,False,False,False,
172,2230,KAYOLE,NAIROBI,KANGUNDO,KWA POWER,KBW 631H ISUZU MINI BUS,THE VEHICLE KNOCKED DOWN THE VICTIM,MALE,A,98.0,PEDESTRIAN,1.0,2016-04-30 00:00:00,NAIROBI,M,PEDESTRIAN,A,,ADULT,,4/30/16,2016,4,April,30,Saturday,2230,22.0,30.0,NIGHT,98.0,CAUSE NOT TRACED,KBW 631H ISUZU MINI BUS,False,False,True,False,False,False,False,False,False,True,False,False,False,
173,2330,STAREHE,NAIROBI,MURANGA,NAIROBI WATER,UNKNOWN M/V,HIT AND RUN,MALE,A,63.0,PEDESTRIAN,1.0,2016-04-30 00:00:00,NAIROBI,M,PEDESTRIAN,A,,ADULT,,4/30/16,2016,4,April,30,Saturday,2330,23.0,30.0,NIGHT,63.0,PEDESTRIAN BEHAVIOUR,UNKNOWN M/V,False,False,False,False,False,False,False,True,False,True,False,False,False,
174,2300,DAGORETI,NAIROBI,WAIYAKI,NAIROBI SCHOOL,KCC 208J NISSAN MATATU,THE VEHICLE LOST CONTROL AND ROLLED SEVERALLY,MALE,A,26.0,PASSENGER,1.0,2016-04-30 00:00:00,NAIROBI,M,PASSENGER,A,,ADULT,,4/30/16,2016,4,April,30,Saturday,2300,23.0,0.0,NIGHT,26.0,DRIVER / CYCLIST BEHAVIOUR,KCC 208J NISSAN MATATU,False,True,False,False,False,False,False,False,False,True,False,False,False,
175,355,EMBAKASI,NAIROBI,MOMBASA,FAW,UNKNOWN M/V,HIT AND RUN,MALE,A,98.0,PEDESTRIAN,1.0,2016-04-30 00:00:00,NAIROBI,M,PEDESTRIAN,A,,ADULT,,4/30/16,2016,4,April,30,Saturday,355,3.0,55.0,NIGHT,98.0,CAUSE NOT TRACED,UNKNOWN M/V,False,False,False,False,False,False,False,True,False,True,False,False,False,
156,1100,KIKUYU,KIAMBU,NAIVASHA NAIROBI,ACRE TANO,KMDH 056K M/CYCLE,THE CYCLE KNOCKED DOWN THE VITIM WHILE CROSSING THE ROAD,FEMALE,A,68.0,PEDESTRIAN,1.0,2016-06-01 00:00:00,KIAMBU,F,PEDESTRIAN,A,,ADULT,,06/01,2016,6,June,1,Wednesday,1100,11.0,0.0,MORNING,68.0,PEDESTRIAN BEHAVIOUR,KMDH 056K M/CYCLE,True,False,False,False,False,False,False,False,False,True,False,False,False,
157,725,KITENGELA,KAJIADO,KITENGELA ISINYA ROAD,KITENGELA TOWN,"KTWA 189Z PIAGGIO,KCF 889Q MIN BUS AND KAZ 671F",THE VEHICLE RAMMED INTO THE TRI CYCLE AND RAMMED INTO THE KAZ,MALE,A,35.0,PASSENGER,1.0,2016-06-01 00:00:00,KAJIADO,M,PASSENGER,A,,ADULT,,06/01,2016,6,June,1,Wednesday,725,7.0,25.0,MORNING,35.0,DRIVER / CYCLIST BEHAVIOUR,"KTWA 189Z PIAGGIO,KCF 889Q MIN BUS AND KAZ 671F",False,False,True,False,False,False,False,False,False,True,False,False,False,
158,1345,EMBAKASI,NAIROBI,MOMBASA ROAD,NEAR ASSEMBLEYS OF GOD CHURCH,KCD 860F TOYOTA COROLLA,THE VEHICLE KNOCKED DOWN THE VICTIM,MALE,A,68.0,PEDESTRIAN,1.0,2016-06-01 00:00:00,NAIROBI,M,PEDESTRIAN,A,,ADULT,,06/01,2016,6,June,1,Wednesday,1345,13.0,45.0,AFTERNOON,68.0,PEDESTRIAN BEHAVIOUR,KCD 860F TOYOTA COROLLA,False,False,False,False,False,False,True,False,False,True,False,False,False,
159,1400,CENTRAL,NAIROBI,HAILE SELASIE AVENUE,NEAR RAILWAYS ROUND ABOUT,KBW 053T ISUZU M/BUS,THE VICTIM ALIGHTED WHILE THE VEHICLE WAS IN MOTION,MALE,A,98.0,PASSENGER,1.0,2016-06-01 00:00:00,NAIROBI,M,PASSENGER,A,,ADULT,,06/01,2016,6,June,1,Wednesday,1400,14.0,0.0,AFTERNOON,98.0,CAUSE NOT TRACED,KBW 053T ISUZU M/BUS,False,False,True,False,False,False,False,False,False,True,False,False,False,
160,1540,MAKINDU,MAKUENI,WOTE MAKINDU,KINSINGO AREA,KMDK 671L SUZUKI AND KMDC 749S KAWASAKI,ONE OF THE CYCLE LOST CONTROL AND RAMMED INTO THE OTHER CYCLE,MALE,A,26.0,MOTORCYCLIST,1.0,2016-06-01 00:00:00,MAKUENI,M,M/CYCLIST,A,,ADULT,,06/01,2016,6,June,1,Wednesday,1540,15.0,40.0,AFTERNOON,26.0,DRIVER / CYCLIST BEHAVIOUR,KMDK 671L SUZUKI AND KMDC 749S KAWASAKI,False,False,False,False,False,False,False,False,False,False,False,True,False,
161,2030,EMBAKASI,NAIROBI,OUTERING ROAD,FEDHA ESTATE,UNKNOWN,HIT AND RUN,MALE,A,98.0,PEDESTRIAN,1.0,2016-06-01 00:00:00,NAIROBI,M,PEDESTRIAN,A,,ADULT,,06/01,2016,6,June,1,Wednesday,2030,20.0,30.0,EVENING,98.0,CAUSE NOT TRACED,UNKNOWN,False,False,False,False,False,False,False,True,False,True,False,False,False,
162,2020,MWINGI,KITUI,MWINGI GARISSA RD,NDALANI BRIDGE,KBC 577Y MITS LORRY AND KCA 407Y TOYOTA L/CRUISER,HEAD ON COLLISION,MALE,A,98.0,DRIVER,1.0,2016-06-01 00:00:00,MWINGI,M,DRIVER,A,,ADULT,,06/01,2016,6,June,1,Wednesday,2020,20.0,20.0,EVENING,98.0,CAUSE NOT TRACED,KBC 577Y MITS LORRY AND KCA 407Y TOYOTA L/CRUISER,False,False,False,True,False,False,True,False,False,True,False,False,False,
163,2020,MWINGI,KITUI,MWINGI GARISSA RD,NDALANI BRIDGE,KBC 577Y MITS LORRY AND KCA 407Y TOYOTA L/CRUISER,HEAD ON COLLISION,MALE,A,98.0,PASSENGER,1.0,2016-06-01 00:00:00,MWINGI,M,PASSENGER,A,,ADULT,,06/01,2016,6,June,1,Wednesday,2020,20.0,20.0,EVENING,98.0,CAUSE NOT TRACED,KBC 577Y MITS LORRY AND KCA 407Y TOYOTA L/CRUISER,False,False,False,True,False,False,True,False,False,True,False,False,False,
151,500,BUNGOMA,BUNGOMA,BUNGOMA WEBUYE ROAD,SIKATA,UNKNOWN,HIT AND RUN,MALE,A,98.0,PEDESTRIAN,1.0,2016-06-02 00:00:00,BUNGOMA,M,PEDESTRIAN,A,,ADULT,,06/02,2016,6,June,2,Thursday,500,5.0,0.0,MORNING,98.0,CAUSE NOT TRACED,UNKNOWN,False,False,False,False,False,False,False,True,False,True,False,False,False,
152,400,MARAGWA,MURANG'A,KENOL MURANG'A ROAD,KARIGIA,KCE 849E NISSAN NOTE,THE VEHICLE LOST CONTROL AND ROLLED SEVERAL TIMES,FEMALE,19,26.0,PASSENGER,1.0,2016-06-02 00:00:00,MURANG'A,F,PASSENGER,19,19.0,NUMERIC AGE,18-24,06/02,2016,6,June,2,Thursday,400,4.0,0.0,NIGHT,26.0,DRIVER / CYCLIST BEHAVIOUR,KCE 849E NISSAN NOTE,False,False,False,False,False,False,False,False,False,False,False,True,False,
153,1930,TARAKWA,UASIN GISHU,NAKURU ELDORET,CHEBII,KCG 232G M/BENZ KCC 008A BUS,HEAD ON COLLISION,FEMALE,A,39.0,PASSENGER,1.0,2016-06-02 00:00:00,UASIN GISHU,F,PASSENGER,A,,ADULT,,06/02,2016,6,June,2,Thursday,1930,19.0,30.0,EVENING,39.0,DRIVER / CYCLIST BEHAVIOUR,KCG 232G M/BENZ KCC 008A BUS,False,False,True,False,False,False,False,False,False,True,False,False,False,
154,2300,NAKURU,NAKURU,NAIROBI NAKURU,STATE HOUSE,UNKNOWN,HIT AND RUN,MALE,A,98.0,PEDESTRIAN,1.0,2016-06-02 00:00:00,NAKURU,M,PEDESTRIAN,A,,ADULT,,06/02,2016,6,June,2,Thursday,2300,23.0,0.0,NIGHT,98.0,CAUSE NOT TRACED,UNKNOWN,False,False,False,False,False,False,False,True,False,True,False,False,False,
155,2340,KAJIADO,KAJIADO,KAJIADO MURRAM ROAD,MAILI,KBM 162K ASHOK LEYLAND,THE VICTIM WAS RAN OVER BY THE VEHICLE,MALE,A,98.0,PASSENGER,1.0,2016-06-02 00:00:00,KAJIADO,M,PASSENGER,A,,ADULT,,06/02,2016,6,June,2,Thursday,2340,23.0,40.0,NIGHT,98.0,CAUSE NOT TRACED,KBM 162K ASHOK LEYLAND,False,False,False,False,False,False,False,False,False,False,False,True,False,
140,500,RUIRU,KIAMBU,THIKA ROAD,TOLL AREA,KBH 402H TOYOTA CALDINA,THE VEHICLE RAMMED INTO REAR OF THE M/V KBU 899Z,MALE,A,4.0,DRIVER,1.0,2016-06-04 00:00:00,KIAMBU,M,DRIVER,A,,ADULT,,06/04,2016,6,June,4,Saturday,500,5.0,0.0,MORNING,4.0,DRIVER / CYCLIST BEHAVIOUR,KBH 402H TOYOTA CALDINA,False,False,False,False,False,False,False,False,False,False,False,True,False,
141,800,KAYOLE,NAIROBI,KANGUNDO,RUAI CENTRE,KCC 981M ISUZU MINI BUS,THE VEHICLE KNOCKED DOWN THE VICTIM,MALE,A,98.0,PEDESTRIAN,1.0,2016-06-04 00:00:00,NAIROBI,M,PEDESTRIAN,A,,ADULT,,06/04,2016,6,June,4,Saturday,800,8.0,0.0,MORNING,98.0,CAUSE NOT TRACED,KCC 981M ISUZU MINI BUS,False,False,True,False,False,False,False,False,False,True,False,False,False,
142,1430,MATUNDA,BUNGOMA,CHAVAKALI KILINGILI,KILINGILI,KBC 620F TOYOTA COROLLA,THE VEHICLE LOST CONTROL AND VEERED AND KNOCKED DOWN THE VICTIM,MALE,A,26.0,PEDESTRIAN,1.0,2016-06-04 00:00:00,BUNGOMA,M,PEDESTRIAN,A,,ADULT,,06/04,2016,6,June,4,Saturday,1430,14.0,30.0,AFTERNOON,26.0,DRIVER / CYCLIST BEHAVIOUR,KBC 620F TOYOTA COROLLA,False,False,False,False,False,False,True,False,False,True,False,False,False,
143,1610,NYANDO,HOMA BAY,AWASI AHERO ROAD,MAGENDO,KAV 219P TOYOTA PRADO KMDU 305L BAJAJ BOXER,HEAD ON COLLISION,MALE,A,26.0,MOTORCYCLIST,1.0,2016-06-04 00:00:00,HOMA BAY,M,M/CYCLIST,A,,ADULT,,06/04,2016,6,June,4,Saturday,1610,16.0,10.0,AFTERNOON,26.0,DRIVER / CYCLIST BEHAVIOUR,KAV 219P TOYOTA PRADO KMDU 305L BAJAJ BOXER,True,False,False,False,False,False,True,False,False,True,False,False,False,
144,1610,NYANDO,HOMA BAY,AWASI AHERO ROAD,MAGENDO,KAV 219P TOYOTA PRADO KMDU 305L BAJAJ BOXER,HEAD ON COLLISION,MALE,A,26.0,PILLION PASSENGER,1.0,2016-06-04 00:00:00,HOMA BAY,M,P/PASSENGER,A,,ADULT,,06/04,2016,6,June,4,Saturday,1610,16.0,10.0,AFTERNOON,26.0,DRIVER / CYCLIST BEHAVIOUR,KAV 219P TOYOTA PRADO KMDU 305L BAJAJ BOXER,True,False,False,False,False,False,True,False,False,True,False,False,False,
145,2000,STAREHE,NAIROBI,THIKA SUPER HIGHWAY,MUTHAIGA FOOT BRIDGE,UNKNOWN M/V,HIT AND RUN,MALE,A,98.0,PEDESTRIAN,1.0,2016-06-04 00:00:00,NAIROBI,M,PEDESTRIAN,A,,ADULT,,06/04,2016,6,June,4,Saturday,2000,20.0,0.0,EVENING,98.0,CAUSE NOT TRACED,UNKNOWN M/V,False,False,False,False,False,False,False,True,False,True,False,False,False,
146,1800,TIMBOROA,UASIN GISHU,ELDORET NAKURU,TIMBOROA,KBZ 254P T/FIELDER KBZ 331M M/BENZ ACTROSS,HEAD ON COLLISION,FEMALE,J,19.0,PASSENGER,1.0,2016-06-04 00:00:00,UASIN GISHU,F,PASSENGER,J,,JUVENILE,,06/04,2016,6,June,4,Saturday,1800,18.0,0.0,EVENING,19.0,DRIVER / CYCLIST BEHAVIOUR,KBZ 254P T/FIELDER KBZ 331M M/BENZ ACTROSS,False,False,False,True,False,False,True,False,False,True,False,False,False,
147,1930,KISII,KISII,KISII MARANI,NYATIEKO,KBX 432Z TOYOTA MATATU,THE VEHICLE COLLIDED WITH A M/CYCLE,MALE,A,98.0,PILLION PASSENGER,2.0,2016-06-04 00:00:00,KISII,M,P/PASSENGER,A,,ADULT,,06/04,2016,6,June,4,Saturday,1930,19.0,30.0,EVENING,98.0,CAUSE NOT TRACED,KBX 432Z TOYOTA MATATU,False,True,False,False,False,False,False,False,False,True,False,False,False,
148,1930,KISII,KISII,KISII MARANI,NYATIEKO,KBX 432Z TOYOTA MATATU,THE VEHICLE COLLIDED WITH A M/CYCLE,MALE,A,98.0,MOTORCYCLIST,1.0,2016-06-04 00:00:00,KISII,M,M/CYCLIST,A,,ADULT,,06/04,2016,6,June,4,Saturday,1930,19.0,30.0,EVENING,98.0,CAUSE NOT TRACED,KBX 432Z TOYOTA MATATU,False,True,False,False,False,False,False,False,False,True,False,False,False,
149,2230,WEBUYE,BUNGOMA,WEBUYE KITALE ROAD,MISIKHU,KMCS 018V SOREHYI,THE CYCLE KNOCKED DOWN THE VICTIM,FEMALE,60,7.0,PEDESTRIAN,1.0,2016-06-04 00:00:00,BUNGOMA,F,PEDESTRIAN,60,60.0,NUMERIC AGE,55-64,06/04,2016,6,June,4,Saturday,2230,22.0,30.0,NIGHT,7.0,DRIVER / CYCLIST BEHAVIOUR,KMCS 018V SOREHYI,False,False,False,False,False,False,False,False,False,False,False,True,False,
150,2200,ONGATA RONGAI,NAIROBI,GATAKA DIVERSION,GATAKA,KCB 730Z ISUZU M/BUS,THE VEHICLE LOST CONTROL AND SLID INTO A QUARRY,MALE,A,26.0,PASSENGER,1.0,2016-06-04 00:00:00,NAIROBI,M,PASSENGER,A,,ADULT,,06/04,2016,6,June,4,Saturday,2200,22.0,0.0,NIGHT,26.0,DRIVER / CYCLIST BEHAVIOUR,KCB 730Z ISUZU M/BUS,False,False,True,False,False,False,False,False,False,True,False,False,False,
132,745,DULTAN-HAMMUD,MAKUENI,MOMBASA-NAIROBI,NEAR SULTAN,M/V KBP 855Z/ZD 6630 TRAILER & KCF 385M FSR,THE SAID M/V COLLIDED HEAD ON,MALE,A,98.0,DRIVER,1.0,2016-06-05 00:00:00,MAKUENI,M,DRIVER,A,,ADULT,,06/05,2016,6,June,5,Sunday,745,7.0,45.0,MORNING,98.0,CAUSE NOT TRACED,M/V KBP 855Z/ZD 6630 TRAILER & KCF 385M FSR,False,False,False,False,False,False,False,False,True,True,False,False,False,
133,1130,KERUGOYA,KIRINYAGA,KUTUS-KERUGOYA,NEAR ST.TERESA CATHOLIC CHURCH,KBZ 742W T/RUSH & M/J/PED,THE SAID M/V KNOCKED DOWN PEDESTRIAN,MALE,J,60.0,PEDESTRIAN,1.0,2016-06-05 00:00:00,KIRINYAGA,M,PEDESTRIAN,J,,JUVENILE,,06/05,2016,6,June,5,Sunday,1130,11.0,30.0,MORNING,60.0,PEDESTRIAN BEHAVIOUR,KBZ 742W T/RUSH & M/J/PED,False,False,False,False,False,False,True,False,False,True,False,False,False,
134,1004,GILGIL,NAKURU,NAKURU-ELEMENTAITA,MZEE WANYAM AREA,KBJ 205X MATATU & M/CYCLE KMDF 071C,THE SAID M/V SUDDENLY STOPPED AT THE MIDDLE OF THE ROAD AND WAS HIT FROM THE REAR OF THE SAID M/CYCLE,MALE,A,28.0,RIDER,1.0,2016-06-05 00:00:00,NAKURU,M,RIDER,A,,ADULT,,06/05,2016,6,June,5,Sunday,1004,10.0,4.0,MORNING,28.0,DRIVER / CYCLIST BEHAVIOUR,KBJ 205X MATATU & M/CYCLE KMDF 071C,True,True,False,False,False,False,False,False,False,True,False,False,False,
135,1000,BARINGO,BARINGO,NGARATUK O-SIBILO,BARINGO NORTH,M/CYCLES KMCZ 808N BOXER &KMDL 403Y SONNY,THE SAID M/V COLLIDED HEAD ON WITH THE SAID M/CYCLE,MALE,57,98.0,RIDER,1.0,2016-06-05 00:00:00,BARINGO,M,RIDER,57,57.0,NUMERIC AGE,55-64,06/05,2016,6,June,5,Sunday,1000,10.0,0.0,MORNING,98.0,CAUSE NOT TRACED,M/CYCLES KMCZ 808N BOXER &KMDL 403Y SONNY,True,False,False,False,False,False,False,False,False,True,False,False,False,
136,1530,LAIKIPIA,LAIKIPIA,BIASHARA STREET,NANYUKI TOWNSHIP,M/V KAX 550X & F/J/PED,THE SAID M/V KNOCKED DOWN PEDESTRIAN,FEMALE,J,6.0,PEDESTRIAN,1.0,2016-06-05 00:00:00,LAIKIPIA,F,PEDESTRIAN,J,,JUVENILE,,06/05,2016,6,June,5,Sunday,1530,15.0,30.0,AFTERNOON,6.0,DRIVER / CYCLIST BEHAVIOUR,M/V KAX 550X & F/J/PED,False,False,False,False,False,False,False,False,False,False,False,True,False,
137,1400,SIAYA,SIAYA,SIAYA NYANDORERA,MWERI AREA,KBX 642L T/HIACE & M/CYCLE KMDU 972K BOXER,THE SAID M/V OF KANGA HIGH SCHOOL HIT THE SAID M/CYCLE,MALE,A,38.0,PILLION PASSENGER,1.0,2016-06-05 00:00:00,SIAYA,M,P/PASSENGER,A,,ADULT,,06/05,2016,6,June,5,Sunday,1400,14.0,0.0,AFTERNOON,38.0,DRIVER / CYCLIST BEHAVIOUR,KBX 642L T/HIACE & M/CYCLE KMDU 972K BOXER,True,False,False,False,False,False,False,False,False,True,True,False,False,
138,2040,NJORO,NAKURU,NJORO-ELBURGON,KINANA FARM,KAX 106Z N/MATATU & M/A/PED,THE SAID M/V KNOCKED DOWN PEDESTRIAN,MALE,73,60.0,PEDESTRIAN,1.0,2016-06-05 00:00:00,NAKURU,M,PEDESTRIAN,73,73.0,NUMERIC AGE,65+,06/05,2016,6,June,5,Sunday,2040,20.0,40.0,EVENING,60.0,PEDESTRIAN BEHAVIOUR,KAX 106Z N/MATATU & M/A/PED,False,True,False,False,False,False,False,False,False,True,False,False,False,
139,2100,KIRITIRI,EMBU,EMBU-KIRITIRI,MURARU,UNKNOWN M/V & M/J/PED,UNKNOWN M/V KNOCKED DOWN A PEDESTRIAN,MALE,3,7.0,PEDESTRIAN,1.0,2016-06-05 00:00:00,EMBU,M,PEDESTRIAN,3,3.0,NUMERIC AGE,0-17,06/05,2016,6,June,5,Sunday,2100,21.0,0.0,NIGHT,7.0,DRIVER / CYCLIST BEHAVIOUR,UNKNOWN M/V & M/J/PED,False,False,False,False,False,False,False,True,False,True,False,False,False,
126,700,MARIAKANI,KILIFI,MOMBASA-NAIROBI,MAZERAS,UNKNOWN M/V,HIT & RAN,MALE,41,98.0,PEDESTRIAN,1.0,2016-06-06 00:00:00,KILIFI,M,PEDESTRIAN,41,41.0,NUMERIC AGE,35-44,06/06,2016,6,June,6,Monday,700,7.0,0.0,MORNING,98.0,CAUSE NOT TRACED,UNKNOWN M/V,False,False,False,False,False,False,False,True,False,True,False,False,False,
127,1130,ISINYA,KAJIADO,KITENGELA-KAJIADO,STAGE 22,KBC 549K TOYOTA NOAH,THE VEHICLE HIT A PEDESTRIAN WHO WAS CROSSING THE ROAD,MALE,A,59.0,PEDESTRIAN,1.0,2016-06-06 00:00:00,KAJIADO,M,PEDESTRIAN,A,,ADULT,,06/06,2016,6,June,6,Monday,1130,11.0,30.0,MORNING,59.0,PEDESTRIAN BEHAVIOUR,KBC 549K TOYOTA NOAH,False,False,False,False,False,False,False,False,False,True,True,False,False,
128,2030,MATUU,MACHAKOS,MATUU-THIKA,KWA MAKAA,KBP 507E T/HILLUX & KBD 331W NEW HOLLAND,THE HILLUX FAILED TO KEEP DISTANCE AND HIT A TRACTOR,MALE,48,10.0,PASSENGER,1.0,2016-06-06 00:00:00,MACHAKOS,M,PASSENGER,48,48.0,NUMERIC AGE,45-54,06/06,2016,6,June,6,Monday,2030,20.0,30.0,EVENING,10.0,DRIVER / CYCLIST BEHAVIOUR,KBP 507E T/HILLUX & KBD 331W NEW HOLLAND,False,False,False,False,True,True,False,False,False,True,False,False,False,
129,1925,MAKINDU,MAKUENI,MOMBASA-NAIROBI,KIUNDWANI,"KCF 108K MITSUBISHI FH, KBS 790V/ZD 9590 MAN & KMCZ 531D SKYGO",HEAD ON COLLISION,MALE,A,10.0,MOTORCYCLIST,1.0,2016-06-06 00:00:00,MAKUENI,M,MOTOR CYCLIST,A,,ADULT,,06/06,2016,6,June,6,Monday,1925,19.0,25.0,EVENING,10.0,DRIVER / CYCLIST BEHAVIOUR,"KCF 108K MITSUBISHI FH, KBS 790V/ZD 9590 MAN & KMCZ 531D SKYGO",True,False,False,False,False,False,False,False,False,True,False,False,False,
130,1930,GARISSA,GARISSA,GARISSA ROAD,ELDERE,KBK 037J BUS,"THE STEERING ROD BROKE, LOST CONTROL & LANDED ON THE LEFT",MIXED,A,80.0,PASSENGER,3.0,2016-06-06 00:00:00,GARISSA,"2M, F",PASSENGERS,A,,ADULT,,06/06,2016,6,June,6,Monday,1930,19.0,30.0,EVENING,80.0,VEHICLE DEFECT,KBK 037J BUS,False,False,True,False,False,False,False,False,False,True,False,False,False,
131,1630,LIKONI,MOMBASA,LIKONI-FERRY,FERRY TERMINUS,UNKNOWN M/V,THE VEHICLE POWER FAILED AND ROLLED,MALE,A,81.0,DRIVER,1.0,2016-06-06 00:00:00,MOMBASA,M,DRIVER,A,,ADULT,,06/06,2016,6,June,6,Monday,1630,16.0,30.0,AFTERNOON,81.0,VEHICLE DEFECT,UNKNOWN M/V,False,False,False,False,False,False,False,True,False,True,False,False,False,
120,810,TURBO,KAKAMEGA,ELDORET WEBUYE,CHEMOI,UNKNOWN M/V,HIT AND RUN,MALE,23,98.0,PEDESTRIAN,1.0,2016-06-07 00:00:00,KAKAMEGA,M,PEDESTRIAN,23,23.0,NUMERIC AGE,18-24,06/07,2016,6,June,7,Tuesday,810,8.0,10.0,MORNING,98.0,CAUSE NOT TRACED,UNKNOWN M/V,False,False,False,False,False,False,False,True,False,True,False,False,False,
121,915,KITUI,MAKUENI,KABATI TOWNSHIP,KABATI TOWNSHIP,KCE 487L TOYOTA SUCCED,THE VEHICLE HIT THE M/CYCLIST,MALE,70,10.0,MOTORCYCLIST,1.0,2016-06-07 00:00:00,MAKUENI,M,M/CYCLIST,70,70.0,NUMERIC AGE,65+,06/07,2016,6,June,7,Tuesday,915,9.0,15.0,MORNING,10.0,DRIVER / CYCLIST BEHAVIOUR,KCE 487L TOYOTA SUCCED,False,False,False,False,False,False,False,False,False,False,False,True,False,
122,1530,KAYOLE,NAIROBI,KANGUNDO,KAMULU,KBJ 687Z ISUZU LORRY,THE VEHICLE KNOCKED DOWN THE VICTIM,FEMALE,A,,PEDESTRIAN,1.0,2016-06-07 00:00:00,NAIROBI,F,PEDESTRIAN,A,,ADULT,,06/07,2016,6,June,7,Tuesday,1530,15.0,30.0,AFTERNOON,,NOT RECORDED,KBJ 687Z ISUZU LORRY,False,False,False,True,False,False,False,False,False,True,False,False,False,
123,2055,INDO AREA,NAIROBI,LUSAKA,CAR AND GENERAL,KAS 319U NISSAN MATATU,THE VEHICLE LOST CONTROL AND OVERTURNED,FEMALE,A,26.0,PASSENGER,1.0,2016-06-07 00:00:00,NAIROBI,F,PASSENGER,A,,ADULT,,06/07,2016,6,June,7,Tuesday,2055,20.0,55.0,EVENING,26.0,DRIVER / CYCLIST BEHAVIOUR,KAS 319U NISSAN MATATU,False,True,False,False,False,False,False,False,False,True,False,False,False,
124,30,KURIA,MIGORI,KEHANCHA NTIMARU,KEHANCHA TOWN,UNKNOWN M/V,HIT AND RUN,MALE,A,98.0,MOTORCYCLIST,1.0,2016-06-07 00:00:00,MIGORI,M,M/CYCLIST,A,,ADULT,,06/07,2016,6,June,7,Tuesday,30,0.0,30.0,NIGHT,98.0,CAUSE NOT TRACED,UNKNOWN M/V,False,False,False,False,False,False,False,True,False,True,False,False,False,
125,1710,VIHIGA,VIHIGA,KAKAMEGA KISUMU,STANDIKISIA,KBY 871C FORD EVEREST,THE VEHICLE LOST CONTROL AND HIT THE VICTIM,MALE,18,26.0,MOTORCYCLIST,1.0,2016-06-07 00:00:00,VIHIGA,M,M/CYCLIST,18,18.0,NUMERIC AGE,18-24,06/07,2016,6,June,7,Tuesday,1710,17.0,10.0,EVENING,26.0,DRIVER / CYCLIST BEHAVIOUR,KBY 871C FORD EVEREST,False,False,False,False,False,False,True,False,False,True,False,False,False,
114,1100,MURANG'A,MURANG'A,MURANG'A SAGANA,NEAR SAGANA,KMDG 349U TVS,THE CYCLE LOST CONTROL AND FELL OFF,MALE,A,98.0,MOTORCYCLIST,1.0,2016-06-08 00:00:00,MURANG'A,M,M/CYCLIST,A,,ADULT,,06/08,2016,6,June,8,Wednesday,1100,11.0,0.0,MORNING,98.0,CAUSE NOT TRACED,KMDG 349U TVS,True,False,False,False,False,False,False,False,False,True,False,False,False,
115,1800,KERICHO,KERICHO,KERICHO NAKURU,CHAGAIK,UNKNOWN M/V & M/CYCLES,HIT AND RUN,MALE,35,98.0,MOTORCYCLIST,1.0,2016-06-08 00:00:00,KERICHO,M,M/CYCLIST,35,35.0,NUMERIC AGE,35-44,06/08,2016,6,June,8,Wednesday,1800,18.0,0.0,EVENING,98.0,CAUSE NOT TRACED,UNKNOWN M/V & M/CYCLES,True,False,False,False,False,False,False,True,False,True,False,False,False,
116,2200,DIANI,KWALE,LUNGALUNGA VANGA,LUNGALUNGA SHOPPING CENTRE,KMDK 353R BOXER & KMDV 850C HAUJIN,THE KMDK HIT THE REAR OF THE OTHER CYCLE,MALE,17,10.0,PILLION PASSENGER,1.0,2016-06-08 00:00:00,KWALE,M,P/PASSENGER,17,17.0,NUMERIC AGE,0-17,06/08,2016,6,June,8,Wednesday,2200,22.0,0.0,NIGHT,10.0,DRIVER / CYCLIST BEHAVIOUR,KMDK 353R BOXER & KMDV 850C HAUJIN,True,False,False,False,False,False,False,False,False,True,False,False,False,
117,1800,MAKUENI,MAKUENI,WOTE MAKINDU,KISENE BRIDGE,KCE 351 N/MATATU,THE VEHICLE LOST CONTROL AND PLUNGED INTO THE MISEKE BRIDGE,MALE,A,26.0,PASSENGER,5.0,2016-06-08 00:00:00,MAKUENI,M,PASSENGER,A,,ADULT,,06/08,2016,6,June,8,Wednesday,1800,18.0,0.0,EVENING,26.0,DRIVER / CYCLIST BEHAVIOUR,KCE 351 N/MATATU,False,True,False,False,False,False,False,False,False,True,False,False,False,
118,1230,KURIA,MIGORI,KEHANCHA NTIMARU,KEHANCHA TOWN,UNKNOWN M/V & KMDR 603A BOXER,HIT AND RUN,MALE,A,98.0,MOTORCYCLIST,1.0,2016-06-08 00:00:00,MIGORI,M,M/CYCLIST,A,,ADULT,,06/08,2016,6,June,8,Wednesday,1230,12.0,30.0,AFTERNOON,98.0,CAUSE NOT TRACED,UNKNOWN M/V & KMDR 603A BOXER,True,False,False,False,False,False,False,True,False,True,False,False,False,
119,1230,KURIA,MIGORI,KEHANCHA NTIMARU,KEHANCHA TOWN,UNKNOWN M/V & KMDR 603A BOXER,HIT AND RUN,MALE,A,98.0,PILLION PASSENGER,1.0,2016-06-08 00:00:00,MIGORI,M,P/PASSENGER,A,,ADULT,,06/08,2016,6,June,8,Wednesday,1230,12.0,30.0,AFTERNOON,98.0,CAUSE NOT TRACED,UNKNOWN M/V & KMDR 603A BOXER,True,False,False,False,False,False,False,True,False,True,False,False,False,
109,930,KERUGOYA,KIAMBU,KIMUNYE KUTUS ROAD,KARIA,KBW 071D TATA P/UP,THE VEHICLE LOST CONTROL AND SWERVED HITTING A TREE,MALE,40,26.0,DRIVER,1.0,2016-06-09 00:00:00,KIAMBU,M,DRIVER,40,40.0,NUMERIC AGE,35-44,06/09,2016,6,June,9,Thursday,930,9.0,30.0,MORNING,26.0,DRIVER / CYCLIST BEHAVIOUR,KBW 071D TATA P/UP,False,False,False,False,True,False,False,False,False,True,False,False,False,
110,950,BUSIA,BUSIA,BUSIA KISUMU ROAD,BUSIA TOWNSHIP,KMDP 063H BAJAJ BOXER AND KAZ 806T T/VITZ,THE CYCLE LOST CONTROL AND FELL ON THE TARMAC AND WAS OVER RAN BY THE VEHICLE,MALE,35,26.0,MOTORCYCLIST,1.0,2016-06-09 00:00:00,BUSIA,M,M/CYCLIST,35,35.0,NUMERIC AGE,35-44,06/09,2016,6,June,9,Thursday,950,9.0,50.0,MORNING,26.0,DRIVER / CYCLIST BEHAVIOUR,KMDP 063H BAJAJ BOXER AND KAZ 806T T/VITZ,True,False,False,False,False,False,True,False,False,True,False,False,False,
111,2025,MACHAKOS,MACHAKOS,MACHAKOS KITUI RD,KYUA,KBT 699A TOYOTA ALLION,THE VEHICLE FAILED TO KEEP TO THE NEAR SIDE OF THE ROAD AND LOST CONTROL OF THE VEHICLE,MALE,A,8.0,PASSENGER,4.0,2016-06-09 00:00:00,MACHAKOS,M,PASSENGER,A,,ADULT,,06/09,2016,6,June,9,Thursday,2025,20.0,25.0,EVENING,8.0,DRIVER / CYCLIST BEHAVIOUR,KBT 699A TOYOTA ALLION,False,False,False,False,False,False,True,False,False,True,False,False,False,
112,2120,NYAMIRA,KISII,IKONGE MAGWAGWA ROAD,KERUBE,KCC 415P TOYOTA,THE VEHICLE LOST CONTROL WHILE NEGOTIATING A CORNER,MALE,30,26.0,DRIVER,1.0,2016-06-09 00:00:00,KISII,M,DRIVER,30,30.0,NUMERIC AGE,25-34,06/09,2016,6,June,9,Thursday,2120,21.0,20.0,NIGHT,26.0,DRIVER / CYCLIST BEHAVIOUR,KCC 415P TOYOTA,False,False,False,False,False,False,False,False,False,False,False,True,False,
113,2345,MOLO,NAKURU,OLENGURUONE ROAD,NYARUI,KBR 356V LORRY AND KMDT 158J RANGER,THE CYCLE RAMMED INTO THE VEHICLE,MALE,47,26.0,PILLION PASSENGER,1.0,2016-06-09 00:00:00,NAKURU,M,P/PASSENGER,47,47.0,NUMERIC AGE,45-54,06/09,2016,6,June,9,Thursday,2345,23.0,45.0,NIGHT,26.0,DRIVER / CYCLIST BEHAVIOUR,KBR 356V LORRY AND KMDT 158J RANGER,False,False,False,True,False,False,False,False,False,True,False,False,False,
100,730,KIRIANI,NYERI,KANGEMA KIRIAI,KANJAMA AREA,KAS 215P T/HIACE,THE VEHICLE KNOCKED DOWN THE VICTIM,FEMALE,12,16.0,PEDESTRIAN,1.0,2016-06-10 00:00:00,NYERI,F,PEDESTRIAN,12,12.0,NUMERIC AGE,0-17,06/10,2016,6,June,10,Friday,730,7.0,30.0,MORNING,16.0,DRIVER / CYCLIST BEHAVIOUR,KAS 215P T/HIACE,False,False,False,False,False,False,False,False,False,True,True,False,False,
101,1215,DTEO MAKONGENI,NAIROBI,JOGOO,NEAR UCHUMI,KBR 302N/ZE 0353,THE VEHICLE KNOCKED DOWN THE VICTIM,MALE,A,28.0,PEDESTRIAN,1.0,2016-06-10 00:00:00,NAIROBI,M,PEDESTRIAN,A,,ADULT,,06/10,2016,6,June,10,Friday,1215,12.0,15.0,AFTERNOON,28.0,DRIVER / CYCLIST BEHAVIOUR,KBR 302N/ZE 0353,False,False,False,False,False,False,False,False,False,False,False,True,False,
102,930,NAKURU,NAKURU,LANET NDUNDURI,NEAR NDUNDURI CENTRE,KAQ 572T G/TOURING,THE CYCLE LOST CONTROL AND THE VICTIM JUMPED AND WAS OVER RAN BY THE VEHICLE,MALE,A,71.0,PILLION PASSENGER,1.0,2016-06-10 00:00:00,NAKURU,M,P/PASSENGER,A,,ADULT,,06/10,2016,6,June,10,Friday,930,9.0,30.0,MORNING,71.0,PASSENGER / ATTENDANT,KAQ 572T G/TOURING,False,False,False,False,False,False,False,False,False,False,False,True,False,
103,1200,EMBU,EMBU,EMBU MERU,GATUNDURI,KMDQ 369 SKYGO & KCB 052Q MATATU,HEAD ON COLLISION,MALE,A,39.0,MOTORCYCLIST,1.0,2016-06-10 00:00:00,EMBU,M,M/CYCLIST,A,,ADULT,,06/10,2016,6,June,10,Friday,1200,12.0,0.0,AFTERNOON,39.0,DRIVER / CYCLIST BEHAVIOUR,KMDQ 369 SKYGO & KCB 052Q MATATU,True,True,False,False,False,False,False,False,False,True,False,False,False,
104,1730,DTEO STAREHE,NAIROBI,THIKA SUPERHIGHWAY,NEAR NGARA FOOT BRIDGE,KAW 594U TOYOTA DX,THE VEHICLE GOT A TYRE BURST LOST CONTROL AND HIT THE PAVEMENT,MALE,27,79.0,DRIVER,1.0,2016-06-10 00:00:00,NAIROBI,M,DRIVER,27,27.0,NUMERIC AGE,25-34,06/10,2016,6,June,10,Friday,1730,17.0,30.0,EVENING,79.0,VEHICLE DEFECT,KAW 594U TOYOTA DX,False,False,False,False,False,False,True,False,False,True,False,False,False,
105,2330,DIANI,KWALE,UKUNDA LIKONI,KING BRIDGE,KAS 280Z P/UP D.CAP,THE VEHICLE KNOCKED DOWN THE VICTIM,MALE,40,26.0,PEDAL CYCLIST,1.0,2016-06-10 00:00:00,KWALE,M,P/CYCLIST,40,40.0,NUMERIC AGE,35-44,06/10,2016,6,June,10,Friday,2330,23.0,30.0,NIGHT,26.0,DRIVER / CYCLIST BEHAVIOUR,KAS 280Z P/UP D.CAP,False,False,False,False,True,False,False,False,False,True,False,False,False,
106,2100,NAIVASHA,NAKURU,NAROK MAIMAHIU,SETLITE AREA,KBU 021S T/PREMIO,THE VEHICLE KNOCKED DOWN THE VICTIM,MALE,54,60.0,PEDESTRIAN,1.0,2016-06-10 00:00:00,NAKURU,M,PEDESTRIAN,54,54.0,NUMERIC AGE,45-54,06/10,2016,6,June,10,Friday,2100,21.0,0.0,NIGHT,60.0,PEDESTRIAN BEHAVIOUR,KBU 021S T/PREMIO,False,False,False,False,False,False,True,False,False,True,False,False,False,
107,230,SAGANA,MURANG'A,SAGANA MAKUTANO,SUICITI AREA,GK A 116N N/AMBULANCE & M/CYCLE,THE VEHICLE KNOCKED DOWN THE VICTIM,MALE,38,10.0,MOTORCYCLIST,1.0,2016-06-10 00:00:00,MURANGA,M,M/CYCLIST,38,38.0,NUMERIC AGE,35-44,06/10,2016,6,June,10,Friday,230,2.0,30.0,NIGHT,10.0,DRIVER / CYCLIST BEHAVIOUR,GK A 116N N/AMBULANCE & M/CYCLE,True,False,False,False,False,False,False,False,False,True,False,False,False,
108,300,NYARI,MOMBASA,LINKS ROAD,NEAR KENOL,KBN 469T M/CYCLE,THE VEHICLE KNOCKED DOWN THE VICTIM,MALE,A,26.0,MOTORCYCLIST,1.0,2016-06-10 00:00:00,MOMBASA,M,M/CYCLIST,A,,ADULT,,06/10,2016,6,June,10,Friday,300,3.0,0.0,NIGHT,26.0,DRIVER / CYCLIST BEHAVIOUR,KBN 469T M/CYCLE,True,False,False,False,False,False,False,False,False,True,False,False,False,
91,1100,KITALE,TRANS NZOIA,KITALE-ELDORET,KEPHIS,KCF 753C T/PASSO & KTWA 398C,HEAD ON COLLISION,FEMALE,J,26.0,PASSENGER,1.0,2016-06-11 00:00:00,TRANS NZOIA,F,PASSENGER,J,,JUVENILE,,06/11,2016,6,June,11,Saturday,1100,11.0,0.0,MORNING,26.0,DRIVER / CYCLIST BEHAVIOUR,KCF 753C T/PASSO & KTWA 398C,False,False,False,False,False,False,True,False,False,True,False,False,False,
92,1300,CHANGAMWE,MOMBASA,MOMBASA-NAIROBI,BANGLA AREA,KCC 949G SINOTRUCK LORRY,THE VEHICLE KNOCKED DOWN A PEDESTRIAN WHO WAS CROSSING THE ROAD,MALE,36,10.0,PEDESTRIAN,1.0,2016-06-11 00:00:00,MOMBASA,M,PEDESTRIAN,36,36.0,NUMERIC AGE,35-44,06/11,2016,6,June,11,Saturday,1300,13.0,0.0,AFTERNOON,10.0,DRIVER / CYCLIST BEHAVIOUR,KCC 949G SINOTRUCK LORRY,False,False,False,True,False,False,False,False,False,True,False,False,False,
93,1250,KERICHO,UASIN GISHU,KERICHO-KISUMU,KAPKAWA,KBJ 722V LORRY,THE VEHICLE LOST CONTROL AND LANDED IN A DITCH,MALE,40,26.0,DRIVER,1.0,2016-06-11 00:00:00,UASIN GISHU,M,DRIVER,40,40.0,NUMERIC AGE,35-44,06/11,2016,6,June,11,Saturday,1250,12.0,50.0,AFTERNOON,26.0,DRIVER / CYCLIST BEHAVIOUR,KBJ 722V LORRY,False,False,False,True,False,False,False,False,False,True,False,False,False,
94,1240,MAUA,EMBU,LAARE-MATUATI,MZALENDO,KCB 793B TOYOTA PROBOX,THE VEHICLE LOST CONTROL AND KNOCKED DOWN A PEDESTRIAN WHO WAS CROSSING THE ROAD,FEMALE,10,26.0,PEDESTRIAN,1.0,2016-06-11 00:00:00,EMBU,F,PEDESTRIAN,10,10.0,NUMERIC AGE,0-17,06/11,2016,6,June,11,Saturday,1240,12.0,40.0,AFTERNOON,26.0,DRIVER / CYCLIST BEHAVIOUR,KCB 793B TOYOTA PROBOX,False,False,False,False,False,False,True,False,False,True,False,False,False,
95,400,OTHAYA,NYERI,OTHAYA-NYERI,NDUNYO,KAG 155N ISUZU LORRY,"THE VEHICLE LOST CONTROL, VEERED OFF THE ROAD AND LANDED IN A DITCH",MALE,70 & 66,26.0,DRIVER & PASSENGER,2.0,2016-06-11 00:00:00,NYERI,M,DRIVER PASSENGER,70 & 66,,UNKNOWN,,06/11,2016,6,June,11,Saturday,400,4.0,0.0,NIGHT,26.0,DRIVER / CYCLIST BEHAVIOUR,KAG 155N ISUZU LORRY,False,False,False,True,False,False,False,False,False,True,False,False,False,
96,2020,EMBU,EMBU,EMBU-MERU,KIVUE,KBJ 77V HONDA CRV & KMDV 325J BAJAJ,HEAD ON COLLISION,MALE,A,7.0,MOTORCYCLIST & PILLION PASSENGER,2.0,2016-06-11 00:00:00,EMBU,M,MOTOR CYCLIST P/PASSENGER,A,,ADULT,,06/11,2016,6,June,11,Saturday,2020,20.0,20.0,EVENING,7.0,DRIVER / CYCLIST BEHAVIOUR,KBJ 77V HONDA CRV & KMDV 325J BAJAJ,True,False,False,False,False,False,False,False,False,True,False,False,False,
97,2040,NAKURU,NAKURU,NAKURU-NAIROBI,NAIVAS,UNKNOWN,HIT & RAN,MALE,30,98.0,PEDESTRIAN,1.0,2016-06-11 00:00:00,NAKURU,M,PEDESTRIAN,30,30.0,NUMERIC AGE,25-34,06/11,2016,6,June,11,Saturday,2040,20.0,40.0,EVENING,98.0,CAUSE NOT TRACED,UNKNOWN,False,False,False,False,False,False,False,True,False,True,False,False,False,
98,1240,THIKA,KIAMBU,THIKA-GATHIMA,GATUANYAGA,KAX 146U NISSAN UD LORRY,THE TRUN BOY WAS RAN OVER BY THE LORRY WHEN HE TRIED TO ALIGHT FROM IT WHILE MOVING,MALE,A,59.0,PASSENGER,1.0,2016-06-11 00:00:00,KIAMBU,M,PASSENGER,A,,ADULT,,06/11,2016,6,June,11,Saturday,1240,12.0,40.0,AFTERNOON,59.0,PEDESTRIAN BEHAVIOUR,KAX 146U NISSAN UD LORRY,False,False,False,True,False,False,False,False,False,True,False,False,False,
99,2330,NAROK,NAROK,NAROK-BOMET,BOMET,UNKNOWN,HIT & RAN,MALE,A,98.0,PEDESTRIAN,1.0,2016-06-11 00:00:00,NAROK,M,PEDESTRIAN,A,,ADULT,,06/11,2016,6,June,11,Saturday,2330,23.0,30.0,NIGHT,98.0,CAUSE NOT TRACED,UNKNOWN,False,False,False,False,False,False,False,True,False,True,False,False,False,
83,630,DTEO KAYOLE,NAIROBI,KANGUNDO,NEAR MOWLEMROAD JUNCTION,KMCN 638C YAMAHA,THE CYCLE LOST CONTROL AND FELL DOWN,MALE,21,54.0,MOTORCYCLIST,1.0,2016-06-12 00:00:00,NAIROBI,M,M/CYCLIST,21,21.0,NUMERIC AGE,18-24,06/12,2016,6,June,12,Sunday,630,6.0,30.0,MORNING,54.0,DRIVER / CYCLIST BEHAVIOUR,KMCN 638C YAMAHA,True,False,False,False,False,False,False,False,False,True,False,False,False,
84,1215,ELDORET,UASIN GISHU,NAKURU ELDORET,AT ANNEX,KCF 664D/ZD 3111 & KMDD 552P,THE VEHICLE KNOCKED DOWN THE VICTIM,FEMALE,35,25.0,PILLION PASSENGER,1.0,2016-06-12 00:00:00,UASIN GISHU,F,P/PASSENGER,35,35.0,NUMERIC AGE,35-44,06/12,2016,6,June,12,Sunday,1215,12.0,15.0,AFTERNOON,25.0,DRIVER / CYCLIST BEHAVIOUR,KCF 664D/ZD 3111 & KMDD 552P,False,False,False,False,False,False,False,False,False,False,False,True,False,
85,1130,SOTIK,KERICHO,KAPLONG LITEIN,DARAJA SITA,KCE 343P,THE VEHICLE LOST CONTROL AND KNOCKED DOWN THE VICTIM,MALE,9,26.0,PEDESTRIAN,1.0,2016-06-12 00:00:00,KERICHO,M,PEDESTRIAN,9,9.0,NUMERIC AGE,0-17,06/12,2016,6,June,12,Sunday,1130,11.0,30.0,MORNING,26.0,DRIVER / CYCLIST BEHAVIOUR,KCE 343P,False,False,False,False,False,False,False,False,False,False,False,True,False,
86,1920,KANGUNDO,MAKUENI,KANGUNDO NAIROBI,KALAAH KWARE BRIDGE,KBZ 571 T/MARK X,THE VEHICLE LOST CONTROL AND VEERED OFF THE ROAD,MIXED,A,26.0,DRIVER & PASSENGER,5.0,2016-06-12 00:00:00,MAKUENI,2M & 2F,4 PASSENGER 1 DRIVER,A,,ADULT,,06/12,2016,6,June,12,Sunday,1920,19.0,20.0,EVENING,26.0,DRIVER / CYCLIST BEHAVIOUR,KBZ 571 T/MARK X,False,False,False,False,False,False,True,False,False,True,False,False,False,
87,2000,DTEO KASARANI,NAIROBI,THIKA,ROOSTERS,KBY 278Y I/BUS,THE VEHICLE KNOCKED DOWN THE VICTIM,MALE,14,98.0,PEDESTRIAN,1.0,2016-06-12 00:00:00,NAIROBI,M,PEDESTRIAN,14,14.0,NUMERIC AGE,0-17,06/12,2016,6,June,12,Sunday,2000,20.0,0.0,EVENING,98.0,CAUSE NOT TRACED,KBY 278Y I/BUS,False,False,True,False,False,False,False,False,False,True,False,False,False,
88,2140,NYANDO,KISUMU,KATITO KENDU,KUSA,KBS 296J PROBOX,THE VEHICLE KNOCKED DOWN THE VICTIM,MALE,40,98.0,PEDESTRIAN,1.0,2016-06-12 00:00:00,KISUMU,M,PEDESTRIAN,40,40.0,NUMERIC AGE,35-44,06/12,2016,6,June,12,Sunday,2140,21.0,40.0,NIGHT,98.0,CAUSE NOT TRACED,KBS 296J PROBOX,False,False,False,False,False,False,True,False,False,True,False,False,False,
89,2330,DTEO BURUBURU,NAIROBI,KANGUNDO,BEN ROSE AREA,KAT 408K PAJERO & KAD 018F,HEAD ON COLLISION,MALE,38,10.0,DRIVER,1.0,2016-06-12 00:00:00,NAIROBI,M,DRIVER,38,38.0,NUMERIC AGE,35-44,06/12,2016,6,June,12,Sunday,2330,23.0,30.0,NIGHT,10.0,DRIVER / CYCLIST BEHAVIOUR,KAT 408K PAJERO & KAD 018F,False,False,False,False,False,False,True,False,False,True,False,False,False,
90,115,BUNGOMA,BUNGOMA,WEBUYE BUNGOMA,SIKATA AREA,KBP 778W T/MARK II,THE VEHICLE LOST CONTROL AND RAMMED INTO THE TRAILER,MALE,A,7.0,DRIVER,1.0,2016-06-12 00:00:00,BUNGOMA,M,DRIVER,A,,ADULT,,06/12,2016,6,June,12,Sunday,115,1.0,15.0,NIGHT,7.0,DRIVER / CYCLIST BEHAVIOUR,KBP 778W T/MARK II,False,False,False,False,False,False,True,False,False,True,False,False,False,
79,1900,SALAMA,MAKUENI,MOMBASA-NAIROBI,NGAAMA JUNCTION,KMDA 834C SKYGO & KBY 752R/ZE 6797 M/BENZ TRAILER,THE TRAILER RAMMED INTO THE RARE OF THE MOTOR CYCLE,MALE,A,29.0,MOTORCYCLIST,1.0,2016-06-13 00:00:00,MAKUENI,M,M/CYCLIST,A,,ADULT,,6/13/16,2016,6,June,13,Monday,1900,19.0,0.0,EVENING,29.0,DRIVER / CYCLIST BEHAVIOUR,KMDA 834C SKYGO & KBY 752R/ZE 6797 M/BENZ TRAILER,True,False,False,False,False,False,False,False,True,True,False,False,False,
80,2000,INDO AREA,NAIROBI,MOMBASA,NEAR GENERAL MOTORS,KCF 612U MITSUBISHI CANTER,THE VEHICLE KNOCKED DOWN THE VICTIM WHO WAS CROSSING THE ROAD,MALE,A,61.0,PEDESTRIAN,1.0,2016-06-13 00:00:00,NAIROBI,M,PEDESTRIAN,A,,ADULT,,6/13/16,2016,6,June,13,Monday,2000,20.0,0.0,EVENING,61.0,PEDESTRIAN BEHAVIOUR,KCF 612U MITSUBISHI CANTER,False,False,False,True,False,False,False,False,False,True,False,False,False,
81,2020,LUANDA,KAKAMEGA,SIAYA-LUANDA,GITOMBU AREA,KBA 104G TOYOTA MATATU & KMCK 934P BOXER,THE MATATU HIT A MOTOR CYCLE,MALE,A,50.0,MOTORCYCLIST,1.0,2016-06-13 00:00:00,KAKAMEGA,M,M/CYCLIST,A,,ADULT,,6/13/16,2016,6,June,13,Monday,2020,20.0,20.0,EVENING,50.0,DRIVER / CYCLIST BEHAVIOUR,KBA 104G TOYOTA MATATU & KMCK 934P BOXER,True,True,False,False,False,False,False,False,False,True,False,False,False,
82,1945,MARIAKANI,KILIFI,MARIAKANI-KALOLENI,MWAMBA NYUNDO AREA,KCC 926T EICHER TIPPER,"THE VEHICLE LOST CONTROL, VEERED OFF THE ROAD AND KNOCKED DOWN A PEDESTRIAN WHO WAS WALKING ASIDE THE ROAD",MALE,A,26.0,PEDESTRIAN,1.0,2016-06-13 00:00:00,KILIFI,M,PEDESTRIAN,A,,ADULT,,6/13/16,2016,6,June,13,Monday,1945,19.0,45.0,EVENING,26.0,DRIVER / CYCLIST BEHAVIOUR,KCC 926T EICHER TIPPER,False,False,False,True,False,False,False,False,False,True,False,False,False,
71,1210,MWEA,EMBU,MWEA EMBU,KIMBIMBI,KCA 638W TOYOTA SUCEED,THE VEHICLE KNOCKED DOWN THE VICTIM,MALE,78,60.0,PEDESTRIAN,1.0,2016-06-14 00:00:00,EMBU,M,PEDESTRIAN,78,78.0,NUMERIC AGE,65+,6/14/16,2016,6,June,14,Tuesday,1210,12.0,10.0,AFTERNOON,60.0,PEDESTRIAN BEHAVIOUR,KCA 638W TOYOTA SUCEED,False,False,False,False,False,False,True,False,False,True,False,False,False,
72,900,VOI,TAITA TAVETA,NAIROBI MOMBASA,MACKINON,KCH 938B ISUZU DMAX P/UP TRAILER ZE 3978,THE VEHICLE KNOCKED DOWN THE VICTIM,FEMALE,A,92.0,PEDESTRIAN,1.0,2016-06-14 00:00:00,TAITA TAVETA,F,PEDESTRIAN,A,,ADULT,,6/14/16,2016,6,June,14,Tuesday,900,9.0,0.0,MORNING,92.0,ROAD CONDITION,KCH 938B ISUZU DMAX P/UP TRAILER ZE 3978,False,False,False,False,True,False,False,False,True,True,False,False,False,
73,1700,KEROKA,KISII,KEROKA SOTIK,RIBUOKA AREA,GKB 118E TOYOTA L/CRUISER & KAB 303D TOYOTA 100,HEAD ON COLLISION,MALE,A,7.0,DRIVER,1.0,2016-06-14 00:00:00,KISII,M,DRIVER,A,,ADULT,,6/14/16,2016,6,June,14,Tuesday,1700,17.0,0.0,EVENING,7.0,DRIVER / CYCLIST BEHAVIOUR,GKB 118E TOYOTA L/CRUISER & KAB 303D TOYOTA 100,False,False,False,False,False,False,True,False,False,True,False,False,False,
74,1730,NAKURU,NAKURU,NAKURU GILGIL,GREENSTEAD SCHOOL,KBZ 857W TOYOTA MATATU,THE VEHICLE KNOCKED DOWN THE VICTIM,MALE,60,60.0,PEDESTRIAN,1.0,2016-06-14 00:00:00,NAKURU,M,PEDESTRIAN,60,60.0,NUMERIC AGE,55-64,6/14/16,2016,6,June,14,Tuesday,1730,17.0,30.0,EVENING,60.0,PEDESTRIAN BEHAVIOUR,KBZ 857W TOYOTA MATATU,False,True,False,False,False,False,False,False,False,True,False,False,False,
75,1830,EMBAKASI,NAIROBI,NORTH AIRPORT,NEAR NAKUMATT,KBL 381F ZD 6164,THE VEHICLE KNOCKED DOWN THE VICTIM,MALE,A,26.0,PEDESTRIAN,1.0,2016-06-14 00:00:00,NAIROBI,M,PEDESTRIAN,A,,ADULT,,6/14/16,2016,6,June,14,Tuesday,1830,18.0,30.0,EVENING,26.0,DRIVER / CYCLIST BEHAVIOUR,KBL 381F ZD 6164,False,False,False,False,False,False,False,False,False,False,False,True,False,
76,100,KAREN,NAIROBI,SOUTHERN BY PASS,NDUNYU,KCD 177E PROBOX,THE VEHICLE LOST CONTROL AND VEERED OFF THE ROAD,MALE,30,26.0,DRIVER,1.0,2016-06-14 00:00:00,NAIROBI,M,DRIVER,30,30.0,NUMERIC AGE,25-34,6/14/16,2016,6,June,14,Tuesday,100,1.0,0.0,NIGHT,26.0,DRIVER / CYCLIST BEHAVIOUR,KCD 177E PROBOX,False,False,False,False,False,False,True,False,False,True,False,False,False,
77,2350,KISERIAN,KAJIADO,MAGADI KISERIAN,ST.PATRICK,KMCD 333C KMCY 801M,HEAD ON COLLISION,MALE,32,92.0,MOTORCYCLIST,1.0,2016-06-14 00:00:00,KAJIADO,M,M/CYCLIST,32,32.0,NUMERIC AGE,25-34,6/14/16,2016,6,June,14,Tuesday,2350,23.0,50.0,NIGHT,92.0,ROAD CONDITION,KMCD 333C KMCY 801M,False,False,False,False,False,False,False,False,False,False,False,True,False,
78,1830,NAKURU,NAKURU,NAKURU NAIROBI,MANDERA HOUSE,KMCK 510R TVS,THE VEHICLE KNOCKED DOWN THE VICTIM,MALE,A,26.0,MOTORCYCLIST,1.0,2016-06-14 00:00:00,NAKURU,M,M/CYCLIST,A,,ADULT,,6/14/16,2016,6,June,14,Tuesday,1830,18.0,30.0,EVENING,26.0,DRIVER / CYCLIST BEHAVIOUR,KMCK 510R TVS,True,False,False,False,False,False,False,False,False,True,False,False,False,
67,930,CHANGAMWE,MOMBASA,MAINLAND-JOMVU,WAYANI AREA,KMDM 842K HAOJIN & KBE 301E N/MATATU,HEAD ON COLLISION,MALE,19 & 21,26.0,MOTORCYCLIST & PILLION PASSENGER,2.0,2016-06-15 00:00:00,MOMBASA,M,M/CYCLIST & P/PASSENGER,19 & 21,,UNKNOWN,,6/15/16,2016,6,June,15,Wednesday,930,9.0,30.0,MORNING,26.0,DRIVER / CYCLIST BEHAVIOUR,KMDM 842K HAOJIN & KBE 301E N/MATATU,True,True,False,False,False,False,False,False,False,True,False,False,False,
68,1800,DTEO LANGATA,NAIROBI,SOUTHERN BY PASS,CHINESE CONSTRUCTION SITE,KCB 216B ISUZU BUS (LUMINOUS SACCO),THE BUS KNOCKED DOWN THE VICTIM WHO WAS CROSSING THE ROAD,MALE,30,60.0,PEDESTRIAN,1.0,2016-06-15 00:00:00,NAIROBI,M,PEDESTRIAN,30,30.0,NUMERIC AGE,25-34,6/15/16,2016,6,June,15,Wednesday,1800,18.0,0.0,EVENING,60.0,PEDESTRIAN BEHAVIOUR,KCB 216B ISUZU BUS (LUMINOUS SACCO),False,False,True,False,False,False,False,False,False,True,False,False,False,
69,1930,NANDI CENTRAL,UASIN GISHU,ELDORET -KAPSABET,LESSOS AREA,KHMA 308F M/TRACTOR CATAPILLA,THE TRACTOR LOST CONTROL AND HIT A PEDESTRIAN,MALE,28,26.0,PEDESTRIAN,1.0,2016-06-15 00:00:00,UASIN GISHU,M,PEDESTRIAN,28,28.0,NUMERIC AGE,25-34,6/15/16,2016,6,June,15,Wednesday,1930,19.0,30.0,EVENING,26.0,DRIVER / CYCLIST BEHAVIOUR,KHMA 308F M/TRACTOR CATAPILLA,False,False,False,False,False,True,False,False,False,True,False,False,False,
70,2030,GILGIL,NAKURU,ELEMENTAITA-GACHUMA,KAHURUKO,KTCB 527Q TRACTOR HOLLAND,THE DRIVER FELL DOWN AND WAS RUN OVER BY THE REAR RIGHT WHEEL,MALE,55,50.0,DRIVER,1.0,2016-06-15 00:00:00,NAKURU,M,DRIVER,55,55.0,NUMERIC AGE,55-64,6/15/16,2016,6,June,15,Wednesday,2030,20.0,30.0,EVENING,50.0,DRIVER / CYCLIST BEHAVIOUR,KTCB 527Q TRACTOR HOLLAND,False,False,False,False,False,True,False,False,False,True,False,False,False,
62,645,KAKAMEGA,KAKAMEGA,EKERO EBUHANGA,EBOKOLO,UNKNOWN,HIT AND RAN,MALE,26,98.0,PEDESTRIAN,1.0,2016-06-16 00:00:00,KAKAMEGA,M,PEDESTRIAN,26,26.0,NUMERIC AGE,25-34,6/16/16,2016,6,June,16,Thursday,645,6.0,45.0,MORNING,98.0,CAUSE NOT TRACED,UNKNOWN,False,False,False,False,False,False,False,True,False,True,False,False,False,
63,900,KENDU BAY,HOMA BAY,KENDU BAY-KATITO,BIAFRA,UNKNOWN,HIT AND RAN,MALE,A,98.0,PEDESTRIAN,1.0,2016-06-16 00:00:00,HOMA BAY,M,PEDESTRIAN,A,,ADULT,,6/16/16,2016,6,June,16,Thursday,900,9.0,0.0,MORNING,98.0,CAUSE NOT TRACED,UNKNOWN,False,False,False,False,False,False,False,True,False,True,False,False,False,
64,2100,NAROMORU,NYERI,NYERI-NANYUKI,NATIONAL OIL PETROL STATION,KBZ 710R T/AVENSIS,THE VEHICLE KNOCKED DOWN THE VICTIM,MALE,A,50.0,PEDAL CYCLIST,1.0,2016-06-16 00:00:00,NYERI,M,PEDAL CYCLIST,A,,ADULT,,6/16/16,2016,6,June,16,Thursday,2100,21.0,0.0,NIGHT,50.0,DRIVER / CYCLIST BEHAVIOUR,KBZ 710R T/AVENSIS,False,False,False,False,False,False,True,False,False,True,False,False,False,
65,220,NTULELE,NAROK,NAROK-MAIMAHIU,MALTAURO,KCD 078M/ZD 9607 SHACKMAN,THE VEHICLE LOST CONTROL AND LANDED INTO A DITCH,FEMALE,A,78.0,PASSENGER,1.0,2016-06-16 00:00:00,NAROK,F,PASSENGER,A,,ADULT,,6/16/16,2016,6,June,16,Thursday,220,2.0,20.0,NIGHT,78.0,VEHICLE DEFECT,KCD 078M/ZD 9607 SHACKMAN,False,False,False,True,False,False,False,False,False,True,False,False,False,
66,2015,BURETI,KERICHO,BURET NGOINA,NGOINA JUNCTION,KCE 051E T/PROBOX & MITSUBISHI PETROL TANKER,THE PROBOX WAS OVERTAKING UNKNOWN M/V HENCE COLLIDED HEAD ON WITH THE PETROL TANKER,MALE,A,10.0,DRIVER & PASSENGER,8.0,2016-06-16 00:00:00,KERICHO,M,7 PASSENGERS 1 DRIVER,A,,ADULT,,6/16/16,2016,6,June,16,Thursday,2015,20.0,15.0,EVENING,10.0,DRIVER / CYCLIST BEHAVIOUR,KCE 051E T/PROBOX & MITSUBISHI PETROL TANKER,False,False,False,False,False,False,True,False,True,True,False,False,False,
57,900,KAJIADO,KAJIADO,OLENARA IMPORO,IMPORO AREA,KCB 173L FAW LORRY,THE VEHICLE LOST CONTROL VEERED OFF THE ROAD AND KNOCKED DOWN THE VICTIM,MALE,A,80.0,PASSENGER,1.0,2016-06-17 00:00:00,KAJIADO,M,PASSENGER,A,,ADULT,,6/17,2016,6,June,17,Friday,900,9.0,0.0,MORNING,80.0,VEHICLE DEFECT,KCB 173L FAW LORRY,False,False,False,True,False,False,False,False,False,True,False,False,False,
58,1920,DAGORETI,NAIROBI,WAIYAKI WAY,KANGEMI MARKET,KBZ 711N NISSAN UD BUS,THE VEHICLE KNOCKED DOWN THE VICTIM,MALE,36,60.0,PEDESTRIAN,1.0,2016-06-17 00:00:00,NAIROBI,M,PEDESTRIAN,36,36.0,NUMERIC AGE,35-44,6/17,2016,6,June,17,Friday,1920,19.0,20.0,EVENING,60.0,PEDESTRIAN BEHAVIOUR,KBZ 711N NISSAN UD BUS,False,False,True,False,False,False,False,False,False,True,False,False,False,
59,2245,KERICHO,KERICHO,KERICHO NAKURU,AISUKU AREA,KBT 499T TOYOTA PROBOX & KBL 487D/ZB 7349 SCANIA TRAILER,HEAD ON COLLISION,MALE,A,10.0,PASSENGER,1.0,2016-06-17 00:00:00,KERCHO,M,PASSENGER,A,,ADULT,,6/17,2016,6,June,17,Friday,2245,22.0,45.0,NIGHT,10.0,DRIVER / CYCLIST BEHAVIOUR,KBT 499T TOYOTA PROBOX & KBL 487D/ZB 7349 SCANIA TRAILER,False,False,False,False,False,False,True,False,True,True,False,False,False,
60,2010,MUMIAS,KAKAMEGA,MUMIAS KAKAMEGA,MWITOTI AREA,UNKNOWN,HIT AND RUN,MALE,"17,43",98.0,PEDESTRIAN,2.0,2016-06-17 00:00:00,KAKAMEGA,M,PEDESTRIAN,"17,43",,UNKNOWN,,6/17,2016,6,June,17,Friday,2010,20.0,10.0,EVENING,98.0,CAUSE NOT TRACED,UNKNOWN,False,False,False,False,False,False,False,True,False,True,False,False,False,
61,2045,MUMIAS,KAKAMEGA,MATUNGU OKALLO MURRAM ROAD,MAKALE,KAJ 723P MITSUBISH LORRY & KMDT 575W SKYGO,THE VEHICLE KNOCKED DOWN THE VICTIM,MALE,A,44.0,MOTORCYCLIST,1.0,2016-06-17 00:00:00,KAKAMEGA,M,M/CYCLIST,A,,ADULT,,6/17,2016,6,June,17,Friday,2045,20.0,45.0,EVENING,44.0,DRIVER / CYCLIST BEHAVIOUR,KAJ 723P MITSUBISH LORRY & KMDT 575W SKYGO,True,False,False,True,False,False,False,False,False,True,False,False,False,
45,UNKNOWN TIME,TARU,KWALE,MSA VOI ROAD,PIPELINE,UNKNOWN,HIT AND RUN,MALE,A,98.0,PEDESTRIAN,1.0,2016-06-18 00:00:00,KWALE,M,PEDESTRIAN,A,,ADULT,,6/18/16,2016,6,June,18,Saturday,UNKNOWN TIME,,,UNKNOWN,98.0,CAUSE NOT TRACED,UNKNOWN,False,False,False,False,False,False,False,True,False,True,False,False,False,
46,1120,MTWAPA,KILIFI,KILIFI MOMBASA,GOROFANI AREA,KAX 337Z MITSUBISHI CANTER,THE VEHICLE HIT THE M/CYCLE,MALE,36,26.0,PILLION PASSENGER,1.0,2016-06-18 00:00:00,KILIFI,M,P/PASSENGER,36,36.0,NUMERIC AGE,35-44,6/18/16,2016,6,June,18,Saturday,1120,11.0,20.0,MORNING,26.0,DRIVER / CYCLIST BEHAVIOUR,KAX 337Z MITSUBISHI CANTER,False,False,False,True,False,False,False,False,False,True,False,False,False,
47,1500,LARI,KIAMBU,KIJABE GICHIEGO ROAD,GICHIEGO,KCE 161S ISUZU LORRY,THE VEHICLE LOST CONTROL AND RAMMD INTO A TREE,MALE,A,26.0,DRIVER,1.0,2016-06-18 00:00:00,KIAMBU,M,DRIVER,A,,ADULT,,6/18/16,2016,6,June,18,Saturday,1500,15.0,0.0,AFTERNOON,26.0,DRIVER / CYCLIST BEHAVIOUR,KCE 161S ISUZU LORRY,False,False,False,True,False,False,False,False,False,True,False,False,False,
48,1500,LARI,KIAMBU,KIJABE GICHIEGO ROAD,GICHIEGO,KCE 161S ISUZU LORRY,THE VEHICLE LOST CONTROL AND RAMMD INTO A TREE,MALE,A,26.0,PASSENGER,2.0,2016-06-18 00:00:00,KIAMBU,M,PASSENGER,A,,ADULT,,6/18/16,2016,6,June,18,Saturday,1500,15.0,0.0,AFTERNOON,26.0,DRIVER / CYCLIST BEHAVIOUR,KCE 161S ISUZU LORRY,False,False,False,True,False,False,False,False,False,True,False,False,False,
49,1830,GIGIRI,NAIROBI,PARKLANDS MUTHAMA,MUTHAMA JUNCTION,KAP 625K MIT CANTER AND KMCX 467Y YAMAHA,THE CYCLE WAS HIT BY THE MOTOR VEHICLE,MALE,40,7.0,MOTORCYCLIST,1.0,2016-06-18 00:00:00,NAIROBI,M,M/CYCLIST,40,40.0,NUMERIC AGE,35-44,6/18/16,2016,6,June,18,Saturday,1830,18.0,30.0,EVENING,7.0,DRIVER / CYCLIST BEHAVIOUR,KAP 625K MIT CANTER AND KMCX 467Y YAMAHA,True,False,False,True,False,False,False,False,False,True,False,False,False,
50,2030,GUCHA,KISII,KISII KILGORIS ROAD,GUCHA,KAR 635G TOYOTA G TOURING,THE VEHICLE KNOCKED DOWN THE VICTIM,MALE,A,7.0,PEDESTRIAN,1.0,2016-06-18 00:00:00,KISII,M,PEDESTRIAN,A,,ADULT,,6/18/16,2016,6,June,18,Saturday,2030,20.0,30.0,EVENING,7.0,DRIVER / CYCLIST BEHAVIOUR,KAR 635G TOYOTA G TOURING,False,False,False,False,False,False,True,False,False,True,False,False,False,
51,1830,AWENDO,HOMA BAY,KISII MIGORI,GUCHA BRIDGE,KAW 695V ISUZU BUS AND KCH 050B M/BENZ LORRY,HEAD ON COLLISION,FEMALE,A,26.0,PASSENGER,1.0,2016-06-18 00:00:00,HOMA BAY,F,PASSENGER,A,,ADULT,,6/18/16,2016,6,June,18,Saturday,1830,18.0,30.0,EVENING,26.0,DRIVER / CYCLIST BEHAVIOUR,KAW 695V ISUZU BUS AND KCH 050B M/BENZ LORRY,False,False,True,True,False,False,False,False,False,True,False,False,False,
52,2100,KISERIAN,KAJIADO,KISERIAN ISINYA,DAWAMU,KMDH 318T BAJAJ AND KCG 918C T/SALOON,HEAD ON COLLISION,MALE,33,22.0,MOTORCYCLIST,1.0,2016-06-18 00:00:00,KAJIADO,M,M/CYCLIST,33,33.0,NUMERIC AGE,25-34,6/18/16,2016,6,June,18,Saturday,2100,21.0,0.0,NIGHT,22.0,DRIVER / CYCLIST BEHAVIOUR,KMDH 318T BAJAJ AND KCG 918C T/SALOON,True,False,False,False,False,False,True,False,False,True,False,False,False,
53,2330,KITALE,UASIN GISHU,KITALE WEBUYE,KIMININI,KBY 650G TOYOTA SALOON AND KMCH 461N TVS,THE VEHICLE HIT THE M/CYCLE,MALE,27,8.0,PILLION PASSENGER,1.0,2016-06-18 00:00:00,UASIN GISHU,M,P/PASSENGER,27,27.0,NUMERIC AGE,25-34,6/18/16,2016,6,June,18,Saturday,2330,23.0,30.0,NIGHT,8.0,DRIVER / CYCLIST BEHAVIOUR,KBY 650G TOYOTA SALOON AND KMCH 461N TVS,True,False,False,False,False,False,True,False,False,True,False,False,False,
54,2200,TARAKWA,NAKURU,ELDORET NAKURU,NGONG,KBT 945N,THE VEHICLE KNOCKED DOWN THE VICTIM,MALE,A,68.0,PEDESTRIAN,1.0,2016-06-18 00:00:00,NAKURU,M,PEDESTRIAN,A,,ADULT,,6/18/16,2016,6,June,18,Saturday,2200,22.0,0.0,NIGHT,68.0,PEDESTRIAN BEHAVIOUR,KBT 945N,False,False,False,False,False,False,False,False,False,False,False,True,False,
55,2230,NAROK,NAROK,NAROK OLOPITO,OLOPITO,UNKNOWN,HIT AND RUN,MALE,A,98.0,PEDESTRIAN,1.0,2016-06-18 00:00:00,NAROK,M,PEDESTRIAN,A,,ADULT,,6/18/16,2016,6,June,18,Saturday,2230,22.0,30.0,NIGHT,98.0,CAUSE NOT TRACED,UNKNOWN,False,False,False,False,False,False,False,True,False,True,False,False,False,
56,110,KAREN,NAIROBI,NGONG ROAD,PATHWAY JUNCTION,UNKNOWN,HIT AND RUN,MALE,40,98.0,PEDESTRIAN,1.0,2016-06-18 00:00:00,NAIROBI,M,PEDESTRIAN,40,40.0,NUMERIC AGE,35-44,6/18/16,2016,6,June,18,Saturday,110,1.0,10.0,NIGHT,98.0,CAUSE NOT TRACED,UNKNOWN,False,False,False,False,False,False,False,True,False,True,False,False,False,
41,1230,EMBAKASI,NAIROBI,MOMBASA,IMARA DAIMA,KCF 446Z FORD P/UP,THE VEHICLE KNOCKED DOWN THE VICTIM WHO WAS CROSSING THE ROAD,MALE,J,60.0,PEDESTRIAN,1.0,2016-06-19 00:00:00,NAIROBI,M,PEDESTRIAN,J,,JUVENILE,,6/19/16,2016,6,June,19,Sunday,1230,12.0,30.0,AFTERNOON,60.0,PEDESTRIAN BEHAVIOUR,KCF 446Z FORD P/UP,False,False,False,False,True,False,False,False,False,True,False,False,False,
42,1100,KILIFI,KILIFI,KILIFI-MALINDI,CHUMANI,KCB 593M NISSAN MATATU & KMDM 832V BOXER,HEAD ON COLLISION,MALE,A,10.0,MOTORCYCLIST & PILLION PASSENGER,2.0,2016-06-19 00:00:00,KILIFI,M,MOTOR CYCLIST & P/PASSENGER,A,,ADULT,,6/19/16,2016,6,June,19,Sunday,1100,11.0,0.0,MORNING,10.0,DRIVER / CYCLIST BEHAVIOUR,KCB 593M NISSAN MATATU & KMDM 832V BOXER,True,True,False,False,False,False,False,False,False,True,False,False,False,
43,2100,SALGAA,NAKURU,NAKURU-ELDORET,MOLO RIVER,UNKNOWN,HIT & RAN,MALE,A,98.0,PEDESTRIAN,1.0,2016-06-19 00:00:00,NAKURU,M,PEDESTRIAN,A,,ADULT,,6/19/16,2016,6,June,19,Sunday,2100,21.0,0.0,NIGHT,98.0,CAUSE NOT TRACED,UNKNOWN,False,False,False,False,False,False,False,True,False,True,False,False,False,
44,2100,MAKONGENI,NAIROBI,JOGOO,MAZIWA,KCD 198V ISUZU MINI BUS & KMDP 816P BOXER,THE BUS HIT THE MOTOR CYCLE FROM BEHIND,MALE,30,30.0,MOTORCYCLIST,1.0,2016-06-19 00:00:00,NAIROBI,M,MOTOR CYCLIST,30,30.0,NUMERIC AGE,25-34,6/19/16,2016,6,June,19,Sunday,2100,21.0,0.0,NIGHT,30.0,DRIVER / CYCLIST BEHAVIOUR,KCD 198V ISUZU MINI BUS & KMDP 816P BOXER,True,False,True,False,False,False,False,False,False,True,False,False,False,
34,545,DTEO CENTRAL,NAIROBI,LANDHIES,NEAR NASIKO COOP BANK,UNKNOWN,HIT AND RUN,MALE,30,98.0,PEDESTRIAN,1.0,2016-06-20 00:00:00,NAIROBI,M,PEDESTRIAN,30,30.0,NUMERIC AGE,25-34,6/20/16,2016,6,June,20,Monday,545,5.0,45.0,MORNING,98.0,CAUSE NOT TRACED,UNKNOWN,False,False,False,False,False,False,False,True,False,True,False,False,False,
35,720,DTEO KAYOLE,NAIROBI,KAMOROCK,MSAPONI COURT EATATE GATE,KBQ 725L SALOON CAR,THE VEHICLE KNOCKED DOWN THE VICTIM,FEMALE,A,26.0,PEDESTRIAN,1.0,2016-06-20 00:00:00,NAIROBI,F,PEDESTRIAN,A,,ADULT,,6/20/16,2016,6,June,20,Monday,720,7.0,20.0,MORNING,26.0,DRIVER / CYCLIST BEHAVIOUR,KBQ 725L SALOON CAR,False,False,False,False,False,False,True,False,False,True,False,False,False,
36,1525,MOIS BRIDGE,TRANS NZOIA,ELDORET KITALE,SOI BRIDGE,KAB 686E ISUZU AVR & M/CYCLE,THE CYCLE LOST CONTROL AND HIT THE VEHICLE,MALE,29,20.0,MOTORCYCLIST,1.0,2016-06-20 00:00:00,TRANS NZOIA,M,M/CYCLIST,29,29.0,NUMERIC AGE,25-34,6/20/16,2016,6,June,20,Monday,1525,15.0,25.0,AFTERNOON,20.0,DRIVER / CYCLIST BEHAVIOUR,KAB 686E ISUZU AVR & M/CYCLE,True,False,False,False,False,False,False,False,False,True,False,False,False,
37,1525,BONDO,SIAYA,LUANDA KOTIENO NDORI,MITURI AREA,KBZ 966Z F/RANGER & KMDS 622E BOXER,THE VEHICLE KNOCKED DOWN THE VICTIM,FEMALE,1.5,29.0,PILLION PASSENGER,1.0,2016-06-20 00:00:00,SIAYA,F,P/PASSENGER,1.5,1.5,UNKNOWN,0-17,6/20/16,2016,6,June,20,Monday,1525,15.0,25.0,AFTERNOON,29.0,DRIVER / CYCLIST BEHAVIOUR,KBZ 966Z F/RANGER & KMDS 622E BOXER,True,False,False,False,False,False,False,False,False,True,False,False,False,
38,1930,DTEO KAREN,NAIROBI,SOUTHERN BY PASS,NGONG ROAD JUNCTION,KX 23A L/CRUISER,THE VEHICLE KNOCKED DOWN THE VICTIM,FEMALE,57,98.0,PEDESTRIAN,1.0,2016-06-20 00:00:00,NAIROBI,F,PEDESTRIAN,57,57.0,NUMERIC AGE,55-64,6/20/16,2016,6,June,20,Monday,1930,19.0,30.0,EVENING,98.0,CAUSE NOT TRACED,KX 23A L/CRUISER,False,False,False,False,False,False,True,False,False,True,False,False,False,
39,2100,KITENGELA,KAJIADO,KITENGELA ISINYA,KIMALAT AREA,KAW 366A TOWNACE,THE VEHICLE KNOCKED DOWN THE VICTIM,MALE,A,68.0,PEDESTRIAN,1.0,2016-06-20 00:00:00,KAJIADO,M,PEDESTRIAN,A,,ADULT,,6/20/16,2016,6,June,20,Monday,2100,21.0,0.0,NIGHT,68.0,PEDESTRIAN BEHAVIOUR,KAW 366A TOWNACE,False,False,False,False,False,False,False,False,False,True,True,False,False,
40,2130,KIKUYU,KIAMBU,NAIVASHA NAIROBI,KIAMBAA AREA,KCC 734R MATATU,THE VEHICLE KNOCKED DOWN THE VICTIM,MALE,35,68.0,PEDESTRIAN,1.0,2016-06-20 00:00:00,KIAMBU,M,PEDESTRIAN,35,35.0,NUMERIC AGE,35-44,6/20/16,2016,6,June,20,Monday,2130,21.0,30.0,NIGHT,68.0,PEDESTRIAN BEHAVIOUR,KCC 734R MATATU,False,True,False,False,False,False,False,False,False,True,False,False,False,
28,640,KASARANI,NAIROBI,THIKA SUPER HIGHWAY,HOMELAND ZEBRA CROSSING,KCD 938V TOYOTA WISH,THE VEHICLE KNOCKED DOWN THE VICTIM,MALE,A,14.0,PEDESTRIAN,1.0,2016-06-21 00:00:00,NAIROBI,M,PEDESTRIAN,A,,ADULT,,6/21/16,2016,6,June,21,Tuesday,640,6.0,40.0,MORNING,14.0,DRIVER / CYCLIST BEHAVIOUR,KCD 938V TOYOTA WISH,False,False,False,False,False,False,True,False,False,True,False,False,False,
29,900,DIANI,KWALE,MSAMBWENI UKUNDA,MWABUNGO AREA,KBW 225C TOYOTA PROBOX & KMDS 126E HAOJIN,THE VEHICLE KNOCKED DOWN THE VICTIM,MALE,30,17.0,MOTORCYCLIST,1.0,2016-06-21 00:00:00,KWALE,M,M/CYCLIST,30,30.0,NUMERIC AGE,25-34,6/21/16,2016,6,June,21,Tuesday,900,9.0,0.0,MORNING,17.0,DRIVER / CYCLIST BEHAVIOUR,KBW 225C TOYOTA PROBOX & KMDS 126E HAOJIN,True,False,False,False,False,False,True,False,False,True,False,False,False,
30,1300,TIGANIA,MERU,MERU MAUA,KIRAENE AREA,KCH 213B TOYOTA HILUX P/UP,THE VEHICLE KNOCKED DOWN THE VICTIM,FEMALE,13,7.0,PEDAL CYCLIST,1.0,2016-06-21 00:00:00,MERU,F,P/CYCLIST,13,13.0,NUMERIC AGE,0-17,6/21/16,2016,6,June,21,Tuesday,1300,13.0,0.0,AFTERNOON,7.0,DRIVER / CYCLIST BEHAVIOUR,KCH 213B TOYOTA HILUX P/UP,False,False,False,False,True,False,False,False,False,True,False,False,False,
31,2225,MAKINDU,MAKUENI,NAIROBI MOMBASA,NEAR MAKINDU TOWN,KBW 777C TOYOTA PRADO & KMDE 953N TORNADO,THE VEHICLE HIT THE M/CYCLE,MALE,A,10.0,MOTORCYCLIST,1.0,2016-06-21 00:00:00,MAKUENI,M,M/CYCLIST,A,,ADULT,,6/21/16,2016,6,June,21,Tuesday,2225,22.0,25.0,NIGHT,10.0,DRIVER / CYCLIST BEHAVIOUR,KBW 777C TOYOTA PRADO & KMDE 953N TORNADO,False,False,False,False,False,False,True,False,False,True,False,False,False,
32,2225,MAKINDU,MAKUENI,NAIROBI MOMBASA,NEAR MAKINDU TOWN,KBW 777C TOYOTA PRADO & KMDE 953N TORNADO,THE VEHICLE HIT THE M/CYCLE,MALE,A,10.0,PILLION PASSENGER,1.0,2016-06-21 00:00:00,MAKUENI,M,P/PASSENGER,A,,ADULT,,6/21/16,2016,6,June,21,Tuesday,2225,22.0,25.0,NIGHT,10.0,DRIVER / CYCLIST BEHAVIOUR,KBW 777C TOYOTA PRADO & KMDE 953N TORNADO,False,False,False,False,False,False,True,False,False,True,False,False,False,
33,115,MOI'S BRIDGE,NANDI,ELDORET KITALE,SOI BRIDGE,KBQ 581M TOYOTA SALOON & KBF 239D TOYOTA PRADO,HEAD ON COLLISION,MALE,32,98.0,DRIVER,1.0,2016-06-21 00:00:00,NANDI,M,DRIVER,32,32.0,NUMERIC AGE,25-34,6/21/16,2016,6,June,21,Tuesday,115,1.0,15.0,NIGHT,98.0,CAUSE NOT TRACED,KBQ 581M TOYOTA SALOON & KBF 239D TOYOTA PRADO,False,False,False,False,False,False,True,False,False,True,False,False,False,
22,800,DTEO CENTRAL,NAIROBI,HAILE SELASIE,GK PRINTERS,KCC 742P TOYOTA VAN,THE VEHICLE KNOCKED DOWN THE VICTIM,FEMALE,A,26.0,PEDESTRIAN,1.0,2016-06-22 00:00:00,NAIROBI,F,PEDESTRIAN,A,,ADULT,,6/22/16,2016,6,June,22,Wednesday,800,8.0,0.0,MORNING,26.0,DRIVER / CYCLIST BEHAVIOUR,KCC 742P TOYOTA VAN,False,False,False,False,False,False,False,False,False,True,True,False,False,
23,800,BONDO,SIAYA,BONDO USENGE,UDONGO,KCB 558Z TOYOTA MATATU,THE VEHICLE GOT A TYRE BURST AND LOST CONTROL,FEMALE,A,26.0,PASSENGER,2.0,2016-06-22 00:00:00,SIAYA,F,PASSENGER,A,,ADULT,,6/22/16,2016,6,June,22,Wednesday,800,8.0,0.0,MORNING,26.0,DRIVER / CYCLIST BEHAVIOUR,KCB 558Z TOYOTA MATATU,False,True,False,False,False,False,False,False,False,True,False,False,False,
24,1015,KIAMBU,KIAMBU,RUIRU KIAMBU,KIU RIVER,KAG 069M PEGEOT 405,THE VEHICLE LOST CONTROL AND SWERVED TO THE LEFT,MALE,A,26.0,PEDESTRIAN,1.0,2016-06-22 00:00:00,KIAMBU,M,PEDESTRIAN,A,,ADULT,,6/22/16,2016,6,June,22,Wednesday,1015,10.0,15.0,MORNING,26.0,DRIVER / CYCLIST BEHAVIOUR,KAG 069M PEGEOT 405,False,False,False,False,False,False,True,False,False,True,False,False,False,
25,1030,KIMILILI,BUNGOMA,KIMILILI CHWELE ROAD,CHWELE,KAN 408R ISUZU MINI BUS & KMDA 967Z TVS,THE VEHICLE HIT THE M/CYCLE,MALE,29,10.0,MOTORCYCLIST,1.0,2016-06-22 00:00:00,BUNGOMA,M,M/CYCLIST,29,29.0,NUMERIC AGE,25-34,6/22/16,2016,6,June,22,Wednesday,1030,10.0,30.0,MORNING,10.0,DRIVER / CYCLIST BEHAVIOUR,KAN 408R ISUZU MINI BUS & KMDA 967Z TVS,True,False,True,False,False,False,False,False,False,True,False,False,False,
26,1300,NGONG,NAIROBI,NGONG NAIROBI,KOBIL P/STATION,KAZ 006V MITSUBISHI,THE VEHICLE KNOCKED DOWN THE VICTIM,MALE,37,16.0,PEDESTRIAN,1.0,2016-06-22 00:00:00,NAIROBI,M,PEDESTRIAN,37,37.0,NUMERIC AGE,35-44,6/22/16,2016,6,June,22,Wednesday,1300,13.0,0.0,AFTERNOON,16.0,DRIVER / CYCLIST BEHAVIOUR,KAZ 006V MITSUBISHI,False,False,False,False,False,False,False,False,False,False,False,True,False,
27,2130,MTWAPA,KILIFI,KILIFI MSA ROAD,VIPINGO,UNKNOWN,HIT AND RUN,FEMALE,19,98.0,PEDESTRIAN,1.0,2016-06-22 00:00:00,KILIFI,F,PEDESTRIAN,19,19.0,NUMERIC AGE,18-24,6/22/16,2016,6,June,22,Wednesday,2130,21.0,30.0,NIGHT,98.0,CAUSE NOT TRACED,UNKNOWN,False,False,False,False,False,False,False,True,False,True,False,False,False,
15,1150,NAKURU,NAKURU,NAKURU NAIROBI,NEAR TUSKYS SUPERMARKET,KMDT 136C SKYGO & KAW 718K NISSAN MATATU,THE VEHICLE KNOCKED DOWN THE M/CYCLIST,MALE,35,57.0,MOTORCYCLIST,1.0,2016-06-23 00:00:00,NAKURU,M,M/CYCLIST,35,35.0,NUMERIC AGE,35-44,6/23/16,2016,6,June,23,Thursday,1150,11.0,50.0,MORNING,57.0,DRIVER / CYCLIST BEHAVIOUR,KMDT 136C SKYGO & KAW 718K NISSAN MATATU,True,True,False,False,False,False,False,False,False,True,False,False,False,
16,330,MIGORI,MIGORI,MIGORI KISII,WASIO AREA,KAS 210R TOYOTA SALOON,THE VEHICLE LOST CONTROL VEERED OFF THE ROAD AND KNOCKED DOWN THE VICTIM,FEMALE,7,19.0,PEDESTRIAN,1.0,2016-06-23 00:00:00,MIGORI,F,PEDESTRIAN,7,7.0,NUMERIC AGE,0-17,6/23/16,2016,6,June,23,Thursday,330,3.0,30.0,NIGHT,19.0,DRIVER / CYCLIST BEHAVIOUR,KAS 210R TOYOTA SALOON,False,False,False,False,False,False,True,False,False,True,False,False,False,
17,1700,KEROKA,KISII,KEROKA KISII,NEAR AMBUKA JUNCTION,KYJ 377 ISUZU CANTER & GKA 212J SUZUKI M/CYCLE,HEAD ON COLLISION,MALE,A,8.0,MOTORCYCLIST,1.0,2016-06-23 00:00:00,KISII,M,M/CYCLIST,A,,ADULT,,6/23/16,2016,6,June,23,Thursday,1700,17.0,0.0,EVENING,8.0,DRIVER / CYCLIST BEHAVIOUR,KYJ 377 ISUZU CANTER & GKA 212J SUZUKI M/CYCLE,True,False,False,True,False,False,False,False,False,True,False,False,False,
18,2130,NJORO,NAKURU,NJORO MAU NAROK,NERA EGERTON UNIVERSITY,KMCA 986M HAOJIN & KBB 305G TOYOTA ALLEX,THE VEHICLE HIT THE M/CYCLE,MALE,33,7.0,MOTORCYCLIST,1.0,2016-06-23 00:00:00,NAKURU,M,M/CYCLIST,33,33.0,NUMERIC AGE,25-34,6/23/16,2016,6,June,23,Thursday,2130,21.0,30.0,NIGHT,7.0,DRIVER / CYCLIST BEHAVIOUR,KMCA 986M HAOJIN & KBB 305G TOYOTA ALLEX,True,False,False,False,False,False,False,False,False,True,False,False,False,
19,2130,CENTRAL,NAIROBI,HAILE SELASIE ROAD,NEAR CHOO NUMBER 8,KBW 245M ISUZU MINI BUS,THE VEHICLE KNOCKED DOWN THE VICTIM,MALE,A,98.0,PEDESTRIAN,1.0,2016-06-23 00:00:00,NAIROBI,M,PEDESTRIAN,A,,ADULT,,6/23/16,2016,6,June,23,Thursday,2130,21.0,30.0,NIGHT,98.0,CAUSE NOT TRACED,KBW 245M ISUZU MINI BUS,False,False,True,False,False,False,False,False,False,True,False,False,False,
20,2100,EMBAKASI,NAIROBI,GITHUNGURI ROAD,ELSHADAI ROAD,KAX 351H NISSAN MATATU & KMDP 599D BOXER,THE VEHICLE KNOCKED DOWN THE M/CYCLIST,MALE,26,8.0,MOTORCYCLIST,1.0,2016-06-23 00:00:00,NAIROBI,M,M/CYCLIST,26,26.0,NUMERIC AGE,25-34,6/23/16,2016,6,June,23,Thursday,2100,21.0,0.0,NIGHT,8.0,DRIVER / CYCLIST BEHAVIOUR,KAX 351H NISSAN MATATU & KMDP 599D BOXER,True,True,False,False,False,False,False,False,False,True,False,False,False,
21,300,MARIAKANI,KILIFI,MOMBASA NAIROBI,NEAR BARRACKS JUNCTION,KBJ 690Y/ZA 8932 ACTROS TRAILER & KBW 955C/ZE 3614 MAN TRAILER,HEAD ON COLLISION,MALE,36,10.0,DRIVER,1.0,2016-06-23 00:00:00,KILIFI,M,DRIVER,36,36.0,NUMERIC AGE,35-44,6/23/16,2016,6,June,23,Thursday,300,3.0,0.0,NIGHT,10.0,DRIVER / CYCLIST BEHAVIOUR,KBJ 690Y/ZA 8932 ACTROS TRAILER & KBW 955C/ZE 3614 MAN TRAILER,False,False,False,True,False,False,False,False,True,True,False,False,False,
8,1330,NAKURU,NAKURU,KENYATTA AVENUE,NEAR OILIBIA,KBQ 668U TOYOTA L/CRUISER & KMDW 202H KING BIRD,HEAD ON COLLISION,MALE,A,26.0,MOTORCYCLIST,1.0,2016-06-24 00:00:00,NAKURU,M,M/CYCLIST,A,,ADULT,,6/24,2016,6,June,24,Friday,1330,13.0,30.0,AFTERNOON,26.0,DRIVER / CYCLIST BEHAVIOUR,KBQ 668U TOYOTA L/CRUISER & KMDW 202H KING BIRD,False,False,False,False,False,False,True,False,False,True,False,False,False,
9,1930,KAYOLE,NAIROBI,EASTERN BY PASS,NEAR GULF PETROL STATION,KCA 912Q ISUZU CANTER,THE VEHICLE KNOCKED DOWN A PEDESTRIAN WHO WAS CROSSING THE ROAD,FEMALE,15,63.0,PEDESTRIAN,1.0,2016-06-24 00:00:00,NAIROBI,F,PEDESTRIAN,15,15.0,NUMERIC AGE,0-17,6/24,2016,6,June,24,Friday,1930,19.0,30.0,EVENING,63.0,PEDESTRIAN BEHAVIOUR,KCA 912Q ISUZU CANTER,False,False,False,True,False,False,False,False,False,True,False,False,False,
10,2030,THIKA,KIAMBU,NYERI-THIKA,BLUE POST AREA,"KMCQ 071B SKYGO, UNKNOWN M/V & KBP 403Q/ZD 2146 ACTROS TRAILER",THE MOTOR CYCLE HIT THE UNKNOWN M/V LOOSING CONTROL AND HIT THE TRAILER,MALE,17,26.0,PILLION PASSENGER,1.0,2016-06-24 00:00:00,KIAMBU,M,P/PASSENGER,17,17.0,NUMERIC AGE,0-17,6/24,2016,6,June,24,Friday,2030,20.0,30.0,EVENING,26.0,DRIVER / CYCLIST BEHAVIOUR,"KMCQ 071B SKYGO, UNKNOWN M/V & KBP 403Q/ZD 2146 ACTROS TRAILER",True,False,False,True,False,False,False,True,True,True,False,False,False,
11,1900,LIKONI,MOMBASA,LIKONI-LINGALUNGA,KENANA MARKET,KBF 047U ISUZU MINI BUS & T812 CYP MITSUBISHI FUSO LORRY,THE LORRY HIT THE MINI BUS AND LOST CONTROL VEERING OFF THE ROAD AND KNOCKED TWO PEDESTRIANS,FEMALE,A & J,58.0,PEDESTRIAN & PASSENGER,3.0,2016-06-24 00:00:00,MOMBASA,F,2 PEDESTRIANS & PASSENGER,A & J,,ADULT & JUVENILE,,6/24,2016,6,June,24,Friday,1900,19.0,0.0,EVENING,58.0,DRIVER / CYCLIST BEHAVIOUR,KBF 047U ISUZU MINI BUS & T812 CYP MITSUBISHI FUSO LORRY,False,False,True,True,False,False,False,False,False,True,False,False,False,
12,2130,KENDU BAY,HOMA BAY,KENDU BAY-KASITI,NEAR KENDU BAY TOWN,KBV 522L M/BENZ TANKER & KMDL 387M BOXER,THE TANKER HIT THE MOTOR CYCLE,MALE,26,58.0,MOTORCYCLIST,1.0,2016-06-24 00:00:00,HOMA BAY,M,M/CYCLIST,26,26.0,NUMERIC AGE,25-34,6/24,2016,6,June,24,Friday,2130,21.0,30.0,NIGHT,58.0,DRIVER / CYCLIST BEHAVIOUR,KBV 522L M/BENZ TANKER & KMDL 387M BOXER,True,False,False,False,False,False,False,False,True,True,False,False,False,
13,40,NAKURU,NAKURU,NAKURU-NAIROBI,NEAR GREEN STED AREA,UNKNOWN,HIT & RUN,MALE,38,98.0,PEDESTRIAN,1.0,2016-06-24 00:00:00,NAKURU,M,PEDESTRIAN,38,38.0,NUMERIC AGE,35-44,6/24,2016,6,June,24,Friday,40,0.0,40.0,NIGHT,98.0,CAUSE NOT TRACED,UNKNOWN,False,False,False,False,False,False,False,True,False,True,False,False,False,
14,300,MERU,MERU,MERU-MAUA,MAFUKO AREA,KBW 833V TOYOTA PRADO & KMDE 877Y CYNERY,THE PRADO HIT THE MOTOR CYCLE,MALE,36,29.0,MOTORCYCLIST,1.0,2016-06-24 00:00:00,MERU,M,M/CYCLIST,36,36.0,NUMERIC AGE,35-44,6/24,2016,6,June,24,Friday,300,3.0,0.0,NIGHT,29.0,DRIVER / CYCLIST BEHAVIOUR,KBW 833V TOYOTA PRADO & KMDE 877Y CYNERY,False,False,False,False,False,False,True,False,False,True,False,False,False,
1,630,KITUI,MAKUENI,KITUI-ITHOKWE,KITUI SCHOOL,KAV 479E & KMCZ 732L SKYGO,HEAD ON COLLISION,MALE,26,7.0,MOTORCYCLIST,1.0,2016-06-25 00:00:00,MAKUENI,M,M/CYCLIST,26,26.0,NUMERIC AGE,25-34,06/25/16,2016,6,June,25,Saturday,630,6.0,30.0,MORNING,7.0,DRIVER / CYCLIST BEHAVIOUR,KAV 479E & KMCZ 732L SKYGO,True,False,False,False,False,False,False,False,False,True,False,False,False,
2,830,VOI,TAITA TAVETA,MOMBASA-NAIROBI,IKANGA,KCC 763/ZF 0097 MAKE RENAULT TRUCK & KMDN 759R TVS,HEAD ON COLLISION,MALE,28,25.0,MOTORCYCLIST,1.0,2016-06-25 00:00:00,TAITA TAVETA,M,M/CYCLIST,28,28.0,NUMERIC AGE,25-34,06/25/16,2016,6,June,25,Saturday,830,8.0,30.0,MORNING,25.0,DRIVER / CYCLIST BEHAVIOUR,KCC 763/ZF 0097 MAKE RENAULT TRUCK & KMDN 759R TVS,True,False,False,True,False,False,False,False,False,True,False,False,False,
3,1330,MARIAKANI,KILIFI,MOMBASA-NAIROBI,KATOLANI,KMDK 017U HAOJIN,THE UNKNOWN M/V HIT THE MOTOR CYCLE,MALE,A & J,98.0,MOTORCYCLIST,1.0,2016-06-25 00:00:00,KILIFI,M,M/CYCLIST,A & J,,ADULT & JUVENILE,,06/25/16,2016,6,June,25,Saturday,1330,13.0,30.0,AFTERNOON,98.0,CAUSE NOT TRACED,KMDK 017U HAOJIN,True,False,False,False,False,False,False,False,False,True,False,False,False,
4,2100,ONGATA RONGAI,NAKURU,NAKURU-NAIROBI,MAASAI LODGE,KAL 900K RANGE ROVER,THE VEHICLE KNOCKED DOWN A PEDESTRIAN WHO WAS CROSSING THE ROAD,MALE,65,29.0,PEDESTRIAN,1.0,2016-06-25 00:00:00,NAKURU,M,PEDESTRIAN,65,65.0,NUMERIC AGE,65+,06/25/16,2016,6,June,25,Saturday,2100,21.0,0.0,NIGHT,29.0,DRIVER / CYCLIST BEHAVIOUR,KAL 900K RANGE ROVER,False,False,False,False,False,False,True,False,False,True,False,False,False,
5,1900,MATUU,MACHAKOS,MATUU-MWINGI,KIVANDINI,KAQ 865Z TOYOTA COROLLA,THE VEHICLE OVERTOOK A M/CYCLE AND LOST CONTROL VEERING OFF THE ROAD & ROLLED,MALE,A,10.0,PASSENGER,1.0,2016-06-25 00:00:00,MACHAKOS,M,PASSENGER,A,,ADULT,,06/25/16,2016,6,June,25,Saturday,1900,19.0,0.0,EVENING,10.0,DRIVER / CYCLIST BEHAVIOUR,KAQ 865Z TOYOTA COROLLA,False,False,False,False,False,False,True,False,False,True,False,False,False,
6,2130,NYANDO,HOMA BAY,KATITO-KENDU BAY,PAP ONDITI,UNKNOWN,HIT & RUN,MALE,A,98.0,PEDESTRIAN,1.0,2016-06-25 00:00:00,HOMA BAY,M,PEDESTRIAN,A,,ADULT,,06/25/16,2016,6,June,25,Saturday,2130,21.0,30.0,NIGHT,98.0,CAUSE NOT TRACED,UNKNOWN,False,False,False,False,False,False,False,True,False,True,False,False,False,
7,1200,MWEA,KIRINYAGA,MAKUTANO-MWEA,MUMATI AREA,"KBY 655G TOYOTA MATATU, KCE 510N ISUZU LORRY & KCF 309B TOYOTA MATATU",HEAD ON COLLISION,MIXED,J/A,10.0,DRIVER & PASSENGER,3.0,2016-06-25 00:00:00,KIRINYAGA,M & F,2 PASSENGERS & DRIVER,J/A,,ADULT & JUVENILE,,06/25/16,2016,6,June,25,Saturday,1200,12.0,0.0,AFTERNOON,10.0,DRIVER / CYCLIST BEHAVIOUR,"KBY 655G TOYOTA MATATU, KCE 510N ISUZU LORRY & KCF 309B TOYOTA MATATU",False,True,False,True,False,False,False,False,False,True,False,False,False,
1242,2040,INDO AREA,NAIROBI,LUNGALUNGA ROAD,NEAR KENOLY FACTORY,UNKNOWN,HIT AND RUN,MALE,A,98.0,PEDESTRIAN,1.0,2017-01-01,NAIROBI,M,PEDESTRIAN,A,,ADULT,,01/01/17,2017,1,January,1,Sunday,2040,20.0,40.0,EVENING,98.0,CAUSE NOT TRACED,UNKNOWN,False,False,False,False,False,False,False,True,False,True,False,False,True,"Estimated fill for a month missing from the source data; row content bootstrapped from real 2017 records, date placed using documented Kenyan seasonal accident trends."
1253,1030,MOLO,NAKURU,NAKURU ELDORET,NEAR SACHANGWAN AREA,KCG 993C ISUZU CANTER & KAZ 186L M/BENZ,THE CANTER RAMMED INTO THE TRAILER,MALE,30,10.0,PASSENGER,1.0,2017-01-01,NAKURU,M,PASSENGER,30,30.0,NUMERIC AGE,25-34,01/01/17,2017,1,January,1,Sunday,1030,10.0,30.0,MORNING,10.0,DRIVER / CYCLIST BEHAVIOUR,KCG 993C ISUZU CANTER & KAZ 186L M/BENZ,False,False,False,True,False,False,False,False,False,True,False,False,True,"Estimated fill for a month missing from the source data; row content bootstrapped from real 2017 records, date placed using documented Kenyan seasonal accident trends."
1267,1645,TIGONI,KIAMBU,LIMURU-KUTUS,KABUKU,KCH 642R TOYOTA MATATU(LIKANA ROUTE 114/115),THE VEHICLE KNOCKED DOWN THE VICTIM,MALE,A,63.0,PEDESTRIAN,1.0,2017-01-01,KIAMBU,M,PEDESTRIAN,A,,ADULT,,01/01/17,2017,1,January,1,Sunday,1645,16.0,45.0,AFTERNOON,63.0,PEDESTRIAN BEHAVIOUR,KCH 642R TOYOTA MATATU(LIKANA ROUTE 114/115),False,True,False,False,False,False,False,False,False,True,False,False,True,"Estimated fill for a month missing from the source data; row content bootstrapped from real 2017 records, date placed using documented Kenyan seasonal accident trends."
1281,630,KAKAMEGA,KAKAMEGA,KAKAMEGA WEBUYE,,KBN 526K T/MATATU & KMDY 288N,THE VEHICLE KNOCKED DOWN THE VICTIM,MALE,17,26.0,PILLION PASSENGER,1.0,2017-01-01,KAKAMEGA,M,P/PASSENGER,17,17.0,NUMERIC AGE,0-17,01/01/17,2017,1,January,1,Sunday,630,6.0,30.0,MORNING,26.0,DRIVER / CYCLIST BEHAVIOUR,KBN 526K T/MATATU & KMDY 288N,False,True,False,False,False,False,False,False,False,True,False,False,True,"Estimated fill for a month missing from the source data; row content bootstrapped from real 2017 records, date placed using documented Kenyan seasonal accident trends."
1215,2230,KIKUYU,KIAMBU,LOWER KABETE,KINGEERO AREA,UNKNOWN,HIT & RUN,MALE,33,11.0,PEDESTRIAN,1.0,2017-01-02,KIAMBU,M,PEDESTRIAN,33,33.0,NUMERIC AGE,25-34,01/02/17,2017,1,January,2,Monday,2230,22.0,30.0,NIGHT,11.0,DRIVER / CYCLIST BEHAVIOUR,UNKNOWN,False,False,False,False,False,False,False,True,False,True,False,False,True,"Estimated fill for a month missing from the source data; row content bootstrapped from real 2017 records, date placed using documented Kenyan seasonal accident trends."
1226,2330,UKUNDA,KWALE,MSAMBWENI-LUNGALUNGA,LUNGALUNGA AREA,KCB 161G NISSAN UD BUS & KBW 042F NISSAN VAN,THE VEHICLES COLLIDED HEAD ON,MALE,36,26.0,PASSENGER,1.0,2017-01-02,KWALE,M,PASSENGER,36,36.0,NUMERIC AGE,35-44,01/02/17,2017,1,January,2,Monday,2330,23.0,30.0,NIGHT,26.0,DRIVER / CYCLIST BEHAVIOUR,KCB 161G NISSAN UD BUS & KBW 042F NISSAN VAN,False,False,True,False,False,False,False,False,False,True,True,False,True,"Estimated fill for a month missing from the source data; row content bootstrapped from real 2017 records, date placed using documented Kenyan seasonal accident trends."
1240,1000,TIGANIA,MERU,MERU MAUA,NGUNDUNE,KCK 989T MITSUBISHI FUSO,THE VEHICLE KNOCKED DOWN THE VICTIM,MALE,A,98.0,PILLION PASSENGER,1.0,2017-01-02,MERU,M,P/PASSENGER,A,,ADULT,,01/02/17,2017,1,January,2,Monday,1000,10.0,0.0,MORNING,98.0,CAUSE NOT TRACED,KCK 989T MITSUBISHI FUSO,False,False,False,True,False,False,False,False,False,True,False,False,True,"Estimated fill for a month missing from the source data; row content bootstrapped from real 2017 records, date placed using documented Kenyan seasonal accident trends."
1257,1500,TURBO,KAKAMEGA,WEBUYE ELDORET,MUHONJE TRADING CENTRE,KMDM 356E TVS,THE CYCLE GOT A TYRE BURST AND LOST CONTROL AND ROLLED SEVERALLY,MALE,A,89.0,MOTORCYCLIST,1.0,2017-01-02,KAKAMEGA,M,M/CYCLIST,A,,ADULT,,01/02/17,2017,1,January,2,Monday,1500,15.0,0.0,AFTERNOON,89.0,VEHICLE DEFECT,KMDM 356E TVS,True,False,False,False,False,False,False,False,False,True,False,False,True,"Estimated fill for a month missing from the source data; row content bootstrapped from real 2017 records, date placed using documented Kenyan seasonal accident trends."
1216,2300,MAGUMU,NYANDARUA,FLYOVER NJAMBINI ROAD,MWENDANDU TRADIND CENTRE,KMCL 800W,THE CYCLE KNOCKED DOWN THE VICTIM AND LANDED INTO A DITCH,MALE,A,68.0,MOTORCYCLIST,1.0,2017-01-03,NYANDARUA,M,M/CYCLIST,A,,ADULT,,01/03/17,2017,1,January,3,Tuesday,2300,23.0,0.0,NIGHT,68.0,PEDESTRIAN BEHAVIOUR,KMCL 800W,False,False,False,False,False,False,False,False,False,False,False,True,True,"Estimated fill for a month missing from the source data; row content bootstrapped from real 2017 records, date placed using documented Kenyan seasonal accident trends."
1245,2045,NJORO,NAKURU,ELBURGON NJORO,NEAR KANANA FARM,KCJ 697J TOYOTA RUSH,THE VEHICLE KNOCKED DOWN A PEDESTRIAN,FEMALE,39,29.0,PEDESTRIAN,1.0,2017-01-03,NAKURU,F,PEDESTRIAN,39,39.0,NUMERIC AGE,35-44,01/03/17,2017,1,January,3,Tuesday,2045,20.0,45.0,EVENING,29.0,DRIVER / CYCLIST BEHAVIOUR,KCJ 697J TOYOTA RUSH,False,False,False,False,False,False,True,False,False,True,False,False,True,"Estimated fill for a month missing from the source data; row content bootstrapped from real 2017 records, date placed using documented Kenyan seasonal accident trends."
1246,2030,VIHIGA VIHIGA,VIHIGA,LUANDA-MAJENGO,IKUMBA,KAM394W TOYOTA MATATU,KNOCKED DOWN A PEDESTRIAN,MALE,A,59.0,PEDESTRIAN,1.0,2017-01-03,VIHIGA,M,PEDESTRIAN,A,,ADULT,,01/03/17,2017,1,January,3,Tuesday,2030,20.0,30.0,EVENING,59.0,PEDESTRIAN BEHAVIOUR,KAM394W TOYOTA MATATU,False,True,False,False,False,False,False,False,False,True,False,False,True,"Estimated fill for a month missing from the source data; row content bootstrapped from real 2017 records, date placed using documented Kenyan seasonal accident trends."
1270,1100,MUTHANGARI,NAIROBI,MATHIORA ROAD,KAWANGWARE,KBM 117V BUS,THE VEHICLE KNOCKED DOWN THE VICTIM,MALE,A,98.0,PEDESTRIAN,1.0,2017-01-03,NAIROBI,M,PEDESTRIAN,A,,ADULT,,01/03/17,2017,1,January,3,Tuesday,1100,11.0,0.0,MORNING,98.0,CAUSE NOT TRACED,KBM 117V BUS,False,False,True,False,False,False,False,False,False,True,False,False,True,"Estimated fill for a month missing from the source data; row content bootstrapped from real 2017 records, date placed using documented Kenyan seasonal accident trends."
1272,2230,MAKONGENI,NAIROBI,JOGOO ROAD,CHURCH ARMY STAGE,KBW 726Y NISSAN,THE VEHICLE KNOCKED DOWN THE VICTIM,MALE,44,7.0,PEDESTRIAN,1.0,2017-01-03,NAIROBI,M,PEDESTRIAN,44,44.0,NUMERIC AGE,35-44,01/03/17,2017,1,January,3,Tuesday,2230,22.0,30.0,NIGHT,7.0,DRIVER / CYCLIST BEHAVIOUR,KBW 726Y NISSAN,False,False,False,False,False,False,False,False,False,False,False,True,True,"Estimated fill for a month missing from the source data; row content bootstrapped from real 2017 records, date placed using documented Kenyan seasonal accident trends."
1278,2200,SULTAN HAMUD,MAKUENI,EMALI MATILIKU MURRAM RD,KWAKAKULU,M/C KMDV 873V SKYGO & M/V/KCF 771D MITSUBISH,M/CYCLE WAS HIT BY THE M/V,MALE,12,8.0,PILLION PASSENGER,1.0,2017-01-03,MAKUENI,M/J,P/PASSENGER,12,12.0,NUMERIC AGE,0-17,01/03/17,2017,1,January,3,Tuesday,2200,22.0,0.0,NIGHT,8.0,DRIVER / CYCLIST BEHAVIOUR,M/C KMDV 873V SKYGO & M/V/KCF 771D MITSUBISH,True,False,False,False,False,False,False,False,False,True,False,False,True,"Estimated fill for a month missing from the source data; row content bootstrapped from real 2017 records, date placed using documented Kenyan seasonal accident trends."
1232,215,SALGAA,NAKURU,NAKURU-ELDORET,NAKURU TEACHERS COLLEGE,KBJ 007H TOYOTA ALLION & TRAILER,HEAD ON COLLISION,MALE,A,10.0,DRIVER & PASSENGER,2.0,2017-01-04,NAKURU,M,DRIVER & PASSENGER,A,,ADULT,,01/04/17,2017,1,January,4,Wednesday,215,2.0,15.0,NIGHT,10.0,DRIVER / CYCLIST BEHAVIOUR,KBJ 007H TOYOTA ALLION & TRAILER,False,False,False,False,False,False,True,False,True,True,False,False,True,"Estimated fill for a month missing from the source data; row content bootstrapped from real 2017 records, date placed using documented Kenyan seasonal accident trends."
1248,2000,BUTERE,KAKAMEGA,SHIATSALA MANYULIA,SHIANDA,"KCJ 688X NISSAN MATATU,KMCF 736F TVS",THE VEHICLE KNOCKED DOWN THE VICTIM,MALE,A,8.0,PILLION PASSENGER,1.0,2017-01-04,KAKAMEGA,M,P/PASSENGER,A,,ADULT,,01/04/17,2017,1,January,4,Wednesday,2000,20.0,0.0,EVENING,8.0,DRIVER / CYCLIST BEHAVIOUR,"KCJ 688X NISSAN MATATU,KMCF 736F TVS",True,True,False,False,False,False,False,False,False,True,False,False,True,"Estimated fill for a month missing from the source data; row content bootstrapped from real 2017 records, date placed using documented Kenyan seasonal accident trends."
1229,2300,NAKURU,NAKURU,MOGOTHE KIRIMA,WANYORORO,M/CYC KMDX 644H HAUJON,M/CYCLE KNONCKED ADOWN A JUNIOR PLAYING,FEMALE,6,62.0,PEDESTRIAN,1.0,2017-01-05,NAKURU,F/J,P/PEDESTRIAN,6,6.0,NUMERIC AGE,0-17,01/05/17,2017,1,January,5,Thursday,2300,23.0,0.0,NIGHT,62.0,PEDESTRIAN BEHAVIOUR,M/CYC KMDX 644H HAUJON,False,False,False,False,False,False,False,False,False,False,False,True,True,"Estimated fill for a month missing from the source data; row content bootstrapped from real 2017 records, date placed using documented Kenyan seasonal accident trends."
1280,2130,MACHAKOS,MACHAKOS,MACHAKOS-KYUMBI,MIWANI,KBJ 388F T/PREMIO & M/CYCLE,THE VEHICLE KNOCKED DOWN A M/CYCLIST,MALE,A,98.0,RIDER,1.0,2017-01-05,MACHAKOS,M,RIDER,A,,ADULT,,01/05/17,2017,1,January,5,Thursday,2130,21.0,30.0,NIGHT,98.0,CAUSE NOT TRACED,KBJ 388F T/PREMIO & M/CYCLE,True,False,False,False,False,False,True,False,False,True,False,False,True,"Estimated fill for a month missing from the source data; row content bootstrapped from real 2017 records, date placed using documented Kenyan seasonal accident trends."
1220,745,KISUMU,KISUMU,NAIROBI-BUSIA,KASAGAM FLY OVER,KBS 163T/ZD 9531 AXIOR TRAILER,THE VEHICLE LOST CONTROL AND HIT BARRIER LANDING UNDER THE FLYOVER,FEMALE,A,29.0,PASSENGER,1.0,2017-01-06,KISUMU,F,PASSENGER,A,,ADULT,,01/06/17,2017,1,January,6,Friday,745,7.0,45.0,MORNING,29.0,DRIVER / CYCLIST BEHAVIOUR,KBS 163T/ZD 9531 AXIOR TRAILER,False,False,False,False,False,False,False,False,True,True,False,False,True,"Estimated fill for a month missing from the source data; row content bootstrapped from real 2017 records, date placed using documented Kenyan seasonal accident trends."
1225,2040,VOI,TAITA TAVETA,VOI KALOLENI,VOI JUNCTION,KMDT 883Q BOXER & KMDC 952R HAOJIN,HEAD ON COLLISION,MALE,63,22.0,MOTORCYCLIST,1.0,2017-01-06,TAITA TAVETA,M,M/CYCLIST,63,63.0,NUMERIC AGE,55-64,01/06/17,2017,1,January,6,Friday,2040,20.0,40.0,EVENING,22.0,DRIVER / CYCLIST BEHAVIOUR,KMDT 883Q BOXER & KMDC 952R HAOJIN,True,False,False,False,False,False,False,False,False,True,False,False,True,"Estimated fill for a month missing from the source data; row content bootstrapped from real 2017 records, date placed using documented Kenyan seasonal accident trends."
1263,1800,NAKURU,NAKURU,NAKURU-RAVINE,OLIVE INN,KBJ615S TOYOTA HIACE,KNOCKED DOWN A J/PEDESTRIAN,MALE,J,98.0,PEDESTRIAN,1.0,2017-01-06,NAKURU,M,PEDESTRIAN,J,,JUVENILE,,01/06/17,2017,1,January,6,Friday,1800,18.0,0.0,EVENING,98.0,CAUSE NOT TRACED,KBJ615S TOYOTA HIACE,False,False,False,False,False,False,False,False,False,True,True,False,True,"Estimated fill for a month missing from the source data; row content bootstrapped from real 2017 records, date placed using documented Kenyan seasonal accident trends."
1274,1920,GARISSA,GARISSA,GARISSA-MWINGI,MADOGO,KBT 653G ISUZU LORRY & KMDA 802F RANGER,THE LORRY HIT THE MOTOR CYCLE,MALE,A,8.0,MOTORCYCLIST,1.0,2017-01-06,GARISSA,M,M/CYCLIST,A,,ADULT,,01/06/17,2017,1,January,6,Friday,1920,19.0,20.0,EVENING,8.0,DRIVER / CYCLIST BEHAVIOUR,KBT 653G ISUZU LORRY & KMDA 802F RANGER,False,False,False,True,False,False,False,False,False,True,False,False,True,"Estimated fill for a month missing from the source data; row content bootstrapped from real 2017 records, date placed using documented Kenyan seasonal accident trends."
1212,2030,KILIFI,KILIFI,KILIFI-MALINDI,KWACHOKWE,KCA 377R FAW LORRY & KCH 952M SALOON,HEAD ON COLLISION,MALE,A,26.0,DRIVER,1.0,2017-01-07,KILIFI,M,DRIVER,A,,ADULT,,01/07/17,2017,1,January,7,Saturday,2030,20.0,30.0,EVENING,26.0,DRIVER / CYCLIST BEHAVIOUR,KCA 377R FAW LORRY & KCH 952M SALOON,False,False,False,True,False,False,True,False,False,True,False,False,True,"Estimated fill for a month missing from the source data; row content bootstrapped from real 2017 records, date placed using documented Kenyan seasonal accident trends."
1230,2130,NYERI,NYERI,NYERI NANUKI,BANTU,KBM 967N PPTR COMPRESSOR/KBX 141T T/MATATU,HEAD ON COLLISION,MALE,,7.0,PASSENGER,3.0,2017-01-07,NYERI,M,PASSENGER,,,UNKNOWN,,01/07/17,2017,1,January,7,Saturday,2130,21.0,30.0,NIGHT,7.0,DRIVER / CYCLIST BEHAVIOUR,KBM 967N PPTR COMPRESSOR/KBX 141T T/MATATU,False,True,False,False,False,False,False,False,False,True,False,False,True,"Estimated fill for a month missing from the source data; row content bootstrapped from real 2017 records, date placed using documented Kenyan seasonal accident trends."
1244,2030,KISUMU,KISUMU,KISUMU NAIROBI,MOLEM,KCJ 720S MATATU,THE VEHICLE KNOCKED DOWN A VICTIM,MALE,A,10.0,PEDESTRIAN,1.0,2017-01-07,KISUMU,M,PEDESTRIAN,A,,ADULT,,01/07/17,2017,1,January,7,Saturday,2030,20.0,30.0,EVENING,10.0,DRIVER / CYCLIST BEHAVIOUR,KCJ 720S MATATU,False,True,False,False,False,False,False,False,False,True,False,False,True,"Estimated fill for a month missing from the source data; row content bootstrapped from real 2017 records, date placed using documented Kenyan seasonal accident trends."
1264,1720,KITENGELA,KAJIADO,NAMANGA- KITENGELA,CHUNA RD JUNCTION,KCD 930Z ISUZU LORRY AND UNKNOWN M/CYCLE,LORRY WAS HIT FROM THE REAR BY THE SAID M/CYCLE WHICH WAS NOT FOUND AT THE SCENE CARRYING A M/A P/PASSENGER WHO FALL ON THE ROAD SUSTAINING SERIOUS INJUIRIES AND DIED ON THE WAY TO HOSPITAL,MALE,20,37.0,PILLION PASSENGER,1.0,2017-01-07,KAJIADO,M,P/PASSENGER,20,20.0,NUMERIC AGE,18-24,01/07/17,2017,1,January,7,Saturday,1720,17.0,20.0,EVENING,37.0,DRIVER / CYCLIST BEHAVIOUR,KCD 930Z ISUZU LORRY AND UNKNOWN M/CYCLE,True,False,False,True,False,False,False,True,False,True,False,False,True,"Estimated fill for a month missing from the source data; row content bootstrapped from real 2017 records, date placed using documented Kenyan seasonal accident trends."
1214,1730,ONGATA RONGAI,KAJIADO,MAGADI,MAASAI LODGE,KTQ 120 ISUZU LORRY,THE VEHICLE KNOCKED DOWN THE VICTIM,MALE,A,26.0,PEDESTRIAN,1.0,2017-01-08,KAJIADO,M,PEDESTRIAN,A,,ADULT,,01/08/17,2017,1,January,8,Sunday,1730,17.0,30.0,EVENING,26.0,DRIVER / CYCLIST BEHAVIOUR,KTQ 120 ISUZU LORRY,False,False,False,True,False,False,False,False,False,True,False,False,True,"Estimated fill for a month missing from the source data; row content bootstrapped from real 2017 records, date placed using documented Kenyan seasonal accident trends."
1251,1500,THIKA,KIAMBU,NYERI - THIKA,DELMONTE FACTORY JUNCTION,KBS 969D LORRY & KMDS 737M DAYUN,THE M/CYCLE HIT THE REAR SIDE OF THE LORRY,MALE,40,57.0,RIDER,1.0,2017-01-08,KIAMBU,M,RIDER,40,40.0,NUMERIC AGE,35-44,01/08/17,2017,1,January,8,Sunday,1500,15.0,0.0,AFTERNOON,57.0,DRIVER / CYCLIST BEHAVIOUR,KBS 969D LORRY & KMDS 737M DAYUN,True,False,False,True,False,False,False,False,False,True,False,False,True,"Estimated fill for a month missing from the source data; row content bootstrapped from real 2017 records, date placed using documented Kenyan seasonal accident trends."
1211,UNKNOWN,SULTAN HAMUD,MAKUENI,MOMBASA NAIROBI,HOLY GHOST HIGH SCHOOL,KBL 876F/ZD 4373 M/BENZ ACTROSS,THE VEHICLE LOST CONTROL AND LANDED INTO A DITCH,FEMALE,A,11.0,PASSENGER,1.0,2017-01-09,MAKUENI,F,PASSENGER,A,,ADULT,,01/09/17,2017,1,January,9,Monday,UNKNOWN,,,UNKNOWN,11.0,DRIVER / CYCLIST BEHAVIOUR,KBL 876F/ZD 4373 M/BENZ ACTROSS,False,False,False,True,False,False,False,False,False,True,False,False,True,"Estimated fill for a month missing from the source data; row content bootstrapped from real 2017 records, date placed using documented Kenyan seasonal accident trends."
1241,745,MARIAKANI,KILIFI,MOMBASA-KILIFI,BONGE AREA,KCA 824S X-TRAIL,THE VEHICLE LOST CONTROL AND LANDED INTO A DITCH,MALE,A,26.0,PASSENGER,1.0,2017-01-10,KILIFI,M,PASSENGER,A,,ADULT,,01/10/17,2017,1,January,10,Tuesday,745,7.0,45.0,MORNING,26.0,DRIVER / CYCLIST BEHAVIOUR,KCA 824S X-TRAIL,False,False,False,False,False,False,True,False,False,True,False,False,True,"Estimated fill for a month missing from the source data; row content bootstrapped from real 2017 records, date placed using documented Kenyan seasonal accident trends."
1210,1400,DTEO INDO AREA,NAIROBI,MOMBASA ROAD,NEAR BUNYALA R/ABOUT,KAU 846M TOYOTA MATATU,THE VEHICLE LOST CONTROL AND VEERED OFF THE ROAD,MALE,A,26.0,PEDESTRIAN,1.0,2017-01-11,NAIROBI,M,PEDESTRIAN,A,,ADULT,,01/11/17,2017,1,January,11,Wednesday,1400,14.0,0.0,AFTERNOON,26.0,DRIVER / CYCLIST BEHAVIOUR,KAU 846M TOYOTA MATATU,False,True,False,False,False,False,False,False,False,True,False,False,True,"Estimated fill for a month missing from the source data; row content bootstrapped from real 2017 records, date placed using documented Kenyan seasonal accident trends."
1224,700,MAKUYU,MURANG'A,NANYUKI NAIROBI,MUKEU,KCE 527P TOYOTA VAN,THE VEHICLE GOT A TYRE BURST AND ROLLED SEVERAL TIMES,MALE,A,79.0,PASSENGER,2.0,2017-01-11,MURANGA,M,PASSENGER,A,,ADULT,,01/11/17,2017,1,January,11,Wednesday,700,7.0,0.0,MORNING,79.0,VEHICLE DEFECT,KCE 527P TOYOTA VAN,False,False,False,False,False,False,False,False,False,True,True,False,True,"Estimated fill for a month missing from the source data; row content bootstrapped from real 2017 records, date placed using documented Kenyan seasonal accident trends."
1236,1230,SALAMA,MAKUENI,NAIROBI-MOMBASA,OLD DC MUKAA OFFICE AREA,KCJ 590V SUBARU LEGACY &KCH 357S/ZE 2175 RENAULT TRAILER,THE VEHICLE COLLIDED HEAD ON WITH THE TRAILER,MALE,4MTS,10.0,PASSENGER,1.0,2017-01-11,MAKUENI,M,PASSENGER,4MTS,,UNKNOWN,,01/11/17,2017,1,January,11,Wednesday,1230,12.0,30.0,AFTERNOON,10.0,DRIVER / CYCLIST BEHAVIOUR,KCJ 590V SUBARU LEGACY &KCH 357S/ZE 2175 RENAULT TRAILER,False,False,False,False,False,False,False,False,True,True,False,False,True,"Estimated fill for a month missing from the source data; row content bootstrapped from real 2017 records, date placed using documented Kenyan seasonal accident trends."
1266,2300,KITUI,KITUI,KITUI-KABATI,KATHIVO,BICYCLE,THE UNKNOWN M/V HIT THE PEDAL CYCLE,MALE,A,98.0,PEDAL CYCLIST,1.0,2017-01-11,KITUI,M,P/CYCLIST,A,,ADULT,,01/11/17,2017,1,January,11,Wednesday,2300,23.0,0.0,NIGHT,98.0,CAUSE NOT TRACED,BICYCLE,False,False,False,False,False,False,False,False,False,False,False,True,True,"Estimated fill for a month missing from the source data; row content bootstrapped from real 2017 records, date placed using documented Kenyan seasonal accident trends."
1228,1830,MAKONGENI,NAIROBI,MOYALE,MOYALE LAMU JUNCTION,T407 CRANE,THE VEHICLE KNOCKED DOWN THE VICTIM,MALE,35,,PEDESTRIAN,1.0,2017-01-12,NAIROBI,M,PEDESTRIAN,35,35.0,NUMERIC AGE,35-44,01/12/17,2017,1,January,12,Thursday,1830,18.0,30.0,EVENING,,NOT RECORDED,T407 CRANE,False,False,False,False,False,False,False,False,False,False,False,True,True,"Estimated fill for a month missing from the source data; row content bootstrapped from real 2017 records, date placed using documented Kenyan seasonal accident trends."
1262,1100,KIMILILI,BUNGOMA,KITALE-WEBUYE,MALIKI,KBL 062P LIBERTY,THE DRIVER OF THE SAID VEHICLE HIT A PEDESTRIAN ON REACHING THE LOCATION OF THE ACCIDENT.,UNKNOWN,A,7.0,PEDESTRIAN,1.0,2017-01-12,BUNGOMA,1,PEDESTRIAN,A,,ADULT,,01/12/17,2017,1,January,12,Thursday,1100,11.0,0.0,MORNING,7.0,DRIVER / CYCLIST BEHAVIOUR,KBL 062P LIBERTY,False,False,False,False,False,False,False,False,False,False,False,True,True,"Estimated fill for a month missing from the source data; row content bootstrapped from real 2017 records, date placed using documented Kenyan seasonal accident trends."
1243,1730,WIYUMIRIRIE,LAIKIPIA,NYERI NYAHURURU,MARINA AREA,KMV 009 SALOON & KCD 358G I/BUS,THE VEHICLE LOST CONTROL AND COLLIDED HEAD ON WITH THE BUS,MALE,A,26.0,PASSENGER,1.0,2017-01-13,LAIKIPIA,M,PASSENGERS,A,,ADULT,,01/13/17,2017,1,January,13,Friday,1730,17.0,30.0,EVENING,26.0,DRIVER / CYCLIST BEHAVIOUR,KMV 009 SALOON & KCD 358G I/BUS,False,False,True,False,False,False,True,False,False,True,False,False,True,"Estimated fill for a month missing from the source data; row content bootstrapped from real 2017 records, date placed using documented Kenyan seasonal accident trends."
1255,0700 HRS,EMBU,EMBU,EMBU MERU,ENA BRIDGE,UNKNOWN M/V ( HIT & RUN),THE UNKNOWN M/V KNOCKED DOWN A M/ JUVENILE KILLING HIM ON THE SPOT.,MALE,6,60.0,PEDESTRIAN,1.0,2017-01-13,EMBU,M,PEDESTRIAN,6,6.0,NUMERIC AGE,0-17,01/13/17,2017,1,January,13,Friday,0700 HRS,7.0,0.0,MORNING,60.0,PEDESTRIAN BEHAVIOUR,UNKNOWN M/V ( HIT & RUN),False,False,False,False,False,False,False,True,False,True,False,False,True,"Estimated fill for a month missing from the source data; row content bootstrapped from real 2017 records, date placed using documented Kenyan seasonal accident trends."
1258,2140,MATUU,MACHAKOS,MATUU-MWINGI,EKALAKALA,KAZ587Q TOYOTA DUET,KNOCKED DOWN A PEDESTRIAN,MALE,A,8.0,PEDESTRIAN,1.0,2017-01-13,MACHAKOS,M,PEDESTRIAN,A,,ADULT,,01/13/17,2017,1,January,13,Friday,2140,21.0,40.0,NIGHT,8.0,DRIVER / CYCLIST BEHAVIOUR,KAZ587Q TOYOTA DUET,False,False,False,False,False,False,False,False,False,False,False,True,True,"Estimated fill for a month missing from the source data; row content bootstrapped from real 2017 records, date placed using documented Kenyan seasonal accident trends."
1259,2130,MUMIAS,KAKAMEGA,MUMIAS KAKAMEGA,MAKUNGA AREA,UNKNOWN,HIT AND RUN,FEMALE,A,98.0,PEDESTRIAN,1.0,2017-01-13,KAKAMEGA,F,PEDESTRIAN,A,,ADULT,,01/13/17,2017,1,January,13,Friday,2130,21.0,30.0,NIGHT,98.0,CAUSE NOT TRACED,UNKNOWN,False,False,False,False,False,False,False,True,False,True,False,False,True,"Estimated fill for a month missing from the source data; row content bootstrapped from real 2017 records, date placed using documented Kenyan seasonal accident trends."
1265,1400,BONDO,SIAYA,BONDO USENGE,AT ODONGO JUNCTION,KBD 341W TANKER,THE VEHICLE KNOCKED DOWN THE VICTIM,MALE,10,59.0,PEDESTRIAN,1.0,2017-01-14,SIAYA,M,PEDESTRIAN,10,10.0,NUMERIC AGE,0-17,01/14/17,2017,1,January,14,Saturday,1400,14.0,0.0,AFTERNOON,59.0,PEDESTRIAN BEHAVIOUR,KBD 341W TANKER,False,False,False,False,False,False,False,False,True,True,False,False,True,"Estimated fill for a month missing from the source data; row content bootstrapped from real 2017 records, date placed using documented Kenyan seasonal accident trends."
1271,,NAKURU,NAKURU,NAKURU ELEMENTAITA,NGOROFA AREA,KCJ 155W T/MATATU,THE VEHICLE KNOCKED DOWN THE VICTIM,UNKNOWN,15,98.0,PEDESTRIAN,1.0,2017-01-15,NAKURU,J,PEDESTRIAN,15,15.0,NUMERIC AGE,0-17,01/15/17,2017,1,January,15,Sunday,,,,UNKNOWN,98.0,CAUSE NOT TRACED,KCJ 155W T/MATATU,False,True,False,False,False,False,False,False,False,True,False,False,True,"Estimated fill for a month missing from the source data; row content bootstrapped from real 2017 records, date placed using documented Kenyan seasonal accident trends."
1282,1845,OYUGIS,HOMA BAY,OYUGIS KISUMU,ATELA,KCG 758N TOYOTA MATATU,THE VEHICLE KNOCKED DOWN THE VICTIM,MALE,J,9.0,PEDESTRIAN,1.0,2017-01-15,HOMA BAY,M,PEDESTRIAN,J,,JUVENILE,,01/15/17,2017,1,January,15,Sunday,1845,18.0,45.0,EVENING,9.0,DRIVER / CYCLIST BEHAVIOUR,KCG 758N TOYOTA MATATU,False,True,False,False,False,False,False,False,False,True,False,False,True,"Estimated fill for a month missing from the source data; row content bootstrapped from real 2017 records, date placed using documented Kenyan seasonal accident trends."
1231,1200,MARIAKANI,KILIFI,MOMBASA NAIROBI,MARIAKANI WEIGHBRIDGE,"KCK 809V TOYOTA ALLION,KBX 799Z SALOON CAR,KBR 768Z SEMI TRAILER",THE TOYOTA ALLION COLLIDED HEAD ON WITH THE SALOON CAR,MALE,A,10.0,PASSENGER,1.0,2017-01-16,KILIFI,M,PASSENGER,A,,ADULT,,01/16/17,2017,1,January,16,Monday,1200,12.0,0.0,AFTERNOON,10.0,DRIVER / CYCLIST BEHAVIOUR,"KCK 809V TOYOTA ALLION,KBX 799Z SALOON CAR,KBR 768Z SEMI TRAILER",False,False,False,False,False,False,True,False,True,True,False,False,True,"Estimated fill for a month missing from the source data; row content bootstrapped from real 2017 records, date placed using documented Kenyan seasonal accident trends."
1238,1230,KITALE,TRANS NZOIA,KITALE KILONGOLO,NAMANJALA,KBV 505H TOYOTA P/UP,THE VEHICLE RAN OVER THE P/PASSENGER,MALE,A,98.0,PILLION PASSENGER,1.0,2017-01-16,TRANS NZOIA,M,P/PASSENGER,A,,ADULT,,01/16/17,2017,1,January,16,Monday,1230,12.0,30.0,AFTERNOON,98.0,CAUSE NOT TRACED,KBV 505H TOYOTA P/UP,False,False,False,False,True,False,False,False,False,True,False,False,True,"Estimated fill for a month missing from the source data; row content bootstrapped from real 2017 records, date placed using documented Kenyan seasonal accident trends."
1247,1330,MASENO,KISUMU,KISUMU BUSIA,CHULAIMBO AREA,KCK 407Z T/MATATU & KMEA 878P BOXER,HEAD ON COLLISION,FEMALE,A,39.0,PILLION PASSENGER,2.0,2017-01-16,KISUMU,F,P/PASSENGER,A,,ADULT,,01/16/17,2017,1,January,16,Monday,1330,13.0,30.0,AFTERNOON,39.0,DRIVER / CYCLIST BEHAVIOUR,KCK 407Z T/MATATU & KMEA 878P BOXER,True,True,False,False,False,False,False,False,False,True,False,False,True,"Estimated fill for a month missing from the source data; row content bootstrapped from real 2017 records, date placed using documented Kenyan seasonal accident trends."
1250,2045,DAGORETTI,NAIROBI,WAIYAKI WAY,NEAR KANGEMI STAGE,KBS 821W TOYOTA MATATU,THE VEHICLE KNOCKED DOWN THE VICTIM,MALE,A,98.0,PEDESTRIAN,1.0,2017-01-16,NAIROBI,M,PEDESTRIAN,A,,ADULT,,01/16/17,2017,1,January,16,Monday,2045,20.0,45.0,EVENING,98.0,CAUSE NOT TRACED,KBS 821W TOYOTA MATATU,False,True,False,False,False,False,False,False,False,True,False,False,True,"Estimated fill for a month missing from the source data; row content bootstrapped from real 2017 records, date placed using documented Kenyan seasonal accident trends."
1261,430,JUJA,KIAMBU,NAIROBI THIKA,JUJA FLY OVER,KCA 105M ISUZU CANTER,THE VEHICLE KNOCKED DOWN THE VICTIM,MALE,A,60.0,PEDESTRIAN,1.0,2017-01-16,KIAMBU,M,PEDESTRIAN,A,,ADULT,,01/16/17,2017,1,January,16,Monday,430,4.0,30.0,NIGHT,60.0,PEDESTRIAN BEHAVIOUR,KCA 105M ISUZU CANTER,False,False,False,True,False,False,False,False,False,True,False,False,True,"Estimated fill for a month missing from the source data; row content bootstrapped from real 2017 records, date placed using documented Kenyan seasonal accident trends."
1252,1645,TIGONI,KIAMBU,LIMURU-KUTUS,KABUKU,KCH 642R TOYOTA MATATU(LIKANA ROUTE 114/115),THE VEHICLE KNOCKED DOWN THE VICTIM,MALE,A,63.0,PEDESTRIAN,1.0,2017-01-17,KIAMBU,M,PEDESTRIAN,A,,ADULT,,01/17/17,2017,1,January,17,Tuesday,1645,16.0,45.0,AFTERNOON,63.0,PEDESTRIAN BEHAVIOUR,KCH 642R TOYOTA MATATU(LIKANA ROUTE 114/115),False,True,False,False,False,False,False,False,False,True,False,False,True,"Estimated fill for a month missing from the source data; row content bootstrapped from real 2017 records, date placed using documented Kenyan seasonal accident trends."
1213,1350,LANGATA,NAIROBI,SOUTHERN BY PASS,KIBERA,UNKNOWN,HIT AND RUN,MALE,A,98.0,PEDESTRIAN,1.0,2017-01-18,NAIROBI,M,PEDESTRIAN,A,,ADULT,,01/18/17,2017,1,January,18,Wednesday,1350,13.0,50.0,AFTERNOON,98.0,CAUSE NOT TRACED,UNKNOWN,False,False,False,False,False,False,False,True,False,True,False,False,True,"Estimated fill for a month missing from the source data; row content bootstrapped from real 2017 records, date placed using documented Kenyan seasonal accident trends."
1237,2050,MATUU,MACHAKOS,MATUU THIKA,KWA MAKAA,KCH 294S TOYOTA MATATU,THE VEHICLE KNOCKED DOWN THE VICTIM,MALE,A,68.0,PEDESTRIAN,1.0,2017-01-18,MACHAKOS,M,PEDESTRIAN,A,,ADULT,,01/18/17,2017,1,January,18,Wednesday,2050,20.0,50.0,EVENING,68.0,PEDESTRIAN BEHAVIOUR,KCH 294S TOYOTA MATATU,False,True,False,False,False,False,False,False,False,True,False,False,True,"Estimated fill for a month missing from the source data; row content bootstrapped from real 2017 records, date placed using documented Kenyan seasonal accident trends."
1239,630,HOMA BAY,HOMA BAY,RODI NDHIWA,RODI,KCH 961L PROBOX,THE VEHICLE LOST CONTROL AND VEERED OFF THE ROAD AND ROLLED SEVERAL TIMES,MALE,A,,PASSENGER,1.0,2017-01-19,HOMA BAY,M,PASSENGER,A,,ADULT,,01/19/17,2017,1,January,19,Thursday,630,6.0,30.0,MORNING,,NOT RECORDED,KCH 961L PROBOX,False,False,False,False,False,False,True,False,False,True,False,False,True,"Estimated fill for a month missing from the source data; row content bootstrapped from real 2017 records, date placed using documented Kenyan seasonal accident trends."
1275,1400,DTEO GIGIRI,NAIROBI,PROF.WANGARI MATHAI,SHELL PETROL STN,UNREGISTERED M/CYCLE,THE M/CYCLE LOST CONTROL AND ROLLED SEVERAL TIMES,MALE,A,36.0,RIDER & PILLION PASSENGER,2.0,2017-01-19,NAIROBI,M,RIDER & P/PASSENGER,A,,ADULT,,01/19/17,2017,1,January,19,Thursday,1400,14.0,0.0,AFTERNOON,36.0,DRIVER / CYCLIST BEHAVIOUR,UNREGISTERED M/CYCLE,True,False,False,False,False,False,False,False,False,True,False,False,True,"Estimated fill for a month missing from the source data; row content bootstrapped from real 2017 records, date placed using documented Kenyan seasonal accident trends."
1209,2000,MARIGAT,BARINGO,MARIGAT KABARNET,KIMAROK,KMDA 617Y BOXER & UNKNOWN VEHICLE,HIT AND RUN,MALE,A,98.0,MOTORCYCLIST,1.0,2017-01-20,BARINGO,M,M/CYCLIST,A,,ADULT,,01/20/17,2017,1,January,20,Friday,2000,20.0,0.0,EVENING,98.0,CAUSE NOT TRACED,KMDA 617Y BOXER & UNKNOWN VEHICLE,True,False,False,False,False,False,False,True,False,True,False,False,True,"Estimated fill for a month missing from the source data; row content bootstrapped from real 2017 records, date placed using documented Kenyan seasonal accident trends."
1273,630,KAKAMEGA,KAKAMEGA,KAKAMEGA WEBUYE,,KBN 526K T/MATATU & KMDY 288N,THE VEHICLE KNOCKED DOWN THE VICTIM,MALE,17,26.0,PILLION PASSENGER,1.0,2017-01-20,KAKAMEGA,M,P/PASSENGER,17,17.0,NUMERIC AGE,0-17,01/20/17,2017,1,January,20,Friday,630,6.0,30.0,MORNING,26.0,DRIVER / CYCLIST BEHAVIOUR,KBN 526K T/MATATU & KMDY 288N,False,True,False,False,False,False,False,False,False,True,False,False,True,"Estimated fill for a month missing from the source data; row content bootstrapped from real 2017 records, date placed using documented Kenyan seasonal accident trends."
1219,1645,MAKONGENI,NAIROBI,MUTHURWA,MUTHURWA,KBS 910K MITSUBISHI FH MATATU,THE VEHICLE KNOCKED DOWN THE VICTIM,MALE,A,63.0,PEDESTRIAN,1.0,2017-01-21,NAIROBI,M,PEDESTRIAN,A,,ADULT,,01/21/17,2017,1,January,21,Saturday,1645,16.0,45.0,AFTERNOON,63.0,PEDESTRIAN BEHAVIOUR,KBS 910K MITSUBISHI FH MATATU,False,True,False,False,False,False,False,False,False,True,False,False,True,"Estimated fill for a month missing from the source data; row content bootstrapped from real 2017 records, date placed using documented Kenyan seasonal accident trends."
1223,430,DTEO KAYOLE,NAIROBI,KANGUNDO RD,SHELL PETROL STATION NEAR NJIRU T CENTRE,UNKNOWN M/V & PEDS,THE UNKNOWN VEHICLE KNOCKED DOWN A PEDESTRIAN,FEMALE,40,98.0,PEDESTRIAN,1.0,2017-01-21,NAIROBI,F,PEDESTRIAN,40,40.0,NUMERIC AGE,35-44,01/21/17,2017,1,January,21,Saturday,430,4.0,30.0,NIGHT,98.0,CAUSE NOT TRACED,UNKNOWN M/V & PEDS,False,False,False,False,False,False,False,True,False,True,False,False,True,"Estimated fill for a month missing from the source data; row content bootstrapped from real 2017 records, date placed using documented Kenyan seasonal accident trends."
1235,1200,KARURI,KIAMBU,BANANA- RUAKA,KIGWARU AREA,"KMCT 837P CAPTAIN, KCD 807C TOYOTA VITS AND KAS 219Z NISSAN MATATU",M.CYCLIST RAMMED INTO THE REAR OF THE SAID VITS AND DUE TO IMPACT THE RIDER WAS THROWN ON THE RIGHT SIDE OF THE ROAD WHERE HE WAS HIT BY THE MATATU AND DIED ON THE SPOT.,MALE,31,77.0,MOTORCYCLIST,1.0,2017-01-21,KIAMBU,M,M/CYCLIST,31,31.0,NUMERIC AGE,25-34,01/21/17,2017,1,January,21,Saturday,1200,12.0,0.0,AFTERNOON,77.0,OBSTRUCTION,"KMCT 837P CAPTAIN, KCD 807C TOYOTA VITS AND KAS 219Z NISSAN MATATU",False,True,False,False,False,False,False,False,False,True,False,False,True,"Estimated fill for a month missing from the source data; row content bootstrapped from real 2017 records, date placed using documented Kenyan seasonal accident trends."
1276,1030,KISII,KISII,KISII-MARANI,EGESA AREA,KBD 967Q MATATU & KAE 118Z T/COROLLA,THE MATATU BRAKES FAILED AND RAMMED INTO THE COROLLA,MALE,60,78.0,PASSENGER,1.0,2017-01-22,KISII,M,PASSENGER,60,60.0,NUMERIC AGE,55-64,01/22/17,2017,1,January,22,Sunday,1030,10.0,30.0,MORNING,78.0,VEHICLE DEFECT,KBD 967Q MATATU & KAE 118Z T/COROLLA,False,True,False,False,False,False,True,False,False,True,False,False,True,"Estimated fill for a month missing from the source data; row content bootstrapped from real 2017 records, date placed using documented Kenyan seasonal accident trends."
1222,1730,CENTRAL,NAIROBI,UHURU HIGHWAY,OPPOSITE PARLIAMENT BUILDING,KCA 113G M/BENZ,THE VEHICLE KNOCKED DOWN THE VICTIM,MALE,36,63.0,PEDESTRIAN,1.0,2017-01-23,NAIROBI,M,PEDESTRIAN,36,36.0,NUMERIC AGE,35-44,01/23/17,2017,1,January,23,Monday,1730,17.0,30.0,EVENING,63.0,PEDESTRIAN BEHAVIOUR,KCA 113G M/BENZ,False,False,False,False,False,False,False,False,False,False,False,True,True,"Estimated fill for a month missing from the source data; row content bootstrapped from real 2017 records, date placed using documented Kenyan seasonal accident trends."
1234,1930,KABRAS,KAKAMEGA,KUVASALI-IKOLI,KUVASALI AREA,KMDA 603D M/C &PEDAL CYCLIST,M/V COLLIDED HEAD ON WITH M/CYCLE,MALE,15,26.0,PEDAL CYCLIST,1.0,2017-01-23,KAKAMEGA,M,P/CYCLIST,15,15.0,NUMERIC AGE,0-17,01/23/17,2017,1,January,23,Monday,1930,19.0,30.0,EVENING,26.0,DRIVER / CYCLIST BEHAVIOUR,KMDA 603D M/C &PEDAL CYCLIST,True,False,False,False,False,False,False,False,False,True,False,False,True,"Estimated fill for a month missing from the source data; row content bootstrapped from real 2017 records, date placed using documented Kenyan seasonal accident trends."
1277,1100,KAPENGURIA,WEST POKOT,KITALE-LODWAR,AT KAMATIRA HILLS,KBE 627E T/L/CRUISER,THE BRAKES FAILED AND THE VEHICLE LOST CONTROL,MALE,A,78.0,PASSENGER,2.0,2017-01-23,WEST POKOT,M,PASSENGERS,A,,ADULT,,01/23/17,2017,1,January,23,Monday,1100,11.0,0.0,MORNING,78.0,VEHICLE DEFECT,KBE 627E T/L/CRUISER,False,False,False,False,False,False,True,False,False,True,False,False,True,"Estimated fill for a month missing from the source data; row content bootstrapped from real 2017 records, date placed using documented Kenyan seasonal accident trends."
1256,1930,NAKURU,NAKURU,ELDORET NAKURU,NEAR GIDDO PLAZA,M/V SSD 046G TOYOTA RAV4 AND M/A/PED,M/V DRIVER KNOCKED DOWN A PERSON CROSSING THE ROAD KILLING HIM ON THE SPOT.,MALE,57,60.0,PEDESTRIAN,1.0,2017-01-24,NAKURU,M,PEDESTRIAN,57,57.0,NUMERIC AGE,55-64,01/24/17,2017,1,January,24,Tuesday,1930,19.0,30.0,EVENING,60.0,PEDESTRIAN BEHAVIOUR,M/V SSD 046G TOYOTA RAV4 AND M/A/PED,False,False,False,False,False,False,True,False,False,True,False,False,True,"Estimated fill for a month missing from the source data; row content bootstrapped from real 2017 records, date placed using documented Kenyan seasonal accident trends."
1268,1630,NYAMIRA,NYAMIRA,NYAMIRA-MIRUKA RD,AT RANGENYO AREA,M/V KCF 014L PROBOX $ M/CY KMED 081R TVS,M/V LOST CONTROL HITTING PEDESTRIANS,MALE,A,26.0,PEDESTRIAN,1.0,2017-01-25,NYAMIRA,M,PEDESTRIAN,A,,ADULT,,01/25/17,2017,1,January,25,Wednesday,1630,16.0,30.0,AFTERNOON,26.0,DRIVER / CYCLIST BEHAVIOUR,M/V KCF 014L PROBOX $ M/CY KMED 081R TVS,True,False,False,False,False,False,True,False,False,True,False,False,True,"Estimated fill for a month missing from the source data; row content bootstrapped from real 2017 records, date placed using documented Kenyan seasonal accident trends."
1233,800,BOMET,BOMET,BOMET KAPLONG,NEAR BOMET TOWN,UNKNOWN,HIT AND RUN,MALE,48,98.0,PEDESTRIAN,1.0,2017-01-26,BOMET,M,PEDESTRIAN,48,48.0,NUMERIC AGE,45-54,01/26/17,2017,1,January,26,Thursday,800,8.0,0.0,MORNING,98.0,CAUSE NOT TRACED,UNKNOWN,False,False,False,False,False,False,False,True,False,True,False,False,True,"Estimated fill for a month missing from the source data; row content bootstrapped from real 2017 records, date placed using documented Kenyan seasonal accident trends."
1218,1445,NYERI,NYERI,NYAHURURU-MWEIGA,NEAR KIMATHI UNIVERSITY,"KBQ 014P ISUZU CANTER, KAJ 785Z TOYOTA SALOON, KAU 558M TOYOTA COROLLA & KCJ 254S T/LCRUISER",HEAD ON COLLISION,MIXED,A,66.0,DRIVER & PASSENGER,4.0,2017-01-28,NYERI,M & F,2 DRIVER & 2 PASSENGER,A,,ADULT,,01/28/17,2017,1,January,28,Saturday,1445,14.0,45.0,AFTERNOON,66.0,PEDESTRIAN BEHAVIOUR,"KBQ 014P ISUZU CANTER, KAJ 785Z TOYOTA SALOON, KAU 558M TOYOTA COROLLA & KCJ 254S T/LCRUISER",False,False,False,True,False,False,True,False,False,True,False,False,True,"Estimated fill for a month missing from the source data; row content bootstrapped from real 2017 records, date placed using documented Kenyan seasonal accident trends."
1227,610,DIANI,KILIFI,KILIIFI-DIANI,CORNER BEACH JUNTION,KBX 997Q,THE VEHICLE LOST CONTOL AND RAMMED INTO A TREE,MALE,25,7.0,RIDER,1.0,2017-01-28,KILIFI,M,RIDER,25,25.0,NUMERIC AGE,25-34,01/28/17,2017,1,January,28,Saturday,610,6.0,10.0,MORNING,7.0,DRIVER / CYCLIST BEHAVIOUR,KBX 997Q,False,False,False,False,False,False,False,False,False,False,False,True,True,"Estimated fill for a month missing from the source data; row content bootstrapped from real 2017 records, date placed using documented Kenyan seasonal accident trends."
1269,1600,MOGOTIO,BARINGO,MARIGAT MOGOTIO,NATO AREA,GKB 174B ISUZU DMAXX,THE VEHICLE LOST CONTROL AND ROLLED SEVERAL TIMES,MALE,A,26.0,PASSENGER,1.0,2017-01-28,BARINGO,M,PASSENGER,A,,ADULT,,01/28/17,2017,1,January,28,Saturday,1600,16.0,0.0,AFTERNOON,26.0,DRIVER / CYCLIST BEHAVIOUR,GKB 174B ISUZU DMAXX,False,False,False,False,False,False,False,False,False,False,False,True,True,"Estimated fill for a month missing from the source data; row content bootstrapped from real 2017 records, date placed using documented Kenyan seasonal accident trends."
1279,1800,KIRITIRI,EMBU,KIVAA-KIRITIRI,KIRITIRI,KBL 392Z TOYOTA PROBOX,THE VEHICLE KNOCKED DOWN THE VICTIM,MALE,J,10.0,PEDESTRIAN,1.0,2017-01-28,EMBU,M,PEDESTRIAN,J,,JUVENILE,,01/28/17,2017,1,January,28,Saturday,1800,18.0,0.0,EVENING,10.0,DRIVER / CYCLIST BEHAVIOUR,KBL 392Z TOYOTA PROBOX,False,False,False,False,False,False,True,False,False,True,False,False,True,"Estimated fill for a month missing from the source data; row content bootstrapped from real 2017 records, date placed using documented Kenyan seasonal accident trends."
1249,630,EMBAKASI,NAIROBI,MOMBASA ROAD,NEAR JKIA,KCC638N TOYOTA FIELDER,M/V KNOCKED DOWN A PEDESTRIAN,MALE,39,98.0,PEDESTRIAN,1.0,2017-01-29,NAIROBI,M,PEDESTRIAN,39,39.0,NUMERIC AGE,35-44,01/29/17,2017,1,January,29,Sunday,630,6.0,30.0,MORNING,98.0,CAUSE NOT TRACED,KCC638N TOYOTA FIELDER,False,False,False,False,False,False,True,False,False,True,False,False,True,"Estimated fill for a month missing from the source data; row content bootstrapped from real 2017 records, date placed using documented Kenyan seasonal accident trends."
1260,1900,SUBA,HOMA BAY,MBITA-HOMABAY,OGONGO,UNKNOWN MOTOR CYCLE,HIT AND RUN,MALE,J,26.0,PEDESTRIAN,1.0,2017-01-29,HOMABAY,M,PEDESTRIAN,J,,JUVENILE,,01/29/17,2017,1,January,29,Sunday,1900,19.0,0.0,EVENING,26.0,DRIVER / CYCLIST BEHAVIOUR,UNKNOWN MOTOR CYCLE,True,False,False,False,False,False,False,True,False,True,False,False,True,"Estimated fill for a month missing from the source data; row content bootstrapped from real 2017 records, date placed using documented Kenyan seasonal accident trends."
1217,1100,GIGIRI,NAIROBI,FIRST PARKLANDS AVENUE,AVENUE HOSPITAL,KBD 938P M/BENZ LORRY,THE VEHICLE KNOCKED DOWN THE VICTIM,MALE,A,,PEDESTRIAN,2.0,2017-01-30,NAIROBI,M,PEDESTRIAN,A,,ADULT,,01/30/17,2017,1,January,30,Monday,1100,11.0,0.0,MORNING,,NOT RECORDED,KBD 938P M/BENZ LORRY,False,False,False,True,False,False,False,False,False,True,False,False,True,"Estimated fill for a month missing from the source data; row content bootstrapped from real 2017 records, date placed using documented Kenyan seasonal accident trends."
1221,2340,THIKA,KIAMBU,KIBOKO THIKA,UTI JUNCTION,KMED 639Y SANYA,THE CYCLE LOST CONTROL AND HIT A TREE,MALE,A,26.0,MOTORCYCLIST,1.0,2017-01-30,KIAMBU,M,M/CYCLIST,A,,ADULT,,01/30/17,2017,1,January,30,Monday,2340,23.0,40.0,NIGHT,26.0,DRIVER / CYCLIST BEHAVIOUR,KMED 639Y SANYA,False,False,False,False,False,False,False,False,False,False,False,True,True,"Estimated fill for a month missing from the source data; row content bootstrapped from real 2017 records, date placed using documented Kenyan seasonal accident trends."
1254,1200,KISII,KISII,KISII-MARAMI,KISII TOWNSHIP,KMDT 467R TVS STAR,DRIVER OF THE SAID VEHICLE RAN OVER THE SAID M/CYCLE FATALLY INJURING THE RIDER.,UNKNOWN,A,10.0,MOTORCYCLIST,1.0,2017-01-30,KISII,1,M/ CYCLIST,A,,ADULT,,01/30/17,2017,1,January,30,Monday,1200,12.0,0.0,AFTERNOON,10.0,DRIVER / CYCLIST BEHAVIOUR,KMDT 467R TVS STAR,True,False,False,False,False,False,False,False,False,True,False,False,True,"Estimated fill for a month missing from the source data; row content bootstrapped from real 2017 records, date placed using documented Kenyan seasonal accident trends."
1111,845,SAGANA,MURANG'A,SAGANA-KARATINA,KAINGWACHI AREA,KBY 062V T/VANNET & P/CYCLE,THE VEHICLE KNOCKED DOWN A CYCLIST,MALE,61,29.0,PEDAL CYCLIST,1.0,2017-02-22 00:00:00,MURANGA,M,P/CYCLIST,61,61.0,NUMERIC AGE,55-64,2/22,2017,2,February,22,Wednesday,845,8.0,45.0,MORNING,29.0,DRIVER / CYCLIST BEHAVIOUR,KBY 062V T/VANNET & P/CYCLE,False,False,False,False,False,False,False,False,False,False,False,True,False,
1112,930,MOGOTIO,BARINGO,EMINING-OTERIT RD,OTERIT AREA,UNKNOWN,THE UNKNOWN VEHICLE KNOCKED DOWN A PEDESTRIAN,MALE,31,30.0,PEDESTRIAN,1.0,2017-02-22 00:00:00,BARINGO,M,PEDESTRIAN,31,31.0,NUMERIC AGE,25-34,2/22,2017,2,February,22,Wednesday,930,9.0,30.0,MORNING,30.0,DRIVER / CYCLIST BEHAVIOUR,UNKNOWN,False,False,False,False,False,False,False,True,False,True,False,False,False,
1113,1250,NAKURU,NAKURU,NAIROBI-NAKURU,MARULA AREA,KBM 538C/ZD 4310 ACTROS & KCK 341Q/ZF 5344,THE VEHICLES COLLIDED HEAD ON,MALE,A,37.0,DRIVER,1.0,2017-02-22 00:00:00,NAKURU,M,DRIVER,A,,ADULT,,2/22,2017,2,February,22,Wednesday,1250,12.0,50.0,AFTERNOON,37.0,DRIVER / CYCLIST BEHAVIOUR,KBM 538C/ZD 4310 ACTROS & KCK 341Q/ZF 5344,False,False,False,True,False,False,False,False,False,True,False,False,False,
1114,1730,KURIA,MIGORI,NTIMARU-KEHANCHA,TARANGANYA SHOPPING CENTRE,GK B 529 ISUZU DMAX & M/J/PED,THE VEHICLE KNOCKED DOWN A PEDESTRIAN,MALE,J,36.0,PEDESTRIAN,1.0,2017-02-22 00:00:00,MIGORI,M,PEDESTRIAN,J,,JUVENILE,,2/22,2017,2,February,22,Wednesday,1730,17.0,30.0,EVENING,36.0,DRIVER / CYCLIST BEHAVIOUR,GK B 529 ISUZU DMAX & M/J/PED,False,False,False,False,False,False,False,False,False,False,False,True,False,
1115,1930,SAGANA,KIRINYAGA,KENOL-MAKUTANO,WACHORO AREA,KBU 591M/ZF 5724 SCANIA & KMEA 508C TIGER,THE CYCLE HIT THE STATIONARY VEHICLE,MALE,A,37.0,RIDER & PILLION PASSENGER,2.0,2017-02-22 00:00:00,KIRINYAGA,M,RIDER AND P/PASSENGER,A,,ADULT,,2/22,2017,2,February,22,Wednesday,1930,19.0,30.0,EVENING,37.0,DRIVER / CYCLIST BEHAVIOUR,KBU 591M/ZF 5724 SCANIA & KMEA 508C TIGER,False,False,False,False,False,False,False,False,False,False,False,True,False,
1116,2145,DTEO KASARANI,NAIROBI,THIKA RD,CAR WASH AREA,KCH 357W T/IST & M/A/PED,THE VEHICLE KNOCKED DOWN A PEDESTIRAN,MALE,20,98.0,PEDESTRIAN,1.0,2017-02-22 00:00:00,NAIROBI,M,PEDESTRIAN,20,20.0,NUMERIC AGE,18-24,2/22,2017,2,February,22,Wednesday,2145,21.0,45.0,NIGHT,98.0,CAUSE NOT TRACED,KCH 357W T/IST & M/A/PED,False,False,False,False,False,False,False,False,False,False,False,True,False,
1117,2039,KANGUNDO,MAKUENI,NAIROBI-KANGUNDO,MAKENZIE AREA,KCC 374L HINO MINIBUS & KMCG 188U SKYGO,THE VEHICLE COLLIDED HEAD ON WITH THE M/CYCLE,MALE,36,82.0,RIDER,1.0,2017-02-22 00:00:00,MAKUENI,M,RIDER,36,36.0,NUMERIC AGE,35-44,2/22,2017,2,February,22,Wednesday,2039,20.0,39.0,EVENING,82.0,VEHICLE DEFECT,KCC 374L HINO MINIBUS & KMCG 188U SKYGO,True,False,False,False,False,False,False,False,False,True,False,False,False,
1118,139,DTEO DAGORETI,NAIROBI,WAIYAKI WAY,KANGEMI STAGE,KBR 741X HONDA CRV & M/A/PED,THE VEHICLE KNOCKED DOWN A PEDESTRIAN,MALE,A,98.0,PEDESTRIAN,1.0,2017-02-22 00:00:00,NAIROBI,M,PEDESTRIAN,A,,ADULT,,2/22,2017,2,February,22,Wednesday,139,1.0,39.0,NIGHT,98.0,CAUSE NOT TRACED,KBR 741X HONDA CRV & M/A/PED,False,False,False,False,False,False,False,False,False,False,False,True,False,
1106,930,THIKA,KIAMBU,THIKA SUPERHIGHWAY,KANDARA FLYOVER,KBQ 578L TOYOTA HIACE,THE VEHICLE KNOCKED DOWN THE VICTIM,MALE,A,10.0,PEDAL CYCLIST,1.0,2017-02-28 00:00:00,KIAMBU,M,P/CYCLIST,A,,ADULT,,2/28,2017,2,February,28,Tuesday,930,9.0,30.0,MORNING,10.0,DRIVER / CYCLIST BEHAVIOUR,KBQ 578L TOYOTA HIACE,False,False,False,False,False,False,False,False,False,True,True,False,False,
1107,730,MURANGA,MURANG'A,GAKONYA MUKURU WEINI,KAMAINDA,KCJ 926Z TOYOTA HIACE,THE VEHICLE LOST CONTROL AND VEERED OFF THE ROAD,MALE,A,26.0,PASSENGER,2.0,2017-02-28 00:00:00,MURANGA,M,PASSENGERS,A,,ADULT,,2/28,2017,2,February,28,Tuesday,730,7.0,30.0,MORNING,26.0,DRIVER / CYCLIST BEHAVIOUR,KCJ 926Z TOYOTA HIACE,False,False,False,False,False,False,False,False,False,True,True,False,False,
1108,1230,KITALE,TRANS NZOIA,KITALE KILONGOLO,NAMANJALA,KBV 505H TOYOTA P/UP,THE VEHICLE RAN OVER THE P/PASSENGER,MALE,A,98.0,PILLION PASSENGER,1.0,2017-02-28 00:00:00,TRANS NZOIA,M,P/PASSENGER,A,,ADULT,,2/28,2017,2,February,28,Tuesday,1230,12.0,30.0,AFTERNOON,98.0,CAUSE NOT TRACED,KBV 505H TOYOTA P/UP,False,False,False,False,True,False,False,False,False,True,False,False,False,
1109,1850,ATHI RIVER,MACHAKOS,DEVKI MAKADARA,PEPE CONTAINER,KCF 718Z ISUZU MINI BUS,THE VICTIM WAS TRYING TO BOARD THE VEHICLE WHEN HE WAS RAN OVER BY THE VICTIM,MALE,A,72.0,PASSENGER,1.0,2017-02-28 00:00:00,MACHAKOS,M,PASSENGER,A,,ADULT,,2/28,2017,2,February,28,Tuesday,1850,18.0,50.0,EVENING,72.0,PASSENGER / ATTENDANT,KCF 718Z ISUZU MINI BUS,False,False,True,False,False,False,False,False,False,True,False,False,False,
1110,2030,THIKA,KIAMBU,THIKA GATANGA,JOGOO KIMAKIA,UNKNOWN,HIT AND RUN,MALE,37,98.0,PEDESTRIAN,1.0,2017-02-28 00:00:00,KIAMBU,M,PEDESTRIAN,37,37.0,NUMERIC AGE,35-44,2/28,2017,2,February,28,Tuesday,2030,20.0,30.0,EVENING,98.0,CAUSE NOT TRACED,UNKNOWN,False,False,False,False,False,False,False,True,False,True,False,False,False,
1100,730,MTITO ANDEI,MAKUENI,NAIROBI MOMBASA,KWA KINYUTI AREA,KMCL 774S SKYGO KCE 006Q TOYOTA AXIO,THE VEHICLE RAMMED INTO THE CYCLE,MALE,40,29.0,MOTORCYCLIST,1.0,2017-03-01 00:00:00,MAKUENI,M,M/CYCLIST,40,40.0,NUMERIC AGE,35-44,03/01,2017,3,March,1,Wednesday,730,7.0,30.0,MORNING,29.0,DRIVER / CYCLIST BEHAVIOUR,KMCL 774S SKYGO KCE 006Q TOYOTA AXIO,True,False,False,False,False,False,False,False,False,True,False,False,False,
1101,800,NAIVASHA,NAKURU,NAIVASHA KINANGOP,KINAMBA AREA,UNKNOWN M/V,HIT AND RUN,MALE,45,98.0,PEDESTRIAN,1.0,2017-03-01 00:00:00,NAKURU,M,PEDESTRIAN,45,45.0,NUMERIC AGE,45-54,03/01,2017,3,March,1,Wednesday,800,8.0,0.0,MORNING,98.0,CAUSE NOT TRACED,UNKNOWN M/V,False,False,False,False,False,False,False,True,False,True,False,False,False,
1102,1000,ONGATA RONGAI,KAJIADO,MAGADI ROAD,BANGLADESH AREA,KMCB 900B BAJAJ & UNKNOWN M/V,HIT AND RUN,MALE,24,39.0,MOTORCYCLIST,1.0,2017-03-01 00:00:00,KAJIADO,M,M/CYCLIST,24,24.0,NUMERIC AGE,18-24,03/01,2017,3,March,1,Wednesday,1000,10.0,0.0,MORNING,39.0,DRIVER / CYCLIST BEHAVIOUR,KMCB 900B BAJAJ & UNKNOWN M/V,True,False,False,False,False,False,False,True,False,True,False,False,False,
1103,1800,DIANI,KILIFI,UKUNDA BEACH ROAD,ROCK STAR HOTEL,KTWA 790U PIAGGIO TUKTUK & KBE 597H HUMMER,HEAD ON COLLISION,MALE,35,10.0,DRIVER,1.0,2017-03-01 00:00:00,KILIFI,M,DRIVER,35,35.0,NUMERIC AGE,35-44,03/01,2017,3,March,1,Wednesday,1800,18.0,0.0,EVENING,10.0,DRIVER / CYCLIST BEHAVIOUR,KTWA 790U PIAGGIO TUKTUK & KBE 597H HUMMER,False,False,False,False,False,False,False,False,False,False,False,True,False,
1104,1800,NYAMIRA,NYAMIRA,KISII NYAMIRA,TINGA NYABIOTO BORDER,KBT 896Z MITSUBISHI LORRY & KMDL 691G TVS STAR,THE VEHICLE RAMMED INTO THE CYCLE,FEMALE,A,98.0,PILLION PASSENGER,1.0,2017-03-01 00:00:00,NYAMIRA,F,P/PASSENGER,A,,ADULT,,03/01,2017,3,March,1,Wednesday,1800,18.0,0.0,EVENING,98.0,CAUSE NOT TRACED,KBT 896Z MITSUBISHI LORRY & KMDL 691G TVS STAR,True,False,False,True,False,False,False,False,False,True,False,False,False,
1105,2230,BARINGO,BARINGO,TIRIMIONINI KASISIT MURRAM ROAD,MOGOI AREA,KMCZ 724Z BOXER,THE VEHICLE RAMMED INTO THE CYCLE,MALE,18,98.0,MOTORCYCLIST,1.0,2017-03-01 00:00:00,BARINGO,M,M/CYCLIST,18,18.0,NUMERIC AGE,18-24,03/01,2017,3,March,1,Wednesday,2230,22.0,30.0,NIGHT,98.0,CAUSE NOT TRACED,KMCZ 724Z BOXER,True,False,False,False,False,False,False,False,False,True,False,False,False,
1090,730,EMBU,EMBU,EMBU-KIRITIRI,MAJIMBO AREA,KCK 323A TOYOTA PROBOX,THE VEHICLE LOST CONTROL VEERED OFF THE ROAD AND ROLLED SEVERAL TIMES,MALE,25,7.0,PASSENGER,1.0,2017-03-07 00:00:00,EMBU,M,PASSENGER,25,25.0,NUMERIC AGE,25-34,03/07,2017,3,March,7,Tuesday,730,7.0,30.0,MORNING,7.0,DRIVER / CYCLIST BEHAVIOUR,KCK 323A TOYOTA PROBOX,False,False,False,False,False,False,True,False,False,True,False,False,False,
1091,1205,INDO AREA,NAIROBI,MOMBASA ROAD,NEAR SOUTH C FOOTBRIDGE,KBM 918Q TOYOTA FIELDER,THE VEHICLE KNOCKED DOWN A PEDESTRIAN,FEMALE,A,63.0,PEDESTRIAN,1.0,2017-03-07 00:00:00,NAIROBI,F,PEDESTRIAN,A,,ADULT,,03/07,2017,3,March,7,Tuesday,1205,12.0,5.0,AFTERNOON,63.0,PEDESTRIAN BEHAVIOUR,KBM 918Q TOYOTA FIELDER,False,False,False,False,False,False,True,False,False,True,False,False,False,
1092,600,CHANGAMWE,MOMBASA,AIRPORT ROAD,PORTREIZ AREA,KMDX 569A BAJAJ,THE M/CYCLIST HIT A CULVERT,MALE,26,93.0,MOTORCYCLIST,1.0,2017-03-07 00:00:00,MOMBASA,M,M/CYCLIST,26,26.0,NUMERIC AGE,25-34,03/07,2017,3,March,7,Tuesday,600,6.0,0.0,MORNING,93.0,ROAD CONDITION,KMDX 569A BAJAJ,True,False,False,False,False,False,False,False,False,True,False,False,False,
1093,1230,SALAMA,MAKUENI,NAIROBI-MOMBASA,OLD DC MUKAA OFFICE AREA,KCJ 590V SUBARU LEGACY &KCH 357S/ZE 2175 RENAULT TRAILER,THE VEHICLE COLLIDED HEAD ON WITH THE TRAILER,MALE,4MTS,10.0,PASSENGER,1.0,2017-03-07 00:00:00,MAKUENI,M,PASSENGER,4MTS,,UNKNOWN,,03/07,2017,3,March,7,Tuesday,1230,12.0,30.0,AFTERNOON,10.0,DRIVER / CYCLIST BEHAVIOUR,KCJ 590V SUBARU LEGACY &KCH 357S/ZE 2175 RENAULT TRAILER,False,False,False,False,False,False,False,False,True,True,False,False,False,
1094,1230,VIHIGA,VIHIGA,KISUMU-KAKAMEGA,TIGOI AREA,KAX 721M TOYOTA MATATU & KMDM 840K BAJAJ,THE VEHICLE COLLIDED HEAD ON WITH THE M/CYCLE,MALE,A,8.0,MOTORCYCLIST & PILLION PASSENGER,2.0,2017-03-07 00:00:00,VIHIGA,M,M/CYCLIST & P/PASSENGER,A,,ADULT,,03/07,2017,3,March,7,Tuesday,1230,12.0,30.0,AFTERNOON,8.0,DRIVER / CYCLIST BEHAVIOUR,KAX 721M TOYOTA MATATU & KMDM 840K BAJAJ,True,True,False,False,False,False,False,False,False,True,False,False,False,
1095,1600,KIKUYU,KIAMBU,KIKUYU-DAGORETTI,DAGORETTI MARKET,KBP 631V ISUZU LORRY,THE LORRY KNOCKED DOWN A PEDESTRIAN,MALE,69,63.0,PEDESTRIAN,1.0,2017-03-07 00:00:00,KIAMBU,M,PEDESTRIAN,69,69.0,NUMERIC AGE,65+,03/07,2017,3,March,7,Tuesday,1600,16.0,0.0,AFTERNOON,63.0,PEDESTRIAN BEHAVIOUR,KBP 631V ISUZU LORRY,False,False,False,True,False,False,False,False,False,True,False,False,False,
1096,1630,HOMABAY,HOMA BAY,HOMABAY-KENDU BAY,NGERU AREA,KBY 010N TOYOTA AXIO,THE VEHICLE KNOCKED DOWN A PEDESTRIAN,MALE,A,63.0,PEDESTRIAN,1.0,2017-03-07 00:00:00,HOMABAY,M,PEDESTRIAN,A,,ADULT,,03/07,2017,3,March,7,Tuesday,1630,16.0,30.0,AFTERNOON,63.0,PEDESTRIAN BEHAVIOUR,KBY 010N TOYOTA AXIO,False,False,False,False,False,False,False,False,False,False,False,True,False,
1097,1830,KIKUYU,KIAMBU,NAIVASHA-NAIROBI,KIAMBAA AREA,KCB 696M NISSAN UD BUS,THE VEHICLE LOST CONTROL AND ROLLED SEVERAL TIMES,MALE,A,80.0,PASSENGER,1.0,2017-03-07 00:00:00,KIAMBU,M,PASSENGER,A,,ADULT,,03/07,2017,3,March,7,Tuesday,1830,18.0,30.0,EVENING,80.0,VEHICLE DEFECT,KCB 696M NISSAN UD BUS,False,False,True,False,False,False,False,False,False,True,False,False,False,
1098,2045,NJORO,NAKURU,ELBURGON NJORO,NEAR KANANA FARM,KCJ 697J TOYOTA RUSH,THE VEHICLE KNOCKED DOWN A PEDESTRIAN,FEMALE,39,29.0,PEDESTRIAN,1.0,2017-03-07 00:00:00,NAKURU,F,PEDESTRIAN,39,39.0,NUMERIC AGE,35-44,03/07,2017,3,March,7,Tuesday,2045,20.0,45.0,EVENING,29.0,DRIVER / CYCLIST BEHAVIOUR,KCJ 697J TOYOTA RUSH,False,False,False,False,False,False,True,False,False,True,False,False,False,
1099,2200,ISINYA,KAJIADO,ISINYA-KAJIADO,UMMA UNIVERSITY,KBZ 966G/ZE 5142 M/BENZ TRAILER & KBH 8417 BENZ TRAILER & KBP 724N/ZD 8418 ACTROS TRAILER,THE TRAILERS SANDWITCHED THE VICTIMS,MALE,A,26.0,DRIVER & PASSENGER,3.0,2017-03-07 00:00:00,KAJIADO,M,2 DRIVERS & PASSENGER,A,,ADULT,,03/07,2017,3,March,7,Tuesday,2200,22.0,0.0,NIGHT,26.0,DRIVER / CYCLIST BEHAVIOUR,KBZ 966G/ZE 5142 M/BENZ TRAILER & KBH 8417 BENZ TRAILER & KBP 724N/ZD 8418 ACTROS TRAILER,False,False,False,True,False,False,False,False,True,True,False,False,False,
1084,1220,GUCHA,MIGORI,OMIRIGAMI-SENGERA RD,SENGERA AREA,"KMDX 152G TVS, KMDM 062P TVS & KBM 450Y M/CANTER",VICTIM LANDED UNDER THE VEHICLE AND HIT THE WHEEL,MALE,A,36.0,PILLION PASSENGER,1.0,2017-03-09 00:00:00,MIGORI,M,P/PASSENGER,A,,ADULT,,03/09,2017,3,March,9,Thursday,1220,12.0,20.0,AFTERNOON,36.0,DRIVER / CYCLIST BEHAVIOUR,"KMDX 152G TVS, KMDM 062P TVS & KBM 450Y M/CANTER",True,False,False,True,False,False,False,False,False,True,False,False,False,
1085,1430,AHERO,MIGORI,KISUMU-NAIROBI,AFTAH AREA,KBM 896W TOYOTA IST & KMBX 077W HONDA,THE VEHICLE HIT THE M/CYCLE,MALE,26,29.0,RIDER,1.0,2017-03-09 00:00:00,MIGORI,M,RIDER,26,26.0,NUMERIC AGE,25-34,03/09,2017,3,March,9,Thursday,1430,14.0,30.0,AFTERNOON,29.0,DRIVER / CYCLIST BEHAVIOUR,KBM 896W TOYOTA IST & KMBX 077W HONDA,False,False,False,False,False,False,False,False,False,False,False,True,False,
1086,1530,MERU,MERU,MITUNGUU-NKUBU,NYANGENE AREA,KMDZ 933Y CAPTAIN & T/PROBOX,THE VICTIM WAS RAN OVER BY A VEHICLE,MALE,32,57.0,RIDER,1.0,2017-03-09 00:00:00,MERU,M,RIDER,32,32.0,NUMERIC AGE,25-34,03/09,2017,3,March,9,Thursday,1530,15.0,30.0,AFTERNOON,57.0,DRIVER / CYCLIST BEHAVIOUR,KMDZ 933Y CAPTAIN & T/PROBOX,False,False,False,False,False,False,True,False,False,True,False,False,False,
1087,300,MTITO-ANDEI,TAITA TAVETA,NAIROBI-MOMBASA,TALEH AREA,KBH 165V NISSAN UD BUS & KMCR 765X SKYGO,THE VEHICLE LOST CONTROL AND KNOCKED DOWN THE M/CYCLE,MIXED,"40,38,45",8.0,PASSENGER & RIDER & PILLION PASSENGER,3.0,2017-03-09 00:00:00,TAITA-TAVETA,M&F,"PASSENGER ,RIDER, P/PASSENGER","40,38,45",,UNKNOWN,,03/09,2017,3,March,9,Thursday,300,3.0,0.0,NIGHT,8.0,DRIVER / CYCLIST BEHAVIOUR,KBH 165V NISSAN UD BUS & KMCR 765X SKYGO,True,False,True,False,False,False,False,False,False,True,False,False,False,
1088,1730,KIKUYU,KIAMBU,SOUTHERN BY PASS,GITARU AREA,UNKNOWN M/V & F/A/PED,THE VEHICLE KNOCKED DOWN A PEDESTRIAN,FEMALE,42,98.0,PEDESTRIAN,1.0,2017-03-09 00:00:00,KIAMBU,F,PEDESTRIAN,42,42.0,NUMERIC AGE,35-44,03/09,2017,3,March,9,Thursday,1730,17.0,30.0,EVENING,98.0,CAUSE NOT TRACED,UNKNOWN M/V & F/A/PED,False,False,False,False,False,False,False,True,False,True,False,False,False,
1089,2030,DTEO INDO AREA,NAIROBI,LIKONI ROAD,NEAR B.A.T GATE,KBB 712T ISUZU M/BUS & KMCZ 541P BOXER,THE BUS HIT THE M/CYCLE ON THE REAR,MALE,A,39.0,RIDER,1.0,2017-03-09 00:00:00,NAIROBI,M,RIDER,A,,ADULT,,03/09,2017,3,March,9,Thursday,2030,20.0,30.0,EVENING,39.0,DRIVER / CYCLIST BEHAVIOUR,KBB 712T ISUZU M/BUS & KMCZ 541P BOXER,True,False,True,False,False,False,False,False,False,True,False,False,False,
1075,930,KISUMU,KISUMU,KISUMU TOWNSHIP,KISUMU MAIN STAGE,KBJ 916R NISSAN UD BUS,THE BUS RAN OVER THE VICTIM,MALE,A,98.0,PEDESTRIAN,1.0,2017-03-10 00:00:00,KISUMU,M,PEDESTRIAN,A,,ADULT,,03/10,2017,3,March,10,Friday,930,9.0,30.0,MORNING,98.0,CAUSE NOT TRACED,KBJ 916R NISSAN UD BUS,False,False,True,False,False,False,False,False,False,True,False,False,False,
1076,630,VIHIGA,VIHIGA,KAKAMEGA KISUMU,AT LUNYERERE RIVER,KMDD 960M TVS & KBY 077D FIELDER,THE CYCLE WAS KNOCKED DOWN BY THE FIELDER,MALE,A,22.0,MOTORCYCLIST,1.0,2017-03-10 00:00:00,VIHIGA,M,M/CYCLIST,A,,ADULT,,03/10,2017,3,March,10,Friday,630,6.0,30.0,MORNING,22.0,DRIVER / CYCLIST BEHAVIOUR,KMDD 960M TVS & KBY 077D FIELDER,True,False,False,False,False,False,True,False,False,True,False,False,False,
1077,1400,DTEO INDO AREA,NAIROBI,MOMBASA ROAD,NEAR BUNYALA R/ABOUT,KAU 846M TOYOTA MATATU,THE VEHICLE LOST CONTROL AND VEERED OFF THE ROAD,MALE,A,26.0,PEDESTRIAN,1.0,2017-03-10 00:00:00,NAIROBI,M,PEDESTRIAN,A,,ADULT,,03/10,2017,3,March,10,Friday,1400,14.0,0.0,AFTERNOON,26.0,DRIVER / CYCLIST BEHAVIOUR,KAU 846M TOYOTA MATATU,False,True,False,False,False,False,False,False,False,True,False,False,False,
1078,730,,KWALE,MWANGULU MWELENI ROAD,NEAR MWANAKALA JUNCTION,KBQ 830Z CANTER,THE VIVTIM JUMPED OUT OF THE MOVING VEHICLE,MALE,12,72.0,PASSENGER,1.0,2017-03-10 00:00:00,,M,PASSENGER,12,12.0,NUMERIC AGE,0-17,03/10,2017,3,March,10,Friday,730,7.0,30.0,MORNING,72.0,PASSENGER / ATTENDANT,KBQ 830Z CANTER,False,False,False,True,False,False,False,False,False,True,False,False,False,
1079,1500,TURBO,KAKAMEGA,WEBUYE ELDORET,MUHONJE TRADING CENTRE,KMDM 356E TVS,THE CYCLE GOT A TYRE BURST AND LOST CONTROL AND ROLLED SEVERALLY,MALE,A,89.0,MOTORCYCLIST,1.0,2017-03-10 00:00:00,KAKAMEGA,M,M/CYCLIST,A,,ADULT,,03/10,2017,3,March,10,Friday,1500,15.0,0.0,AFTERNOON,89.0,VEHICLE DEFECT,KMDM 356E TVS,True,False,False,False,False,False,False,False,False,True,False,False,False,
1080,2030,MASENO,KISUMU,KISUMU BUSIA,LELA AREA,"KMDR 774X BOXER,KMDQ 008N TVS & KBR 128T FAW PRIME MOVER",HEAD ON COLLISION,MALE,A,,MOTORCYCLIST,1.0,2017-03-10 00:00:00,KISUMU,M,M/CYCLIST,A,,ADULT,,03/10,2017,3,March,10,Friday,2030,20.0,30.0,EVENING,,NOT RECORDED,"KMDR 774X BOXER,KMDQ 008N TVS & KBR 128T FAW PRIME MOVER",True,False,False,True,False,False,False,False,False,True,False,False,False,
1081,2030,MASENO,KISUMU,KISUMU BUSIA,LELA AREA,"KMDR 774X BOXER,KMDQ 008N TVS & KBR 128T FAW PRIME MOVER",HEAD ON COLLISION,MALE,A,,PILLION PASSENGER,1.0,2017-03-10 00:00:00,KISUMU,M,P/PASSENGER,A,,ADULT,,03/10,2017,3,March,10,Friday,2030,20.0,30.0,EVENING,,NOT RECORDED,"KMDR 774X BOXER,KMDQ 008N TVS & KBR 128T FAW PRIME MOVER",True,False,False,True,False,False,False,False,False,True,False,False,False,
1082,2030,DTEO CENTRAL,NAIROBI,MURANG'A ROAD,OPP. KAHAMA HOTEL,KCC 648S ISUZU BUS,THE VEHICLE KNOCKED DOWN THE VICTIM,MALE,62,98.0,PEDESTRIAN,1.0,2017-03-10 00:00:00,NAIROBI,M,PEDESTRIAN,62,62.0,NUMERIC AGE,55-64,03/10,2017,3,March,10,Friday,2030,20.0,30.0,EVENING,98.0,CAUSE NOT TRACED,KCC 648S ISUZU BUS,False,False,True,False,False,False,False,False,False,True,False,False,False,
1083,30,NYAMIRA,NYAMIRA,NYAMIRA MIRUKA ROAD,NYAMAIYA AREA,KCA 532C MITSUBISHI LORRY,THE VEHICLE LOST CONTROL AND LANDED INTO DITCH,MALE,A,26.0,PASSENGER,3.0,2017-03-10 00:00:00,NYAMIRA,M,PASSENGER,A,,ADULT,,03/10,2017,3,March,10,Friday,30,0.0,30.0,NIGHT,26.0,DRIVER / CYCLIST BEHAVIOUR,KCA 532C MITSUBISHI LORRY,False,False,False,True,False,False,False,False,False,True,False,False,False,
1066,700,KARURI,KIAMBU,BANANA RUAKA,RUAKA BRIDGE AREA,KBQ 321P ISUZU BUS & KMDS 691A CAPTAIN,HEAD ON COLLISION,MALE,27,7.0,MOTORCYCLIST,1.0,2017-03-11 00:00:00,KIAMBU,M,M/CYCLIST,27,27.0,NUMERIC AGE,25-34,03/11,2017,3,March,11,Saturday,700,7.0,0.0,MORNING,7.0,DRIVER / CYCLIST BEHAVIOUR,KBQ 321P ISUZU BUS & KMDS 691A CAPTAIN,False,False,True,False,False,False,False,False,False,True,False,False,False,
1067,1145,SALGAA,NAKURU,NAKURU ELDORET,SALGAA TRADING CENTRE,41CG032A T/FORTUNER,THE VEHICLE LOST CONTROL AND KNOCKED DOWN THE VICTIMS,MALE,A,26.0,PEDESTRIAN,2.0,2017-03-11 00:00:00,NAKURU,M,PEDESTRIAN,A,,ADULT,,03/11,2017,3,March,11,Saturday,1145,11.0,45.0,MORNING,26.0,DRIVER / CYCLIST BEHAVIOUR,41CG032A T/FORTUNER,False,False,False,False,False,False,False,False,False,False,False,True,False,
1068,1610,MWEA,KIRINYAGA,MWEA EMBU,P.I. AREA,KCE 689T TOYOTA MATATU,THE VEHICLE KNOCKED DOWN THE VICTIM,MALE,A,11.0,PEDESTRIAN,1.0,2017-03-11 00:00:00,KIRINYAGA,M,PEDESTRIAN,A,,ADULT,,03/11,2017,3,March,11,Saturday,1610,16.0,10.0,AFTERNOON,11.0,DRIVER / CYCLIST BEHAVIOUR,KCE 689T TOYOTA MATATU,False,True,False,False,False,False,False,False,False,True,False,False,False,
1069,1800,KERICHO,KERICHO,KAPOROK SEGEREK,UNSPECIFIED,KBA MITSUBISHI LORRY,THE VEHICLE LOST CONTROL AND OVERTURNED,MALE,A,26.0,PASSENGER,4.0,2017-03-11 00:00:00,KERICHO,M,PASSENGER,A,,ADULT,,03/11,2017,3,March,11,Saturday,1800,18.0,0.0,EVENING,26.0,DRIVER / CYCLIST BEHAVIOUR,KBA MITSUBISHI LORRY,False,False,False,True,False,False,False,False,False,True,False,False,False,
1070,30,RUIRU,KIAMBU,NORTHERN BY PASS,MEMBLEY ESTATE ENTRANCE,KBW 756M T/MATATU,THE VEHICLE LOST CONTROL AND HIT A CULVERT,MALE,31,26.0,DRIVER,1.0,2017-03-11 00:00:00,KIAMBU,M,DRIVER,31,31.0,NUMERIC AGE,25-34,03/11,2017,3,March,11,Saturday,30,0.0,30.0,NIGHT,26.0,DRIVER / CYCLIST BEHAVIOUR,KBW 756M T/MATATU,False,True,False,False,False,False,False,False,False,True,False,False,False,
1071,2130,TAWA POLICE STN,MAKUENI,TAWA KALAWANI,NEAR LIVING WATER CHURCH,UNKNOWN,HIT AND RUN,MALE,40,98.0,PEDESTRIAN,1.0,2017-03-11 00:00:00,MAKUENI,M,PEDESTRIAN,40,40.0,NUMERIC AGE,35-44,03/11,2017,3,March,11,Saturday,2130,21.0,30.0,NIGHT,98.0,CAUSE NOT TRACED,UNKNOWN,False,False,False,False,False,False,False,True,False,True,False,False,False,
1072,1030,AWENDO,MIGORI,MIGORI AWENDO,NYALAGO AREA,KMDX 275K BAJAJ,THE CYCLE LOST CONTROL AND FELL DOWN,MALE,A,98.0,MOTORCYCLIST,1.0,2017-03-11 00:00:00,MIGORI,M,M/CYCLIST,A,,ADULT,,03/11,2017,3,March,11,Saturday,1030,10.0,30.0,MORNING,98.0,CAUSE NOT TRACED,KMDX 275K BAJAJ,True,False,False,False,False,False,False,False,False,True,False,False,False,
1073,130,OTHAYA,NYERI,NDUNYU MUNYANGE,AT KAMOKO AREA,UNKNOWN CYCLE,THE CYCLE KNOCKED DOWN THE VICTIM,MALE,56,36.0,PEDESTRIAN,1.0,2017-03-11 00:00:00,NYERI,M,PEDESTRIAN,56,56.0,NUMERIC AGE,55-64,03/11,2017,3,March,11,Saturday,130,1.0,30.0,NIGHT,36.0,DRIVER / CYCLIST BEHAVIOUR,UNKNOWN CYCLE,False,False,False,False,False,False,False,True,False,True,False,False,False,
1074,230,ATHI RIVER,MACHAKOS,NAIROBI MOMBASA,MLOLONGO AREA,KBH 233M TOYOTA HARRIER,THE VEHICLE KNOCKED DOWN THE VICTIM,MALE,A,60.0,PEDESTRIAN,1.0,2017-03-11 00:00:00,MACHAKOS,M,PEDESTRIAN,A,,ADULT,,03/11,2017,3,March,11,Saturday,230,2.0,30.0,NIGHT,60.0,PEDESTRIAN BEHAVIOUR,KBH 233M TOYOTA HARRIER,False,False,False,False,False,False,True,False,False,True,False,False,False,
1062,840,DAGORETTI,NAIROBI,WAIYAKI WAY,NEAR PETRO PETROL STAION,KCA 999L PORSCHE,THE VEHICLE KNOCKED DOWN THE VICTIM,FEMALE,A,60.0,PEDESTRIAN,1.0,2017-03-12 00:00:00,NAIROBI,F,PEDESTRIAN,A,,ADULT,,03/12,2017,3,March,12,Sunday,840,8.0,40.0,MORNING,60.0,PEDESTRIAN BEHAVIOUR,KCA 999L PORSCHE,False,False,False,False,False,False,False,False,False,False,False,True,False,
1063,1720,BOMET,BOMET,BOMET -NAROK,NEAR NYANGORES RIVER,KCA 741X T/FIELDER,THE VEHICLE KNOCKED DOWN THE VICTIM,MALE,J,68.0,PEDESTRIAN,1.0,2017-03-12 00:00:00,BOMET,M,PEDESTRIAN,J,,JUVENILE,,03/12,2017,3,March,12,Sunday,1720,17.0,20.0,EVENING,68.0,PEDESTRIAN BEHAVIOUR,KCA 741X T/FIELDER,False,False,False,False,False,False,True,False,False,True,False,False,False,
1064,1800,AWENDO,MIGORI,RONGO- AWENDO,RAKWARO AREA,UNKNOWN M/VEHICLE (HIT & RUN),THE M/V KNOCKED DOWN THE VICTIM AND DROVE AWAY.,FEMALE,26,98.0,PEDESTRIAN,1.0,2017-03-12 00:00:00,MIGORI,F,PEDESTRIAN,26,26.0,NUMERIC AGE,25-34,03/12,2017,3,March,12,Sunday,1800,18.0,0.0,EVENING,98.0,CAUSE NOT TRACED,UNKNOWN M/VEHICLE (HIT & RUN),False,False,False,False,False,False,False,True,False,True,False,False,False,
1065,2045,DAGORETTI,NAIROBI,WAIYAKI WAY,NEAR KANGEMI STAGE,KBS 821W TOYOTA MATATU,THE VEHICLE KNOCKED DOWN THE VICTIM,MALE,A,98.0,PEDESTRIAN,1.0,2017-03-12 00:00:00,NAIROBI,M,PEDESTRIAN,A,,ADULT,,03/12,2017,3,March,12,Sunday,2045,20.0,45.0,EVENING,98.0,CAUSE NOT TRACED,KBS 821W TOYOTA MATATU,False,True,False,False,False,False,False,False,False,True,False,False,False,
1059,840,KITUI,KITUI,MUMO MUTINI,KWANYINGI PRI. SCHOOL,KMDS 953A RANGER,THE CYCLE LOST CONTROL AND FELL DOWN,MALE,A,54.0,PILLION PASSENGER,1.0,2017-03-13 00:00:00,KITUI,M,P/PASSENGER,A,,ADULT,,3/13,2017,3,March,13,Monday,840,8.0,40.0,MORNING,54.0,DRIVER / CYCLIST BEHAVIOUR,KMDS 953A RANGER,False,False,False,False,False,False,False,False,False,False,False,True,False,
1060,1930,DTEO KILIMANI,NAIROBI,AIRWINGS KODHEK ROAD,NEAR RADAR SECURITY,KAH 700P ISUZU M/BUS & KMDP 788J BOXER,THE CYCLE WAS HIT BY THE VEHICLE,MALE,A,38.0,MOTORCYCLIST,1.0,2017-03-13 00:00:00,NAIROBI,M,M/CYCLIST,A,,ADULT,,3/13,2017,3,March,13,Monday,1930,19.0,30.0,EVENING,38.0,DRIVER / CYCLIST BEHAVIOUR,KAH 700P ISUZU M/BUS & KMDP 788J BOXER,True,False,True,False,False,False,False,False,False,True,False,False,False,
1061,1930,BUNGOMA,BUNGOMA,BUNGOMA WEBUYE,BUKEMBE AREA,UNKNOWN M/V,HIT AND RUN,FEMALE,A,98.0,PEDESTRIAN,1.0,2017-03-13 00:00:00,BUNGOMA,F,PEDESTRIAN,A,,ADULT,,3/13,2017,3,March,13,Monday,1930,19.0,30.0,EVENING,98.0,CAUSE NOT TRACED,UNKNOWN M/V,False,False,False,False,False,False,False,True,False,True,False,False,False,
1053,1600,KIAMBU,KIAMBU,NORTHEN BY PASS,KAHAWA WEST,UNKNOWN M/V,HIT AND RUN,MALE,60,7.0,PEDESTRIAN,1.0,2017-03-14 00:00:00,KIAMBU,M,PEDESTRIAN,60,60.0,NUMERIC AGE,55-64,3/14,2017,3,March,14,Tuesday,1600,16.0,0.0,AFTERNOON,7.0,DRIVER / CYCLIST BEHAVIOUR,UNKNOWN M/V,False,False,False,False,False,False,False,True,False,True,False,False,False,
1054,1830,TARAKWA,UASIN GISHU,ELDORET NAKURU,SHAMBA MPYA,"GKB 202M AMBULANCE(NAKURU PRISON),KCC 399K NEW HOLLAND",HEAD ON COLLISION,MALE,A,10.0,PASSENGER,1.0,2017-03-14 00:00:00,UASIN GISHU,M,PASSENGER,A,,ADULT,,3/14,2017,3,March,14,Tuesday,1830,18.0,30.0,EVENING,10.0,DRIVER / CYCLIST BEHAVIOUR,"GKB 202M AMBULANCE(NAKURU PRISON),KCC 399K NEW HOLLAND",False,False,False,False,False,True,False,False,False,True,False,False,False,
1055,2000,LUANDA,SIAYA,SIAYA LUANDA,ESALUWA,KCG 830U MATATU C\O KITOMA SACCO,THE VEHICLE LOST CONTROL AND ROLLED,MALE,38,61.0,PASSENGER,1.0,2017-03-14 00:00:00,SIAYA,M,PASSENGER,38,38.0,NUMERIC AGE,35-44,3/14,2017,3,March,14,Tuesday,2000,20.0,0.0,EVENING,61.0,PEDESTRIAN BEHAVIOUR,KCG 830U MATATU C\O KITOMA SACCO,False,True,False,False,False,False,False,False,False,True,False,False,False,
1056,2230,KIAMBU,KIAMBU,NAIROBI NAIVASHA,KINOO,KBU 238S TOYOTA SALOON,THE VEHICLE KNOCKED DOWN THE VICTIM,MALE,A,68.0,PEDESTRIAN,1.0,2017-03-14 00:00:00,KIAMBU,M,PEDESTRIAN,A,,ADULT,,3/14,2017,3,March,14,Tuesday,2230,22.0,30.0,NIGHT,68.0,PEDESTRIAN BEHAVIOUR,KBU 238S TOYOTA SALOON,False,False,False,False,False,False,True,False,False,True,False,False,False,
1057,2050,MATUU,MACHAKOS,MATUU THIKA,KWA MAKAA,KCH 294S TOYOTA MATATU,THE VEHICLE KNOCKED DOWN THE VICTIM,MALE,A,68.0,PEDESTRIAN,1.0,2017-03-14 00:00:00,MACHAKOS,M,PEDESTRIAN,A,,ADULT,,3/14,2017,3,March,14,Tuesday,2050,20.0,50.0,EVENING,68.0,PEDESTRIAN BEHAVIOUR,KCH 294S TOYOTA MATATU,False,True,False,False,False,False,False,False,False,True,False,False,False,
1058,20,MOYALE,MARSABIT,SESSI,PRISON,KMDS 495Y,THE CYCLE KNOCKED DOWN THE VICTIM,MALE,59,98.0,PEDESTRIAN,1.0,2017-03-14 00:00:00,MOYALE,M,PEDESTRIAN,59,59.0,NUMERIC AGE,55-64,3/14,2017,3,March,14,Tuesday,20,0.0,20.0,NIGHT,98.0,CAUSE NOT TRACED,KMDS 495Y,False,False,False,False,False,False,False,False,False,False,False,True,False,
1051,1100,KIAMBU,KIAMBU,NORTHERN BY PASS,NEAR NJATHAINI JUNCTION,KAU 544A MITSUBISHI CANTER,THE VEHICLE KNOCKED DOWN THE VICTIM,MIXED,A,11.0,PEDESTRIAN,2.0,2017-03-16 00:00:00,KIAMBU,M & F,PEDESTRIAN,A,,ADULT,,3/16,2017,3,March,16,Thursday,1100,11.0,0.0,MORNING,11.0,DRIVER / CYCLIST BEHAVIOUR,KAU 544A MITSUBISHI CANTER,False,False,False,True,False,False,False,False,False,True,False,False,False,
1052,2100,NAROMORU,NYERI,NYERI NANYUKI,GITHIURU AREA,KMDY 115X CAPTAIN & UNKNOWN,HEAD ON COLLISION,MALE,60,10.0,PILLION PASSENGER,1.0,2017-03-16 00:00:00,NYERI,M,P/PASSENGER,60,60.0,NUMERIC AGE,55-64,3/16,2017,3,March,16,Thursday,2100,21.0,0.0,NIGHT,10.0,DRIVER / CYCLIST BEHAVIOUR,KMDY 115X CAPTAIN & UNKNOWN,False,False,False,False,False,False,False,True,False,True,False,False,False,
1046,1130,GITHUNGURI,KIAMBU,KIAMBU KWAMAIKO,KWAMAIKO TRADING CENTER,KBY 517J TOYOTA CANTER & KMCU 003B DAYUN,HEAD ON COLLISION,FEMALE,42,8.0,PILLION PASSENGER,1.0,2017-03-17 00:00:00,KIAMBU,F,P/PASSENGER,42,42.0,NUMERIC AGE,35-44,3/17,2017,3,March,17,Friday,1130,11.0,30.0,MORNING,8.0,DRIVER / CYCLIST BEHAVIOUR,KBY 517J TOYOTA CANTER & KMCU 003B DAYUN,True,False,False,True,False,False,False,False,False,True,False,False,False,
1047,1430,ISIBANIA,MIGORI,NYABOHANSE KOMOMWAMU,KIBURANGA AREA,T830 ATE MINI CANTER,THE VEHICLE KNOCKED DOWN THE VICTIM,FEMALE,4,19.0,PEDESTRIAN,1.0,2017-03-17 00:00:00,MIGORI,F,PEDESTRIAN,4,4.0,NUMERIC AGE,0-17,3/17,2017,3,March,17,Friday,1430,14.0,30.0,AFTERNOON,19.0,DRIVER / CYCLIST BEHAVIOUR,T830 ATE MINI CANTER,False,False,False,True,False,False,False,False,False,True,False,False,False,
1048,2100,MWEA,KIRINYAGA,KENOL MAKUTANO,WACHORO AREA,KBT 760F TOYOTA FIELDER,THE VEHICLE KNOCKED DOWN THE VICTIM,MALE,45,63.0,PEDESTRIAN,1.0,2017-03-17 00:00:00,KIRINYAGA,M,PEDESTRIAN,45,45.0,NUMERIC AGE,45-54,3/17,2017,3,March,17,Friday,2100,21.0,0.0,NIGHT,63.0,PEDESTRIAN BEHAVIOUR,KBT 760F TOYOTA FIELDER,False,False,False,False,False,False,True,False,False,True,False,False,False,
1049,330,MACHAKOS,MACHAKOS,MOMBASA NAIROBI,KONZA AREA,KBU 743D/ZE 1567 M/BENZ TRAILER & KCC 683W ISUZU LORRY,HEAD ON COLLISION,MALE,A,98.0,DRIVER,1.0,2017-03-17 00:00:00,MACHAKOS,M,DRIVER,A,,ADULT,,3/17,2017,3,March,17,Friday,330,3.0,30.0,NIGHT,98.0,CAUSE NOT TRACED,KBU 743D/ZE 1567 M/BENZ TRAILER & KCC 683W ISUZU LORRY,False,False,False,True,False,False,False,False,True,True,False,False,False,
1050,330,MACHAKOS,MACHAKOS,MOMBASA NAIROBI,KONZA AREA,KBU 743D/ZE 1567 M/BENZ TRAILER & KCC 683W ISUZU LORRY,HEAD ON COLLISION,MALE,A,98.0,DRIVER,2.0,2017-03-17 00:00:00,MACHAKOS,M,DRIVER,A,,ADULT,,3/17,2017,3,March,17,Friday,330,3.0,30.0,NIGHT,98.0,CAUSE NOT TRACED,KBU 743D/ZE 1567 M/BENZ TRAILER & KCC 683W ISUZU LORRY,False,False,False,True,False,False,False,False,True,True,False,False,False,
1040,2120,MAKINDU,MAKUENI,MSA-NRB,NEAR MASIMBA SGR STN,KCA 685V T/PASSO @KCG 706E/ZF 3418 M M/BENZ,THE MOTOR VEHICLE HIT THE REAR WHEEL OF THE TRAILER LOST CONTROL AND COLLIDED WITH ANOTHER VEHICLE,MALE,A,8.0,DRIVER,1.0,2017-03-18 00:00:00,MAKUENI,M,DRIVER,A,,ADULT,,3/18,2017,3,March,18,Saturday,2120,21.0,20.0,NIGHT,8.0,DRIVER / CYCLIST BEHAVIOUR,KCA 685V T/PASSO @KCG 706E/ZF 3418 M M/BENZ,False,False,False,False,False,False,True,False,False,True,False,False,False,
1041,2030,SIAYA,SIAYA,BONDO-KISUMU,KAUDHA AREA,M.C KMDZ 496C BOXER & M/A/PED,THE M/CYCLE KNOCKED DOWN A PEDESTRIAN,FEMALE,65,98.0,PEDESTRIAN,1.0,2017-03-18 00:00:00,SIAYA,F,PEDESTRIAN,65,65.0,NUMERIC AGE,65+,3/18,2017,3,March,18,Saturday,2030,20.0,30.0,EVENING,98.0,CAUSE NOT TRACED,M.C KMDZ 496C BOXER & M/A/PED,True,False,False,False,False,False,False,False,False,True,False,False,False,
1042,1900,KINDU-BAY,HOMA BAY,KINDU-BAY KATITU,UNSPECIFED,UNKNOWN M/V & M/J/PED,THE UNKOWN VEHICLE KNOCKED DOWN A PEDESTRIAN,MALE,8,98.0,PEDESTRIAN,1.0,2017-03-18 00:00:00,HOMA-BAY,M,PEDESTRIAN,8,8.0,NUMERIC AGE,0-17,3/18,2017,3,March,18,Saturday,1900,19.0,0.0,EVENING,98.0,CAUSE NOT TRACED,UNKNOWN M/V & M/J/PED,False,False,False,False,False,False,False,True,False,True,False,False,False,
1043,1500,PAP ONDITI,KISUMU,KATITO KEMDUBAY,KAMONDO BRIDGE,KCF 031X I/M/BUS & M/C KMDR 411F,THE M/CYCLE LOST CONTROL AND WAS KNOCKED DOWN BY THE SAID BUS,MIXED,"42,24,32",26.0,RIDER & PILLION PASSENGER,3.0,2017-03-18 00:00:00,KISUMU,M&F,RIDER & P/PASSENGER,"42,24,32",,UNKNOWN,,3/18,2017,3,March,18,Saturday,1500,15.0,0.0,AFTERNOON,26.0,DRIVER / CYCLIST BEHAVIOUR,KCF 031X I/M/BUS & M/C KMDR 411F,True,False,True,False,False,False,False,False,False,True,False,False,False,
1044,1200,JUJA,KIAMBU,GATUNDU RD,OPP PCEA GATEWAY CHURCH,KBJ 687F TOYOTA MATATU & M/C KMCS 752R JINCHENG,THE MOTORCYCLE COLLIDED WITH THE SAID MATATU,MALE,A,8.0,RIDER,1.0,2017-03-18 00:00:00,KIAMBU,M,RIDER,A,,ADULT,,3/18,2017,3,March,18,Saturday,1200,12.0,0.0,AFTERNOON,8.0,DRIVER / CYCLIST BEHAVIOUR,KBJ 687F TOYOTA MATATU & M/C KMCS 752R JINCHENG,True,True,False,False,False,False,False,False,False,True,False,False,False,
1045,610,DIANI,KILIFI,KILIIFI-DIANI,CORNER BEACH JUNTION,KBX 997Q,THE VEHICLE LOST CONTOL AND RAMMED INTO A TREE,MALE,25,7.0,RIDER,1.0,2017-03-18 00:00:00,KILIFI,M,RIDER,25,25.0,NUMERIC AGE,25-34,3/18,2017,3,March,18,Saturday,610,6.0,10.0,MORNING,7.0,DRIVER / CYCLIST BEHAVIOUR,KBX 997Q,False,False,False,False,False,False,False,False,False,False,False,True,False,
1029,330,LONDIANI,KERICHO,MUHORONI-LONDIANI,TUNNEL AREA,KBT 896X ISUZU BUS & T/WISH KBX 472R,THE BUS COLLIDED HEAD ON WITH THE VEHICLE,MIXED,A,78.0,PASSENGER,6.0,2017-03-19 00:00:00,KERICHO,M&F,PASSENGERS,A,,ADULT,,3/19,2017,3,March,19,Sunday,330,3.0,30.0,NIGHT,78.0,VEHICLE DEFECT,KBT 896X ISUZU BUS & T/WISH KBX 472R,False,False,True,False,False,False,True,False,False,True,False,False,False,
1030,445,VOI,TAITA TAVETA,MSA-NRB,MANYANI,KAW 432E/ZC 5556 M/B/AXOR & KCE 189T HARRIER,THE TRAILER COLLIDED HEAD ON WITH THE VEHICLE,MIXED,A,8.0,DRIVER & PASSENGER,5.0,2017-03-19 00:00:00,TAITA-TAVETA,M&F,1 DRIVER & 4 PASSENGERS,A,,ADULT,,3/19,2017,3,March,19,Sunday,445,4.0,45.0,NIGHT,8.0,DRIVER / CYCLIST BEHAVIOUR,KAW 432E/ZC 5556 M/B/AXOR & KCE 189T HARRIER,False,False,False,False,False,False,True,False,False,True,False,False,False,
1031,430,DTEO KAYOLE,NAIROBI,KANGUNDO RD,SHELL PETROL STATION NEAR NJIRU T CENTRE,UNKNOWN M/V & PEDS,THE UNKNOWN VEHICLE KNOCKED DOWN A PEDESTRIAN,FEMALE,40,98.0,PEDESTRIAN,1.0,2017-03-19 00:00:00,NAIROBI,F,PEDESTRIAN,40,40.0,NUMERIC AGE,35-44,3/19,2017,3,March,19,Sunday,430,4.0,30.0,NIGHT,98.0,CAUSE NOT TRACED,UNKNOWN M/V & PEDS,False,False,False,False,False,False,False,True,False,True,False,False,False,
1032,630,UGUNJA,SIAYA,KISUMU-BUSIA,MADEA AREA,KCB 882U I/M/BUS & KBT 046U/XF 0915 MAN,THE BUS LOST CONTROL AND COLLIDED HEAD ON WITH THE TRAILER,MALE,A,20.0,PASSENGER,2.0,2017-03-19 00:00:00,SIAYA,M,PASSENGERS,A,,ADULT,,3/19,2017,3,March,19,Sunday,630,6.0,30.0,MORNING,20.0,DRIVER / CYCLIST BEHAVIOUR,KCB 882U I/M/BUS & KBT 046U/XF 0915 MAN,False,False,True,False,False,False,False,False,False,True,False,False,False,
1033,745,KILIFI,KILIFI,KILIFI-MOMBASA,NEAR MNARANI SEC SCHOOL,KCJ 271F VITZ & M/C KMDM 733G ZAN LG,THE M/VEHICLE LOST CONTROL AND HIT THE M/CYCLE,MALE,A,26.0,RIDER,1.0,2017-03-19 00:00:00,KILIFI,M,RIDER,A,,ADULT,,3/19,2017,3,March,19,Sunday,745,7.0,45.0,MORNING,26.0,DRIVER / CYCLIST BEHAVIOUR,KCJ 271F VITZ & M/C KMDM 733G ZAN LG,True,False,False,False,False,False,True,False,False,True,False,False,False,
1034,1230,MARIAKANI,KILIFI,KALOLENI- MAZERAS RD,MWAKOMBE AREA,KAS 509M I/M/BUS & M/A/PED,THE VEHICLE HIT A PEDESTRIAN,MALE,33,10.0,PEDESTRIAN,1.0,2017-03-19 00:00:00,KILIFI,M,PEDESTRIAN,33,33.0,NUMERIC AGE,25-34,3/19,2017,3,March,19,Sunday,1230,12.0,30.0,AFTERNOON,10.0,DRIVER / CYCLIST BEHAVIOUR,KAS 509M I/M/BUS & M/A/PED,False,False,True,False,False,False,False,False,False,True,False,False,False,
1035,1530,LAIKIPIA,LAIKIPIA,MATANYA ROAD,MUGETHO AREA,KAX 407B T/SALOON & KMDQ 204N M/CYCLE,THE VEHICLE HIT THE M/CYCLE,MALE,A,,RIDER & PILLION PASSENGER,2.0,2017-03-19 00:00:00,LAIKIPIA,M,1 RIDER & 1P/PASSENGER,A,,ADULT,,3/19,2017,3,March,19,Sunday,1530,15.0,30.0,AFTERNOON,,NOT RECORDED,KAX 407B T/SALOON & KMDQ 204N M/CYCLE,True,False,False,False,False,False,True,False,False,True,False,False,False,
1036,1830,KIMILILI,TRANS NZOIA,KIMILILI-CHWELE ROAD,SICHEI AREA,KCG 105N T/L/CRUISER & KMDW 498B TVS STAR,THE VEHICLE KNOCKED DOWN THE M/CYCLE,MALE,36,52.0,PASSENGER,1.0,2017-03-19 00:00:00,TRANS NZOIA,M,PASSENGERS,36,36.0,NUMERIC AGE,35-44,3/19,2017,3,March,19,Sunday,1830,18.0,30.0,EVENING,52.0,DRIVER / CYCLIST BEHAVIOUR,KCG 105N T/L/CRUISER & KMDW 498B TVS STAR,True,False,False,False,False,False,True,False,False,True,False,False,False,
1037,1800,MATUU,MACHAKOS,MATUU-THIKA ROAD,KWA MAKAA AREA,KCA 564T ISUZU MINIBUS,THE BUS LOST CONTROL AND VEERED OFF THE ROAD,MALE,36,26.0,PASSENGER,1.0,2017-03-19 00:00:00,MACHAKOS,M,PASSENGERS,36,36.0,NUMERIC AGE,35-44,3/19,2017,3,March,19,Sunday,1800,18.0,0.0,EVENING,26.0,DRIVER / CYCLIST BEHAVIOUR,KCA 564T ISUZU MINIBUS,False,False,False,False,False,False,False,False,False,False,False,True,False,
1038,2215,KANGUNDO,MACHAKOS,NAIROBI-TALA ROAD,NEAR TALA HIGH SCHOOL,KBT 651 T/COROLLA & M/A/PED,THE VEHICLE KNOCKED DOWN A PEDESTRIAN,MALE,41,,PEDESTRIAN,1.0,2017-03-19 00:00:00,MACHAKOS,M,PEDESTRIAN,41,41.0,NUMERIC AGE,35-44,3/19,2017,3,March,19,Sunday,2215,22.0,15.0,NIGHT,,NOT RECORDED,KBT 651 T/COROLLA & M/A/PED,False,False,False,False,False,False,True,False,False,True,False,False,False,
1039,2205,STAREHE,NAIROBI,MURANGA RD,NEAR NAIROBI WATER,KCA 973Q T/ISIS & F/A/PED,THE VEHICLE KNOCKED DOWN A PEDESTRIAN,FEMALE,28,68.0,PEDESTRIAN,1.0,2017-03-19 00:00:00,NAIROBI,F,PEDESTRIAN,28,28.0,NUMERIC AGE,25-34,3/19,2017,3,March,19,Sunday,2205,22.0,5.0,NIGHT,68.0,PEDESTRIAN BEHAVIOUR,KCA 973Q T/ISIS & F/A/PED,False,False,False,False,False,False,True,False,False,True,False,False,False,
1025,1530,KIAMBU,KIAMBU,NORTHERN BY PASS ROAD,NGOMONGO QUARRY,KBJ 857X T/SALOON & PED,THE MOTOR VEHICLE KNOCKED DOWN A PEDESTRIAN,MALE,22,60.0,PEDESTRIAN,1.0,2017-03-20 00:00:00,KIAMBU,M/A,PEDESTRIAN,22,22.0,NUMERIC AGE,18-24,3/20,2017,3,March,20,Monday,1530,15.0,30.0,AFTERNOON,60.0,PEDESTRIAN BEHAVIOUR,KBJ 857X T/SALOON & PED,False,False,False,False,False,False,True,False,False,True,False,False,False,
1026,2030,NYANDARUA,NYANDARUA,OLKALOU-NYAHURURU ROAD,KAHURUKO AREA,KCF 105P TOYOTA MATATU & PED,THE MATATU KNOCKED DOWN A PEDESTRIAN,MALE,47,60.0,PEDESTRIAN,1.0,2017-03-20 00:00:00,NYANDARUA,M,PEDESTRIAN,47,47.0,NUMERIC AGE,45-54,3/20,2017,3,March,20,Monday,2030,20.0,30.0,EVENING,60.0,PEDESTRIAN BEHAVIOUR,KCF 105P TOYOTA MATATU & PED,False,True,False,False,False,False,False,False,False,True,False,False,False,
1027,1930,BUNGOMA,BUNGOMA,BUNGOMA-MALABA,NANGENI AREA,UNKNOWN M/V & PED,THE VICTIM WAS RUN OVER BY A TYRE OF A TRACTOR,MALE,13,99.0,PEDESTRIAN,1.0,2017-03-20 00:00:00,BUNGOMA,M/J,PEDESTRIAN,13,13.0,NUMERIC AGE,0-17,3/20,2017,3,March,20,Monday,1930,19.0,30.0,EVENING,99.0,CAUSE NOT TRACED,UNKNOWN M/V & PED,False,False,False,False,False,False,False,True,False,True,False,False,False,
1028,30,LARI,KIAMBU,NAIVASHA-NAIROBI,MAGINA AREA,KAE 234R M/PAJERO & KBH 021C M/LORRY,THE M/VEHICLE LOST CONTROL AND COLLIDED WITH THE LORRY,MALE,34,,DRIVER,1.0,2017-03-20 00:00:00,KIAMBU,M,DRIVER,34,34.0,NUMERIC AGE,25-34,3/20,2017,3,March,20,Monday,30,0.0,30.0,NIGHT,,NOT RECORDED,KAE 234R M/PAJERO & KBH 021C M/LORRY,False,False,False,True,False,False,True,False,False,True,False,False,False,
1014,615,TIMBOROA,BARINGO,NAKURU-ELDORET,MAWE TATU AREA,KBZ 238Z ISUZU D/MAX & KCB 157J/ZE 9350,THE VEHICLE COLLIDED HEAD ON WITH A TRAILER WHILE OVERTAKING,MALE,25&19,10.0,PASSENGER,2.0,2017-03-21 00:00:00,BARINGO,M,PASSENGERS,25&19,,UNKNOWN,,3/21,2017,3,March,21,Tuesday,615,6.0,15.0,MORNING,10.0,DRIVER / CYCLIST BEHAVIOUR,KBZ 238Z ISUZU D/MAX & KCB 157J/ZE 9350,False,False,False,False,False,False,False,False,False,False,False,True,False,
1015,930,KANDARA,MURANG'A,MAKENJI-MURUKA,GITURI AREA,KYX 551 T/P/UP & M/CYCLE KMDG 038X RANGER,THE M/CYCLE COLLIDED HEAD ON WITH THE M/VEHICLE,MALE,A,37.0,RIDER & PILLION PASSENGER,2.0,2017-03-21 00:00:00,MURANGA,M,RIDER & P/PASSENGER,A,,ADULT,,3/21,2017,3,March,21,Tuesday,930,9.0,30.0,MORNING,37.0,DRIVER / CYCLIST BEHAVIOUR,KYX 551 T/P/UP & M/CYCLE KMDG 038X RANGER,True,False,False,False,True,False,False,False,False,True,False,False,False,
1016,930,NANDI CENTRAL,NANDI,KAPSABET-CHAVAKALI,MOTHER FRANSISCA AREA,M/CYCLE 692D TVS & M/A/PED,THE M/CYCLE KNOCKED DOWN A PEDESTRIAN,MALE,38,6.0,PEDESTRIAN,1.0,2017-03-21 00:00:00,NANDI,M,PEDESTRIAN,38,38.0,NUMERIC AGE,35-44,3/21,2017,3,March,21,Tuesday,930,9.0,30.0,MORNING,6.0,DRIVER / CYCLIST BEHAVIOUR,M/CYCLE 692D TVS & M/A/PED,True,False,False,False,False,False,False,False,False,True,False,False,False,
1017,1400,DTEO GIGIRI,NAIROBI,PROF.WANGARI MATHAI,SHELL PETROL STN,UNREGISTERED M/CYCLE,THE M/CYCLE LOST CONTROL AND ROLLED SEVERAL TIMES,MALE,A,36.0,RIDER & PILLION PASSENGER,2.0,2017-03-21 00:00:00,NAIROBI,M,RIDER & P/PASSENGER,A,,ADULT,,3/21,2017,3,March,21,Tuesday,1400,14.0,0.0,AFTERNOON,36.0,DRIVER / CYCLIST BEHAVIOUR,UNREGISTERED M/CYCLE,True,False,False,False,False,False,False,False,False,True,False,False,False,
1018,1500,THIKA,KIAMBU,NYERI - THIKA,DELMONTE FACTORY JUNCTION,KBS 969D LORRY & KMDS 737M DAYUN,THE M/CYCLE HIT THE REAR SIDE OF THE LORRY,MALE,40,57.0,RIDER,1.0,2017-03-21 00:00:00,KIAMBU,M,RIDER,40,40.0,NUMERIC AGE,35-44,3/21,2017,3,March,21,Tuesday,1500,15.0,0.0,AFTERNOON,57.0,DRIVER / CYCLIST BEHAVIOUR,KBS 969D LORRY & KMDS 737M DAYUN,True,False,False,True,False,False,False,False,False,True,False,False,False,
1019,1600,OLKALOU,NYANDARUA,OLKALOU-KARIAMU,KWA WATER AREA,KBS 393J HARRIER & M/CYCLE KMCS 524Y HAOJUE,THE VEHICLE COLLIDED HEAD ON WITH THE M/CYCLE,MALE,50,7.0,RIDER,1.0,2017-03-21 00:00:00,NYANDARUA,M,RIDER,50,50.0,NUMERIC AGE,45-54,3/21,2017,3,March,21,Tuesday,1600,16.0,0.0,AFTERNOON,7.0,DRIVER / CYCLIST BEHAVIOUR,KBS 393J HARRIER & M/CYCLE KMCS 524Y HAOJUE,True,False,False,False,False,False,True,False,False,True,False,False,False,
1020,1330,RUNYENJES,EMBU,EMBU-MERU,KIARAGANA,KCK 381B T/MATATU & KAZ 038R ISUZU BUS,THE MATATU COLLIDED HEAD ON WITH THE BUS,MIXED,A,10.0,DRIVER & PASSENGER,3.0,2017-03-21 00:00:00,EMBU,2M & F,1 DRIVER & 2 PASSENGERS,A,,ADULT,,3/21,2017,3,March,21,Tuesday,1330,13.0,30.0,AFTERNOON,10.0,DRIVER / CYCLIST BEHAVIOUR,KCK 381B T/MATATU & KAZ 038R ISUZU BUS,False,True,True,False,False,False,False,False,False,True,False,False,False,
1021,1540,SAGANA,KIRINYAGA,SAGANA-MAKUTANO,RUKANGA,KCB 808J RANGE ROVER SPORT & M/CYCLE,THE VEHICLE LOST CONTROL AND KNOCKED DOWN THE M/CYCLE,MALE,21 & 21,26.0,RIDER & PILLION PASSENGER,2.0,2017-03-21 00:00:00,KIRINYAGA,M,RIDER & P/PASSENGER,21 & 21,,UNKNOWN,,3/21,2017,3,March,21,Tuesday,1540,15.0,40.0,AFTERNOON,26.0,DRIVER / CYCLIST BEHAVIOUR,KCB 808J RANGE ROVER SPORT & M/CYCLE,True,False,False,False,False,False,True,False,False,True,False,False,False,
1022,1700,AWENDO,MIGORI,AWENDO - RONGO,KANYAWANGA JUNCTION,KCX 811T/H/MATATU & M/CYCLE KBF 923J FOCIN,THE M/CYCLE COLLIDED HEAD ON WITH THE M/VEHICLE,MALE,A,50.0,RIDER & PILLION PASSENGER,2.0,2017-03-21 00:00:00,MIGORI,M,RIDER & P/PASSENGER,A,,ADULT,,3/21,2017,3,March,21,Tuesday,1700,17.0,0.0,EVENING,50.0,DRIVER / CYCLIST BEHAVIOUR,KCX 811T/H/MATATU & M/CYCLE KBF 923J FOCIN,True,True,False,False,False,False,False,False,False,True,False,False,False,
1023,1900,TRANSMARA,NAROK,KISII-KILGORIS,NYANGUSU MARKET,KCE 398E PROBOX & M/J/PED,THE VEHICLE MADE A SUDDEN U-TURN DRAGGING A PEDESTRIAN,MALE,9,15.0,PEDESTRIAN,1.0,2017-03-21 00:00:00,NAROK,M,PEDESTRIAN,9,9.0,NUMERIC AGE,0-17,3/21,2017,3,March,21,Tuesday,1900,19.0,0.0,EVENING,15.0,DRIVER / CYCLIST BEHAVIOUR,KCE 398E PROBOX & M/J/PED,False,False,False,False,False,False,True,False,False,True,False,False,False,
1024,2115,KARATINA,NYERI,NYERI-KARATINA,KANYAMA AREA,KCK 467C T/MATATU & M/A/PED,THE VEHICLE KNOCKED DOWN A PEDESTRIAN,MALE,A,63.0,PEDESTRIAN,1.0,2017-03-21 00:00:00,NYERI,M,PEDESTRIAN,A,,ADULT,,3/21,2017,3,March,21,Tuesday,2115,21.0,15.0,NIGHT,63.0,PEDESTRIAN BEHAVIOUR,KCK 467C T/MATATU & M/A/PED,False,True,False,False,False,False,False,False,False,True,False,False,False,
1012,1845,TIGONI,KIAMBU,LIMURU-KAMANDURA,LIMURU HOTEL,KMDT 190M,THE M/CYCLE WAS HIT BY A LORRY,FEMALE,41,98.0,PILLION PASSENGER,1.0,2017-03-22 00:00:00,KIAMBU,F,P/PASSENGER,41,41.0,NUMERIC AGE,35-44,3/22,2017,3,March,22,Wednesday,1845,18.0,45.0,EVENING,98.0,CAUSE NOT TRACED,KMDT 190M,False,False,False,False,False,False,False,False,False,False,False,True,False,
1013,1400,SOTIK,BOMET,SOTIK-NAROK,CHEPILAT HIGHWAY ACADEMY,KAW 188K ISUZU MINI BUS,THE BUS RAN OVER THE VICTIM WHO WAS TRYING TO BOARD THE MOVING BUS,UNKNOWN,M,9.0,PEDESTRIAN,1.0,2017-03-22 00:00:00,BOMET,J,PEDESTRIAN,M,,UNKNOWN,,3/22,2017,3,March,22,Wednesday,1400,14.0,0.0,AFTERNOON,9.0,DRIVER / CYCLIST BEHAVIOUR,KAW 188K ISUZU MINI BUS,False,False,True,False,False,False,False,False,False,True,False,False,False,
1007,1330,MUMIAS,KAKAMEGA,BUSIA-MAYONI,LAIRI RIVER,KBK 692W NZE,THE VEHICLES LOST CONTROL AND OVERTURNED,FEMALE,A,26.0,PASSENGER,1.0,2017-03-23 00:00:00,KAKAMEGA,F,PASSENGERS,A,,ADULT,,3/23,2017,3,March,23,Thursday,1330,13.0,30.0,AFTERNOON,26.0,DRIVER / CYCLIST BEHAVIOUR,KBK 692W NZE,False,False,False,False,False,False,False,False,False,False,False,True,False,
1008,930,NANDI CENTRAL,NANDI,KABIYET KURGONG-KIPKAREN SALIA RD,KIPKAREN SALIA JUNCTION,M/CYCLE KMDQ 3272 TVS & KMDS 892V TVS,THE M/CYCLE COLLIDED HEAD ON WITH ANOTHER M/CYCLE,MALE,25&28,37.0,RIDER,2.0,2017-03-23 00:00:00,NANDI,M,RIDERS,25&28,,UNKNOWN,,3/23,2017,3,March,23,Thursday,930,9.0,30.0,MORNING,37.0,DRIVER / CYCLIST BEHAVIOUR,M/CYCLE KMDQ 3272 TVS & KMDS 892V TVS,True,False,False,False,False,False,False,False,False,True,False,False,False,
1009,730,SAGANA,KIRINYAGA,SAGANA-KARATINA,KARIMA AREA,KBP 943J T/WISH & F/A/PED,THE VEHICLES KNOCKED DOWN A PEDESTRIAN,FEMALE,43,98.0,PEDESTRIAN,1.0,2017-03-23 00:00:00,KIRINYAGA,F,PEDESTRIAN,43,43.0,NUMERIC AGE,35-44,3/23,2017,3,March,23,Thursday,730,7.0,30.0,MORNING,98.0,CAUSE NOT TRACED,KBP 943J T/WISH & F/A/PED,False,False,False,False,False,False,True,False,False,True,False,False,False,
1010,730,MUMIAS,KAKAMEGA,EKERO-SABATIA,KAMBI NJIRINYA,M/CYCLE KMCC 471M TVS & UNKNOWN M/VEHICLE,THE VEHICLE COLLIDED HEAD ON WITH THE M/CYCLE,MIXED,52 &17,98.0,RIDER & PILLION PASSENGER,2.0,2017-03-23 00:00:00,KAKAMEGA,M & F/J,RIDER & P/PASSENGER,52 &17,,UNKNOWN,,3/23,2017,3,March,23,Thursday,730,7.0,30.0,MORNING,98.0,CAUSE NOT TRACED,M/CYCLE KMCC 471M TVS & UNKNOWN M/VEHICLE,True,False,False,False,False,False,False,True,False,True,False,False,False,
1011,1830,ELDORET,UASIN GISHU,WITHIN UASIN GISHU,PLATEAU GIRLS HIGH SCHOOL,KBJ 538Q ISUZU BUS & F/J/PASSENGER,THE VEHICLE DRAGGED THE VICTIM,FEMALE,16,70.0,PASSENGER,1.0,2017-03-23 00:00:00,UASIN GISHU,F,PASSENGERS,16,16.0,NUMERIC AGE,0-17,3/23,2017,3,March,23,Thursday,1830,18.0,30.0,EVENING,70.0,PASSENGER / ATTENDANT,KBJ 538Q ISUZU BUS & F/J/PASSENGER,False,False,True,False,False,False,False,False,False,True,False,False,False,
998,1830HRS,ELDORET,UASIN GISHU,PLATEAU GIRLS HIGH SCHOOL,FIELD,KBJ 538Q ISUZU BUS,THE M/V RUN OVER THE VICTIM AND THE VICTIM DIED WHILE UNDER GOING TREATMENT.,FEMALE,16,70.0,PEDESTRIAN,1.0,2017-03-24 00:00:00,UASIN NGISHU,F,PEDESTRIAN,16,16.0,NUMERIC AGE,0-17,3/24,2017,3,March,24,Friday,1830HRS,18.0,30.0,EVENING,70.0,PASSENGER / ATTENDANT,KBJ 538Q ISUZU BUS,False,False,True,False,False,False,False,False,False,True,False,False,False,
999,810,TURBO,KAKAMEGA,ELDORET- WEBUYE,MABANGA,KAZ 854W/ZB 920 M/BENZ,UNKOWN PEDAL CYCLIST LOST CONTROL AND FELL DOWN ON THE ROAD AFTER HE WAS OVERTOOK BY THE LORRY AND DIED ON THE SPOT.,MALE,A,10.0,PEDAL CYCLIST,1.0,2017-03-24 00:00:00,KAKAMEGA,M,P/CYCLIST,A,,ADULT,,3/24,2017,3,March,24,Friday,810,8.0,10.0,MORNING,10.0,DRIVER / CYCLIST BEHAVIOUR,KAZ 854W/ZB 920 M/BENZ,False,False,False,False,False,False,False,False,False,False,False,True,False,
1000,845HRS,MAKUYU,MURANG'A,THIKA - KENOL,KABATI FLYOVER,KBL 545U TOYOTA MATATU,THE M/V GOT TYRE BURST AND ROLLED SEVERALLY KILLING A PASSENGER ON THE SPOT.,FEMALE,42,79.0,PASSENGER,1.0,2017-03-24 00:00:00,MURANGA,F,PASSENGER,42,42.0,NUMERIC AGE,35-44,3/24,2017,3,March,24,Friday,845HRS,8.0,45.0,MORNING,79.0,VEHICLE DEFECT,KBL 545U TOYOTA MATATU,False,True,False,False,False,False,False,False,False,True,False,False,False,
1001,1230,STAREHE,NAIROBI,THIKA,SURVEY,KBQ 251P ISUZU M/BUS,THE M/V OVER RUNED A PASSENGER WHO JUMPED DOWN WHILE THE BUS WAS ON MOTION KILLING ON THE SPOT.,MALE,A,98.0,PASSENGER,2.0,2017-03-24 00:00:00,NAIROBI,M,PASSENGER,A,,ADULT,,3/24,2017,3,March,24,Friday,1230,12.0,30.0,AFTERNOON,98.0,CAUSE NOT TRACED,KBQ 251P ISUZU M/BUS,False,False,True,False,False,False,False,False,False,True,False,False,False,
1002,1445,KIAMBU,KIAMBU,KIAMBU WEST,KIAMUMBI KAMITI CORNER,KBN 858F ISUZU BUS,THE M/V HIT THE VICTIM KILLING HIM.,MALE,22,11.0,PEDESTRIAN,1.0,2017-03-24 00:00:00,KIAMBU,M,PEDESTRIAN,22,22.0,NUMERIC AGE,18-24,3/24,2017,3,March,24,Friday,1445,14.0,45.0,AFTERNOON,11.0,DRIVER / CYCLIST BEHAVIOUR,KBN 858F ISUZU BUS,False,False,True,False,False,False,False,False,False,True,False,False,False,
1003,1530HRS,BURETI,KERICHO,KERICHO LETAIN,LETAIN,KCJ 130W NISSAN MATATU,THE M/V KNOCKED DOWN THE VICTIM KILLING HIM INSTANTLY.,FEMALE,61,7.0,PEDESTRIAN,1.0,2017-03-24 00:00:00,KERICHO,F,PEDESTRIAN,61,61.0,NUMERIC AGE,55-64,3/24,2017,3,March,24,Friday,1530HRS,15.0,30.0,AFTERNOON,7.0,DRIVER / CYCLIST BEHAVIOUR,KCJ 130W NISSAN MATATU,False,True,False,False,False,False,False,False,False,True,False,False,False,
1004,1730HRS,MAKONGENI,NAIROBI,LADHIS,SAKWA JUNCTION,"KCL 239A FH, KMGB 748V SKYGO",THE LORRY HIT THE M/CYCLIST FROM BEHIND AND DIED ON THE SPOT.,MALE,26,63.0,MOTORCYCLIST,1.0,2017-03-24 00:00:00,NAIROBI,M,M/CYCLIST,26,26.0,NUMERIC AGE,25-34,3/24,2017,3,March,24,Friday,1730HRS,17.0,30.0,EVENING,63.0,PEDESTRIAN BEHAVIOUR,"KCL 239A FH, KMGB 748V SKYGO",True,False,False,False,False,False,False,False,False,True,False,False,False,
1005,0600HRS,NAROK,NAROK,CHORA,ALONGSIDE THE SAID RD,KTCA 694B NEW LAND,THE TRACTOR HIT A BIG STONE AND THREW A PASSENGER WHO WAS RUSHED TO NAROK HOSPITAL AND DIED WHILE UNDER GOING TREATMENT.,MALE,A,70.0,PASSENGER,1.0,2017-03-24 00:00:00,NAROK,M,PASSENGER,A,,ADULT,,3/24,2017,3,March,24,Friday,0600HRS,6.0,0.0,MORNING,70.0,PASSENGER / ATTENDANT,KTCA 694B NEW LAND,False,False,False,False,False,False,False,False,False,False,False,True,False,
1006,0220HRS,INDO AREA,NAIROBI,MOMBASA,GENERAL MORTORS,HIT AND RUN,UNKNOWN PEDESTRIAN WAS HIT BY UNKNOWN M/V WHICH DID NOT STOP AND DIED ON THE SPOT.,MALE,A,98.0,PEDESTRIAN,1.0,2017-03-24 00:00:00,NAIROBI,M,PEDESTRIAN,A,,ADULT,,3/24,2017,3,March,24,Friday,0220HRS,2.0,20.0,NIGHT,98.0,CAUSE NOT TRACED,HIT AND RUN,False,False,False,False,False,False,False,False,False,False,False,True,False,
993,710,DTEO GILGIL,NAIROBI,LOWER KABETE,NEAR TOTAL PETROL RD,M/V KBP 024Q MITSUBISHI OUTLANDER & M/C KMDE 518E TORNADO,THE MISTUBISHI OUTLANDER FAILED TO KEEP TO HIS LANE AND COLLIDED WITH M/CYCLIST KILLING HIM INSTANTLY.,MALE,39,8.0,RIDER,1.0,2017-03-25 00:00:00,NAIROBI,M,RIDER,39,39.0,NUMERIC AGE,35-44,3/25,2017,3,March,25,Saturday,710,7.0,10.0,MORNING,8.0,DRIVER / CYCLIST BEHAVIOUR,M/V KBP 024Q MITSUBISHI OUTLANDER & M/C KMDE 518E TORNADO,True,False,False,False,False,False,False,False,False,True,False,False,False,
994,1350,DTEO EMBAKASI,NAIROBI,MOMBASA RD,NEAR GATEWAY MALL,M/C KMDQ789F BOXER & UNKNOWN M/VEHIVLE,THE M/V KNOCKED DOWN THE VICTIM AND DROVE AWAY.,MALE,A,29.0,RIDER,1.0,2017-03-25 00:00:00,NAIROBI,M,RIDER,A,,ADULT,,3/25,2017,3,March,25,Saturday,1350,13.0,50.0,AFTERNOON,29.0,DRIVER / CYCLIST BEHAVIOUR,M/C KMDQ789F BOXER & UNKNOWN M/VEHIVLE,True,False,False,False,False,False,False,True,False,True,False,False,False,
995,1620,KIRITIRI,EMBU,EMBU- KIVAA,KIRITIRI TRADING CEN TRE,KCK 363D PROBOX & M/A/PED,THE M/V KNOCKED DOWN THE VICTIM .,MALE,70,7.0,PEDESTRIAN,1.0,2017-03-25 00:00:00,EMBU,M,PEDESTRIAN,70,70.0,NUMERIC AGE,65+,3/25,2017,3,March,25,Saturday,1620,16.0,20.0,AFTERNOON,7.0,DRIVER / CYCLIST BEHAVIOUR,KCK 363D PROBOX & M/A/PED,False,False,False,False,False,False,True,False,False,True,False,False,False,
996,1945,NAIVASHA,NAKURU,NAKURU- NAIROBI,MARULA AREA,"KCB 954D T/MATATU, M/C KMDU 487R SKYGO &UNKNOWN TRAILER",THE T/MATATU OVERTOOK A FLEET OF VEHICLESAND WHILE AVOIDING COLLIDING WITH THE TRAILER SWERVED TO THE RIGHT AND HIT THE M/CYCLIST THROWING IT ON THE ROAD. WHERE BY TRAILER OVER RUN THE RIDER & PASSENGER KILLING THEM INSTANTLY.,MALE,A,39.0,PEDESTRIAN & RIDER,2.0,2017-03-25 00:00:00,NAKURU,M,PEDESTRIAN & RIDER,A,,ADULT,,3/25,2017,3,March,25,Saturday,1945,19.0,45.0,EVENING,39.0,DRIVER / CYCLIST BEHAVIOUR,"KCB 954D T/MATATU, M/C KMDU 487R SKYGO &UNKNOWN TRAILER",True,True,False,False,False,False,False,True,True,True,False,False,False,
997,NAROK,,NAROK,NAROK- BOMET,OLOLUNGA TRADING CENTRE,33CG037A T/L/CRUISER & M/C KMCS 638Y SKYGO,THE T/L/CRUISER HIT THE M/CYCLIST KILLING THE VICTIM .,MALE,23,8.0,RIDER,1.0,2017-03-25 00:00:00,NAROK,M,RIDER,23,23.0,NUMERIC AGE,18-24,3/25,2017,3,March,25,Saturday,NAROK,,,UNKNOWN,8.0,DRIVER / CYCLIST BEHAVIOUR,33CG037A T/L/CRUISER & M/C KMCS 638Y SKYGO,True,False,False,False,False,False,True,False,False,True,False,False,False,
989,630,HOMA BAY,HOMA BAY,RODI NDHIWA,RODI,KCH 961L PROBOX,THE VEHICLE LOST CONTROL AND VEERED OFF THE ROAD AND ROLLED SEVERAL TIMES,MALE,A,,DRIVER,1.0,2017-03-26 00:00:00,HOMA BAY,M,DRIVER,A,,ADULT,,3/26,2017,3,March,26,Sunday,630,6.0,30.0,MORNING,,NOT RECORDED,KCH 961L PROBOX,False,False,False,False,False,False,True,False,False,True,False,False,False,
990,630,HOMA BAY,HOMA BAY,RODI NDHIWA,RODI,KCH 961L PROBOX,THE VEHICLE LOST CONTROL AND VEERED OFF THE ROAD AND ROLLED SEVERAL TIMES,MALE,A,,PASSENGER,1.0,2017-03-26 00:00:00,HOMA BAY,M,PASSENGER,A,,ADULT,,3/26,2017,3,March,26,Sunday,630,6.0,30.0,MORNING,,NOT RECORDED,KCH 961L PROBOX,False,False,False,False,False,False,True,False,False,True,False,False,False,
991,1820,MACHAKOS,MACHAKOS,NAIROBI MOMBASA,SABAKI,KCL 304B TOYOTA AXIO,THE VEHICLE KNOCKED DOWN THE VICTIM,FEMALE,A,60.0,PEDESTRIAN,1.0,2017-03-26 00:00:00,MACHAKOS,F,PEDESTRIAN,A,,ADULT,,3/26,2017,3,March,26,Sunday,1820,18.0,20.0,EVENING,60.0,PEDESTRIAN BEHAVIOUR,KCL 304B TOYOTA AXIO,False,False,False,False,False,False,False,False,False,False,False,True,False,
992,2100,NTULELE,NAROK,NAROK MAIMAHIU,STIMA,"KCG 394P TOYOTA MATATU,KBK 598U ISUZU",THE CANTER LOST CONTROL AND HIT THE MATATU,FEMALE,A,7.0,PASSENGER,2.0,2017-03-26 00:00:00,NAROK,F,PASSENGER,A,,ADULT,,3/26,2017,3,March,26,Sunday,2100,21.0,0.0,NIGHT,7.0,DRIVER / CYCLIST BEHAVIOUR,"KCG 394P TOYOTA MATATU,KBK 598U ISUZU",False,True,False,False,False,False,False,False,False,True,False,False,False,
982,0500hrs,MACHAKOS,MACHAKOS,NAIROBI-MOMBASA,CHUMVI AREA,KCC 096H SCANIA BUS,THE M/V LOST CONTROL VEERING OFF THE ROAD AND PLUGGED INTO A BRIDGE KILLING ONE F/A PASSENGER ON THE SPOT,FEMALE,20,60.0,PASSENGER,1.0,2017-03-27 00:00:00,MACHAKOS,F,PASSENGERS,20,20.0,NUMERIC AGE,18-24,3/27,2017,3,March,27,Monday,0500hrs,5.0,0.0,MORNING,60.0,PEDESTRIAN BEHAVIOUR,KCC 096H SCANIA BUS,False,False,True,False,False,False,False,False,False,True,False,False,False,
983,1550,BUSIA,BUSIA,NAMBALE- MALANGA,SUWO AREA,KTCB 596Q FORD TRACTOR,THE TRACTOR HIT A POTHOLE THROWING ONE PASSENGER ON THE ROAD WHERE HE DIED ON THE SPOT.,MALE,A,30.0,PASSENGER,1.0,2017-03-27 00:00:00,BUSIA,M,PASSENGERS,A,,ADULT,,3/27,2017,3,March,27,Monday,1550,15.0,50.0,AFTERNOON,30.0,DRIVER / CYCLIST BEHAVIOUR,KTCB 596Q FORD TRACTOR,False,False,False,False,False,True,False,False,False,True,False,False,False,
984,1700,DAGORETI,NAIROBI,KAWANGWARE,NEAR WEMA HOSPITAL,KAS 514M ISUZU MINI BUS,THE M/V HIT UNREGISTERED M/CYCLE KILLING HIM ON THE SPOT.,MALE,35,14.0,MOTORCYCLIST,1.0,2017-03-27 00:00:00,NAIROBI,M,M/CYCLIST,35,35.0,NUMERIC AGE,35-44,3/27,2017,3,March,27,Monday,1700,17.0,0.0,EVENING,14.0,DRIVER / CYCLIST BEHAVIOUR,KAS 514M ISUZU MINI BUS,False,False,True,False,False,False,False,False,False,True,False,False,False,
985,1100,NAKURU,NAKURU,NAKURU- ELDORET,NEAR SALMAN CENTRE BUILDING,KBX 192X/ZB SHACKMAN,THE VEHICLE KNOCKED DOWN THE VICTIM,MALE,38,68.0,PEDESTRIAN,1.0,2017-03-27 00:00:00,NAKURU,M,PEDESTRIAN,38,38.0,NUMERIC AGE,35-44,3/27,2017,3,March,27,Monday,1100,11.0,0.0,MORNING,68.0,PEDESTRIAN BEHAVIOUR,KBX 192X/ZB SHACKMAN,False,False,False,True,False,False,False,False,False,True,False,False,False,
986,1930,KIKUYU,KIAMBU,NAIVASHA NAIROBI,GITARU AREA,KAU 585L RANGE ROVER,THE VEHICLE KNOCKED DOWN THE VICTIM,FEMALE,30,68.0,PEDESTRIAN,1.0,2017-03-27 00:00:00,KIAMBU,F,PEDESTRIAN,30,30.0,NUMERIC AGE,25-34,3/27,2017,3,March,27,Monday,1930,19.0,30.0,EVENING,68.0,PEDESTRIAN BEHAVIOUR,KAU 585L RANGE ROVER,False,False,False,False,False,False,True,False,False,True,False,False,False,
987,1725,NYERI,NYERI,NYAHURURU NYERI,MWEIGA AREA,KBE 084B TOYOTA COROLLA & KBY 281S NISSAN MATATU,HEAD ON COLLISON,MALE,31,98.0,DRIVER,1.0,2017-03-27 00:00:00,NYERI,M,DRIVER,31,31.0,NUMERIC AGE,25-34,3/27,2017,3,March,27,Monday,1725,17.0,25.0,EVENING,98.0,CAUSE NOT TRACED,KBE 084B TOYOTA COROLLA & KBY 281S NISSAN MATATU,False,True,False,False,False,False,True,False,False,True,False,False,False,
988,2230,ELDORET,UASIN GISHU,ELDORET WEBUYE,PEMUGI AREA,KBD 339D TOYOTA VOXXY,THE VEHICLE KNOCKED DOWN THE VICTIM,MALE,A,7.0,PEDAL CYCLIST,1.0,2017-03-27 00:00:00,UASIN GISHU,M,P/CYCLIST,A,,ADULT,,3/27,2017,3,March,27,Monday,2230,22.0,30.0,NIGHT,7.0,DRIVER / CYCLIST BEHAVIOUR,KBD 339D TOYOTA VOXXY,False,False,False,False,False,False,False,False,False,False,False,True,False,
977,0700 HRS,EMBU,EMBU,EMBU MERU,ENA BRIDGE,UNKNOWN M/V ( HIT & RUN),THE UNKNOWN M/V KNOCKED DOWN A M/ JUVENILE KILLING HIM ON THE SPOT.,MALE,6,60.0,PEDESTRIAN,1.0,2017-03-29 00:00:00,EMBU,M,PEDESTRIAN,6,6.0,NUMERIC AGE,0-17,3/29,2017,3,March,29,Wednesday,0700 HRS,7.0,0.0,MORNING,60.0,PEDESTRIAN BEHAVIOUR,UNKNOWN M/V ( HIT & RUN),False,False,False,False,False,False,False,True,False,True,False,False,False,
978,0600 HRS,NTULELE,NAROK,NAROK MAIMAHIU,NEAR NAROK TOWN,UNKNOWN M/V ( HIT & RUN),THE UNKNOWN M/V KNOCKED DOWN A M/ A PEDESTRIAN KILLING HIM ON THE SPOT.,MALE,A,61.0,PEDESTRIAN,1.0,2017-03-29 00:00:00,NAROK,M,PEDESTRIAN,A,,ADULT,,3/29,2017,3,March,29,Wednesday,0600 HRS,6.0,0.0,MORNING,61.0,PEDESTRIAN BEHAVIOUR,UNKNOWN M/V ( HIT & RUN),False,False,False,False,False,False,False,True,False,True,False,False,False,
979,1800,KAGUNDU,MACHAKOS,JOSKA KAGUNDO,ATHI RIVER BRIDGE,UNKNOWN M/CYCLE,THE M/CYCLE LOST CONTROL VEERING OFF THE ROAD HITTING AN ELECTRIC POLE WHERE P/ PASSENGER DIED ON THE SPOT.,MALE,22,79.0,PILLION PASSENGER,1.0,2017-03-29 00:00:00,MACHAKOS,M,P/PASSENGER,22,22.0,NUMERIC AGE,18-24,3/29,2017,3,March,29,Wednesday,1800,18.0,0.0,EVENING,79.0,VEHICLE DEFECT,UNKNOWN M/CYCLE,True,False,False,False,False,False,False,True,False,True,False,False,False,
980,1800,ISIOLO,ISIOLO,ISIOLO MARSABIT,ISIOLO TOWNSHIP,KAU 932Y MITSUBISHI P/UP,THE M/V KNOCKED DOWN A M/A PEDESTRIAN SUSTAINED SERIOUS INJURIES AND DIED AT HOSPITAL .,MALE,60,29.0,PEDESTRIAN,1.0,2017-03-29 00:00:00,ISIOLO,M,PEDESTRIAN,60,60.0,NUMERIC AGE,55-64,3/29,2017,3,March,29,Wednesday,1800,18.0,0.0,EVENING,29.0,DRIVER / CYCLIST BEHAVIOUR,KAU 932Y MITSUBISHI P/UP,False,False,False,False,True,False,False,False,False,True,False,False,False,
981,0045 HRS,KARURI,KIAMBU,NAIROBI LIMURU,RUENO AREA,KBU 617Z TOYOTA RACTIS & KTWB 426E PIAGGIO,THE M/V COLLIDED WITH THE TUTUK RESULTING THE DEATH OF THE DRIVER AND M/A PASSENGER.,MALE,"28, 31 YRS",7.0,DRIVER & PASSENGER,2.0,2017-03-29 00:00:00,KIAMBU,M,DRIVER & PASSENGER,"28, 31 YRS",,UNKNOWN,,3/29,2017,3,March,29,Wednesday,0045 HRS,0.0,45.0,NIGHT,7.0,DRIVER / CYCLIST BEHAVIOUR,KBU 617Z TOYOTA RACTIS & KTWB 426E PIAGGIO,False,False,False,False,False,False,False,False,False,False,False,True,False,
970,835,CENTRAL,NAIROBI,UHURU HIGHWAY,INTERCONTINENTAL ZEBRA CROSSING,KBN 907F ISUZU BUS,THE UNKNOWN M/V KNOCKED DOWN F/A PEDESTRIAN KILLING HER ON THE SPOT.,FEMALE,A,98.0,PEDESTRIAN,1.0,2017-03-30 00:00:00,NAIROBI,F,PEDESTRIAN,A,,ADULT,,3/30,2017,3,March,30,Thursday,835,8.0,35.0,MORNING,98.0,CAUSE NOT TRACED,KBN 907F ISUZU BUS,False,False,True,False,False,False,False,False,False,True,False,False,False,
971,UNKNOWN TIME,NYANDARUA,NYANDARUA,NYERI NYAHURURU,GWA KUNGU AREA,UNKNOWN M/V (HIT & RUN),THE UNKNOWN M/V KNOCKED DOWN M/A PEDESTRIAN KILLING HER ON THE SPOT.,MALE,25,98.0,PEDESTRIAN,1.0,2017-03-30 00:00:00,NYANDARUA,M,PEDESTRIAN,25,25.0,NUMERIC AGE,25-34,3/30,2017,3,March,30,Thursday,UNKNOWN TIME,,,UNKNOWN,98.0,CAUSE NOT TRACED,UNKNOWN M/V (HIT & RUN),False,False,False,False,False,False,False,True,False,True,False,False,False,
972,1100,KITUI,KITUI,KUNDA KINDU MAIN STAGE,NEAR SHAKIM BUTCHERY,KBZ 661E MITSUBISH MINI BUS & UNKNOWN M/CYLE,THE M/V REVERSED AND HIT THE M/CYCLE KILLING HIM ON THE SPOT.,MALE,51,16.0,MOTORCYCLIST,1.0,2017-03-30 00:00:00,KITUI,M,M/CYLIST,51,51.0,NUMERIC AGE,45-54,3/30,2017,3,March,30,Thursday,1100,11.0,0.0,MORNING,16.0,DRIVER / CYCLIST BEHAVIOUR,KBZ 661E MITSUBISH MINI BUS & UNKNOWN M/CYLE,False,False,True,False,False,False,False,True,False,True,False,False,False,
973,1600,BARINGO,BARINGO,TALAI KAPTUM MURRAM ROAD,KABARTONJO AREA,KAN 356X TOYOTA HILUX P/UP,THE M/V HIT A M/A PEDESTRIAN TRIED TO STEAL A RIDE WHERE HE FELL DOWN AND DIED.,MALE,20,72.0,PEDESTRIAN,1.0,2017-03-30 00:00:00,BARINGO,M,PEDESTRIAN,20,20.0,NUMERIC AGE,18-24,3/30,2017,3,March,30,Thursday,1600,16.0,0.0,AFTERNOON,72.0,PASSENGER / ATTENDANT,KAN 356X TOYOTA HILUX P/UP,False,False,False,False,True,False,False,False,False,True,False,False,False,
974,1630,NYAMIRA,NYAMIRA,NYAMIRA KISII,SIRONGA AREA,KAQ 698J TOYOTA HIACE & KMDM 231U TVS STAR,THE M/V HIT THE M/CYLCLE WHO SUSTAINED SERIOUS INJURIES AND DIED AT NYAMIRA HOSPITAL,MALE,22 YRS,37.0,MOTORCYCLIST,1.0,2017-03-30 00:00:00,NYAMIRA,M,M/CYLIST,22 YRS,,UNKNOWN,,3/30,2017,3,March,30,Thursday,1630,16.0,30.0,AFTERNOON,37.0,DRIVER / CYCLIST BEHAVIOUR,KAQ 698J TOYOTA HIACE & KMDM 231U TVS STAR,True,False,False,False,False,False,False,False,False,True,True,False,False,
975,1900,KITUI,KITUI,KALINDU NGIINI MUTUNE ROAD,ALONGSIDE,M/V KX 91A40 &M/C KMDL 141N SKYGO,M/V COLLIDED HEAD ON WITH THE M/CYCLE WHO FAILED TO KEEP HIS NEAR SIDE AND DIED.,MALE,27,8.0,MOTORCYCLIST,1.0,2017-03-30 00:00:00,KITUI,M,M/CYLIST,27,27.0,NUMERIC AGE,25-34,3/30,2017,3,March,30,Thursday,1900,19.0,0.0,EVENING,8.0,DRIVER / CYCLIST BEHAVIOUR,M/V KX 91A40 &M/C KMDL 141N SKYGO,True,False,False,False,False,False,False,False,False,True,False,False,False,
976,1030,ELDORET,UASIN GISHU,ELDORET WEBUYE,RAIPLY AREA,KZK 181 PEUGEOTS 504 & KMDB 716 B FOCIN,THE M/CYCLE COLLIDED HEAD ON WITH THE M/V RESULTING THE DEATH OF THE M/CYCLIST.,MALE,A,10.0,MOTORCYCLIST,1.0,2017-03-30 00:00:00,UASIN GISHU,M,M/CYLIST,A,,ADULT,,3/30,2017,3,March,30,Thursday,1030,10.0,30.0,MORNING,10.0,DRIVER / CYCLIST BEHAVIOUR,KZK 181 PEUGEOTS 504 & KMDB 716 B FOCIN,False,False,False,False,False,False,True,False,False,True,False,False,False,
962,630,SIAYA,SIAYA,SIAYA-NYANDORERA,URANGA AREA,KBS 220H TOYOTA WISH,THE VEHICLE GOT A TYRE BURST AND LOST CONTROL AND ROLLED SEVERAL TIMES,MIXED,45&52,79.0,PASSENGER,2.0,2017-03-31 00:00:00,SIAYA,M&F,PASSENGERS,45&52,,UNKNOWN,,3/31,2017,3,March,31,Friday,630,6.0,30.0,MORNING,79.0,VEHICLE DEFECT,KBS 220H TOYOTA WISH,False,False,False,False,False,False,True,False,False,True,False,False,False,
963,1030,NANDI CENTRAL,NANDI,KAPSABET -CHAVAKALI,SURUNGAI AREA,KBS 829E TOYOTA FIELDER,THE VEHICLE KNOCKED DOWN A P/CYCLIST,MALE,45,37.0,PEDAL CYCLIST,1.0,2017-03-31 00:00:00,NANDI,M,P/CYCLIST,45,45.0,NUMERIC AGE,45-54,3/31,2017,3,March,31,Friday,1030,10.0,30.0,MORNING,37.0,DRIVER / CYCLIST BEHAVIOUR,KBS 829E TOYOTA FIELDER,False,False,False,False,False,False,True,False,False,True,False,False,False,
964,1500,NYERI,NYERI,NYERI-GATHUTHI,MASHAKO AREA,UNKNOWN,HIT AND RUN,MALE,45,98.0,PEDESTRIAN,1.0,2017-03-31 00:00:00,NYERI,M,PEDESTRIAN,45,45.0,NUMERIC AGE,45-54,3/31,2017,3,March,31,Friday,1500,15.0,0.0,AFTERNOON,98.0,CAUSE NOT TRACED,UNKNOWN,False,False,False,False,False,False,False,True,False,True,False,False,False,
965,1900,KABRAS,KAKAMEGA,KAKAMEGA-WEBUYE,KAMBIRI AREA,KBX 325A HOWO TIPPER,THE VEHICLE KNOCKED DOWN A PEDESTRIAN,MALE,A,16.0,PEDESTRIAN,1.0,2017-03-31 00:00:00,KAKAMEGA,M,PEDESTRIAN,A,,ADULT,,3/31,2017,3,March,31,Friday,1900,19.0,0.0,EVENING,16.0,DRIVER / CYCLIST BEHAVIOUR,KBX 325A HOWO TIPPER,False,False,False,True,False,False,False,False,False,True,False,False,False,
966,1930,MALINDI,KILIFI,MALINDI-LAMU,MHANA I TRADING CENTER,KCG 261Y TOYOTA SALOON,THE VEHICLE KNOCKED DOWN A PEDESTRIAN,MALE,A,61.0,PEDESTRIAN,1.0,2017-03-31 00:00:00,KILIFI,M,PEDESTRIAN,A,,ADULT,,3/31,2017,3,March,31,Friday,1930,19.0,30.0,EVENING,61.0,PEDESTRIAN BEHAVIOUR,KCG 261Y TOYOTA SALOON,False,False,False,False,False,False,True,False,False,True,False,False,False,
967,2100,NAMANGA,KAJIADO,METO-MAILI TISA MURRAM ROAD,MALI AREA,KAU 412J ISUZU LORRY,"THE VEHICLE LOST CONTROL , VEERED OFF THE ROAD AND HIT A POLE",MALE,19,80.0,PASSENGER,1.0,2017-03-31 00:00:00,KAJIADO,M,PASSENGER,19,19.0,NUMERIC AGE,18-24,3/31,2017,3,March,31,Friday,2100,21.0,0.0,NIGHT,80.0,VEHICLE DEFECT,KAU 412J ISUZU LORRY,False,False,False,True,False,False,False,False,False,True,False,False,False,
968,2100,GVIAS,NAIROBI,OUTERING ROAD,NEAR HURUMA KPLC,KAV 585E MITSUBISH LORRY,THE VEHICLE KNOCKED A P/CYCLIST,MALE,40,98.0,PEDAL CYCLIST,1.0,2017-03-31 00:00:00,NAIROBI,M,P/CYCLIST,40,40.0,NUMERIC AGE,35-44,3/31,2017,3,March,31,Friday,2100,21.0,0.0,NIGHT,98.0,CAUSE NOT TRACED,KAV 585E MITSUBISH LORRY,False,False,False,True,False,False,False,False,False,True,False,False,False,
969,2330,KIKUYU,KIAMBU,NAIVASHA -NAIROBI,ZAMBEZI AREA,KAK 769X NISSAN LORRY & KMCR 502W BOXER,THE VEHICLE COLLIDED HEAD ON WITH THE M/CYCLIST,MALE,33,57.0,MOTORCYCLIST,1.0,2017-03-31 00:00:00,KIAMBU,M,M/CYCLIST,33,33.0,NUMERIC AGE,25-34,3/31,2017,3,March,31,Friday,2330,23.0,30.0,NIGHT,57.0,DRIVER / CYCLIST BEHAVIOUR,KAK 769X NISSAN LORRY & KMCR 502W BOXER,True,False,False,True,False,False,False,False,False,True,False,False,False,
950,1200,EMBU,EMBU,EMBU-KIBUGU,GATUNDURI,KTWB 815D,"THE TRICYCLE LOST CONTROL , VEERING OFF THE ROAD AND LANDED INTO A DITCH.",MALE,A,26.0,RIDER,1.0,2017-04-25 00:00:00,EMBU,M,RIDER,A,,ADULT,,4/25,2017,4,April,25,Tuesday,1200,12.0,0.0,AFTERNOON,26.0,DRIVER / CYCLIST BEHAVIOUR,KTWB 815D,False,False,False,False,False,False,False,False,False,False,False,True,False,
951,1430,KERICHO,KERICHO,KERICHO-KISUMU,RAI CEMENT FACTORY,UAT 203T TOYOTA PRAYER,"THE VEHICLE LOST CONTROL, VEERING OFF THE ROAD AND HIT A FACTORY WALL",MALE,A,26.0,DRIVER,1.0,2017-04-25 00:00:00,KERICHO,M,DRIVER,A,,ADULT,,4/25,2017,4,April,25,Tuesday,1430,14.0,30.0,AFTERNOON,26.0,DRIVER / CYCLIST BEHAVIOUR,UAT 203T TOYOTA PRAYER,False,False,False,False,False,False,False,False,False,False,False,True,False,
952,900,MACHAKOS,MACHAKOS,NAIROBI-MOMBASA,KWA MWAMBI,KCG 285S ISUZU LORRY,THE VEHICLE HIT THE TRAILER,MALE,A,29.0,PASSENGER,1.0,2017-04-25 00:00:00,MACHAKOS,M,PASSENGER,A,,ADULT,,4/25,2017,4,April,25,Tuesday,900,9.0,0.0,MORNING,29.0,DRIVER / CYCLIST BEHAVIOUR,KCG 285S ISUZU LORRY,False,False,False,True,False,False,False,False,False,True,False,False,False,
953,1700,MAKUYU,MURANG'A,KENOL-MAKUYU,KENOL,KAW 886H TOYOTA NZE & KBR 908B T/PICK UP,THE VEHICLE KNOCKED DOWN THE VICTIM,MALE,A,10.0,PASSENGER,1.0,2017-04-25 00:00:00,MURANGA,M,PASSENGER,A,,ADULT,,4/25,2017,4,April,25,Tuesday,1700,17.0,0.0,EVENING,10.0,DRIVER / CYCLIST BEHAVIOUR,KAW 886H TOYOTA NZE & KBR 908B T/PICK UP,False,False,False,False,True,False,False,False,False,True,False,False,False,
954,2100,OTHAYA,NYERI,OTHAYA-RURUGUTI,NYAMARI,KMDZ 594K TIGERS & KMCQ 807E TIGERS,HEAD ON COLLISION,MALE,A,26.0,MOTORCYCLIST,1.0,2017-04-25 00:00:00,NYERI,M,MOTOR CYCLIST,A,,ADULT,,4/25,2017,4,April,25,Tuesday,2100,21.0,0.0,NIGHT,26.0,DRIVER / CYCLIST BEHAVIOUR,KMDZ 594K TIGERS & KMCQ 807E TIGERS,False,False,False,False,False,False,False,False,False,False,False,True,False,
955,2030,KAYOLE,NAIROBI,KANGUNDO ROAD,COCA COLA BOTTLERS,KBT 292H TOYOTA COROLLA,THE VEHICLE KNOCKED DOWN THE VICTIM,MALE,A,10.0,PEDESTRIAN,1.0,2017-04-25 00:00:00,NAIROBI,M,PEDESTRIAN,A,,ADULT,,4/25,2017,4,April,25,Tuesday,2030,20.0,30.0,EVENING,10.0,DRIVER / CYCLIST BEHAVIOUR,KBT 292H TOYOTA COROLLA,False,False,False,False,False,False,True,False,False,True,False,False,False,
956,1930,KAKAMEGA,KAKAMEGA,KAKAMEGA-KISUMU,SIGALAGALA,KCH 065J TOYOTA MATATU (CLASSIC LUXURY SHUTTLE ),THE VEHICLE KNOCKED DOWN THE VICTIM,MALE,A,60.0,PEDESTRIAN,1.0,2017-04-25 00:00:00,KAKAMEGA,M,PEDESTRIAN,A,,ADULT,,4/25,2017,4,April,25,Tuesday,1930,19.0,30.0,EVENING,60.0,PEDESTRIAN BEHAVIOUR,KCH 065J TOYOTA MATATU (CLASSIC LUXURY SHUTTLE ),False,True,False,False,False,False,False,False,False,True,False,False,False,
957,1438,DAGORETI,NAIROBI,MACHARIA ROAD,STAGE TWO,KAL 137D NISSAN MATATU,THE VEHICLE KNOCKED DOWN THE VICTIM,MALE,A,98.0,PEDESTRIAN,1.0,2017-04-25 00:00:00,NAIROBI,M,PEDESTRIAN,A,,ADULT,,4/25,2017,4,April,25,Tuesday,1438,14.0,38.0,AFTERNOON,98.0,CAUSE NOT TRACED,KAL 137D NISSAN MATATU,False,True,False,False,False,False,False,False,False,True,False,False,False,
958,1845,KERUGOYA,KIRINYAGA,KIRINYAGA-KUTUS,GREEN VINEYARD,KAL 140V ISUZU NKR LORRY,THE VEHICLE KNOCKED DOWN THE VICTIM,MALE,A,79.0,PEDESTRIAN,1.0,2017-04-25 00:00:00,KIRINYAGA,M,PEDESTRIAN,A,,ADULT,,4/25,2017,4,April,25,Tuesday,1845,18.0,45.0,EVENING,79.0,VEHICLE DEFECT,KAL 140V ISUZU NKR LORRY,False,False,False,True,False,False,False,False,False,True,False,False,False,
959,1645,TIGONI,KIAMBU,LIMURU-KUTUS,KABUKU,KCH 642R TOYOTA MATATU(LIKANA ROUTE 114/115),THE VEHICLE KNOCKED DOWN THE VICTIM,MALE,A,63.0,PEDESTRIAN,1.0,2017-04-25 00:00:00,KIAMBU,M,PEDESTRIAN,A,,ADULT,,4/25,2017,4,April,25,Tuesday,1645,16.0,45.0,AFTERNOON,63.0,PEDESTRIAN BEHAVIOUR,KCH 642R TOYOTA MATATU(LIKANA ROUTE 114/115),False,True,False,False,False,False,False,False,False,True,False,False,False,
960,2110,MARAGUA,MURANG'A,KENOL-MURANGA,KAHARATI JUNCTION,KBC 479G TOYOTA TOWNACE,THE VEHICLE KNOCKED DOWN THE VICTIM,MALE,53,68.0,PEDESTRIAN,1.0,2017-04-25 00:00:00,MURANGA,M,PEDESTRIAN,53,53.0,NUMERIC AGE,45-54,4/25,2017,4,April,25,Tuesday,2110,21.0,10.0,NIGHT,68.0,PEDESTRIAN BEHAVIOUR,KBC 479G TOYOTA TOWNACE,False,False,False,False,False,False,False,False,False,True,True,False,False,
961,40,MTITO ANDEI,MAKUENI,MOMBASA-NAIROBI,KAMBU,KCF 555Z SCANIA BUS AND KBR 730S TANKER TRAILER,THE BUS COLLIDED WITH THE TRAILER WHILE WAS OVERTAKING AND IT LANDED ON ITS SIDE,MALE,A,68.0,PASSENGER,17.0,2017-04-25 00:00:00,MAKUENI,M,PASSENGERS,A,,ADULT,,4/25,2017,4,April,25,Tuesday,40,0.0,40.0,NIGHT,68.0,PEDESTRIAN BEHAVIOUR,KCF 555Z SCANIA BUS AND KBR 730S TANKER TRAILER,False,False,True,False,False,False,False,False,True,True,False,False,False,
944,UNKNOWN,LIMURU,KIAMBU,NAIROBI-NAIVASHA,KAMANDURA AREA,UNKNOWN M/V,HIT & RUN,MALE,A,98.0,PEDESTRIAN,1.0,2017-05-03 00:00:00,KIAMBU,M,PEDESTRIAN,A,,ADULT,,05/03,2017,5,May,3,Wednesday,UNKNOWN,,,UNKNOWN,98.0,CAUSE NOT TRACED,UNKNOWN M/V,False,False,False,False,False,False,False,True,False,True,False,False,False,
945,630,ATHI RIVER,MACHAKOS,MOMBASA- NAIROBI,MAANZONI AREA,KCK 274B T/RAUM & KCB 742F/ZF 4779 ACTROS,HEAD ON COLLISION,MIXED,A,11.0,DRIVER & PASSENGER,2.0,2017-05-03 00:00:00,MACHAKOS,M&F,DRIVER & PASSENGER,A,,ADULT,,05/03,2017,5,May,3,Wednesday,630,6.0,30.0,MORNING,11.0,DRIVER / CYCLIST BEHAVIOUR,KCK 274B T/RAUM & KCB 742F/ZF 4779 ACTROS,False,False,False,True,False,False,False,False,False,True,False,False,False,
946,1340,MATUU,MACHAKOS,MATUU-THIKA,NEAR MATUU POLICE STATION,KBT 518G MITSUBISHI M/BUS & KMDN 755X SKYGO,THE VEHICLE RAMMED INTO THE REAR OF M/CYCLE,FEMALE,52,29.0,PILLION PASSENGER,1.0,2017-05-03 00:00:00,MACHAKOS,F,P/PASSENGER,52,52.0,NUMERIC AGE,45-54,05/03,2017,5,May,3,Wednesday,1340,13.0,40.0,AFTERNOON,29.0,DRIVER / CYCLIST BEHAVIOUR,KBT 518G MITSUBISHI M/BUS & KMDN 755X SKYGO,True,False,True,False,False,False,False,False,False,True,False,False,False,
947,1610,ONGATA RONGAI,KAJIADO,KISERIAN - RONGAI,KWARE AREA,KAS 488S T/SALOON & KMDU 423J BOXER,HEAD ON COLLISION,MALE,27,26.0,PILLION PASSENGER,1.0,2017-05-03 00:00:00,KAJIADO,M,P/PASSENGER,27,27.0,NUMERIC AGE,25-34,05/03,2017,5,May,3,Wednesday,1610,16.0,10.0,AFTERNOON,26.0,DRIVER / CYCLIST BEHAVIOUR,KAS 488S T/SALOON & KMDU 423J BOXER,True,False,False,False,False,False,True,False,False,True,False,False,False,
948,1800,MALINDI,KILIFI,MALINDI-LAMU,NEAR MALINDI TOWN,KCC 278J NISSAN MATATU,THE VEHICLE KNOCKED DOWN THE VICTIM,MALE,80,61.0,PEDESTRIAN,1.0,2017-05-03 00:00:00,KILIFI,M,PEDESTRIAN,80,80.0,NUMERIC AGE,65+,05/03,2017,5,May,3,Wednesday,1800,18.0,0.0,EVENING,61.0,PEDESTRIAN BEHAVIOUR,KCC 278J NISSAN MATATU,False,True,False,False,False,False,False,False,False,True,False,False,False,
949,1856,CHANGAMWE,MOMBASA,NAIROBI-MOMBASA,NEAR CHANGAMWE STAGE,KBV 887T T/HILUX P/UP,THE VEHICLE LOST CONTROL AND KNOCKED DOWN THE VICTIM,FEMALE,48,26.0,PEDESTRIAN,1.0,2017-05-03 00:00:00,MOMBASA,F,PEDESTRIAN,48,48.0,NUMERIC AGE,45-54,05/03,2017,5,May,3,Wednesday,1856,18.0,56.0,EVENING,26.0,DRIVER / CYCLIST BEHAVIOUR,KBV 887T T/HILUX P/UP,False,False,False,False,True,False,False,False,False,True,False,False,False,
941,715,CHUKA,MERU,MERU-CHUKA,KURUKUCHA AREA,KBR 594M T/FIELDER,THE VEHICLE KNOCKED DOWN THE VICTIM,MALE,50,26.0,PEDESTRIAN,1.0,2017-05-04 00:00:00,MERU,M,PEDESTRIAN,50,50.0,NUMERIC AGE,45-54,05/04,2017,5,May,4,Thursday,715,7.0,15.0,MORNING,26.0,DRIVER / CYCLIST BEHAVIOUR,KBR 594M T/FIELDER,False,False,False,False,False,False,True,False,False,True,False,False,False,
942,1330,NYERI,NYERI,CHAKA-KIGANJO,CHAKA SHOPPING CENTER,KCH 430J MITSUBISHI CANTER & KTWB 598E PIAGGIO,HEAD ON COLLISION,MALE,A,8.0,DRIVER,1.0,2017-05-04 00:00:00,NYERI,M,DRIVER,A,,ADULT,,05/04,2017,5,May,4,Thursday,1330,13.0,30.0,AFTERNOON,8.0,DRIVER / CYCLIST BEHAVIOUR,KCH 430J MITSUBISHI CANTER & KTWB 598E PIAGGIO,False,False,False,True,False,False,False,False,False,True,False,False,False,
943,2030,NAKURU,NAKURU,KAPTEMBWA-KAPKURES,NDARUGU RIVER,PEDAL CYCLE,THE PEDAL CYCLE BREAKS FAILED AND FALL INTO THE RIVER,MALE,40,54.0,PEDAL CYCLIST,1.0,2017-05-04 00:00:00,NAKURU,M,PEDAL CYCLIST,40,40.0,NUMERIC AGE,35-44,05/04,2017,5,May,4,Thursday,2030,20.0,30.0,EVENING,54.0,DRIVER / CYCLIST BEHAVIOUR,PEDAL CYCLE,False,False,False,False,False,False,False,False,False,False,False,True,False,
933,730,KIKUYU,KIAMBU,KIKUYU-WANGIGE,KINGEERO AREA,KBQ 867K TOYOTA TOWNACE,THE VEHICLE LOST CONTROL VEERING OFF THE ROAD,FEMALE,45,11.0,PEDESTRIAN,1.0,2017-05-12 00:00:00,KIAMBU,F,PEDESTRIAN,45,45.0,NUMERIC AGE,45-54,05/12,2017,5,May,12,Friday,730,7.0,30.0,MORNING,11.0,DRIVER / CYCLIST BEHAVIOUR,KBQ 867K TOYOTA TOWNACE,False,False,False,False,False,False,False,False,False,True,True,False,False,
934,1130,MOYALE,MARSABIT,MOYALE TOWN,BIASHARA STREET,KMDY 301W SKYGO & KBU 225W MITSUBISHI LORRY,THE LORRY OVERAN THE MOTOR CYCLE,MALE,A,45.0,MOTORCYCLIST,1.0,2017-05-12 00:00:00,MARSABIT,M,M/CYCLIST,A,,ADULT,,05/12,2017,5,May,12,Friday,1130,11.0,30.0,MORNING,45.0,DRIVER / CYCLIST BEHAVIOUR,KMDY 301W SKYGO & KBU 225W MITSUBISHI LORRY,True,False,False,True,False,False,False,False,False,True,False,False,False,
935,2230,KIKUYU,KIAMBU,LOWER KABETE,KINGEERO AREA,UNKNOWN,HIT & RUN,MALE,33,11.0,PEDESTRIAN,1.0,2017-05-12 00:00:00,KIAMBU,M,PEDESTRIAN,33,33.0,NUMERIC AGE,25-34,05/12,2017,5,May,12,Friday,2230,22.0,30.0,NIGHT,11.0,DRIVER / CYCLIST BEHAVIOUR,UNKNOWN,False,False,False,False,False,False,False,True,False,True,False,False,False,
936,17,DAGORETI,NAIROBI,WAIYIAKI WAY,NEAR N MARKET,KCA 535S T/PROBOX,THE VEHICLE KNOCKED DOWN THE VICTIM,MALE,27,98.0,PEDESTRIAN,1.0,2017-05-12 00:00:00,NAIROBI,M,PEDESTRIAN,27,27.0,NUMERIC AGE,25-34,05/12,2017,5,May,12,Friday,17,0.0,17.0,NIGHT,98.0,CAUSE NOT TRACED,KCA 535S T/PROBOX,False,False,False,False,False,False,True,False,False,True,False,False,False,
937,2345,GATUNDU,KIAMBU,ITURAMIRO-KIBIRU MURRAM ROAD,KIBIRU TRADING CENTER,KZP 618 ISUZU LORRY,THE VEHICLE KNOCKED DOWN THE VICTIM,MALE,A,26.0,PEDESTRIAN,1.0,2017-05-12 00:00:00,KIAMBU,M,PEDESTRIAN,A,,ADULT,,05/12,2017,5,May,12,Friday,2345,23.0,45.0,NIGHT,26.0,DRIVER / CYCLIST BEHAVIOUR,KZP 618 ISUZU LORRY,False,False,False,True,False,False,False,False,False,True,False,False,False,
938,1955,MATUU,MACHAKOS,MATUU-THIKA,YATTA GK PRISONS AREA,KBQ 851V T/MATATU,THE VEHICLE KNOCKED DOWN THE VICTIM,MALE,48,61.0,PEDESTRIAN,1.0,2017-05-12 00:00:00,MACHAKOS,M,PEDESTRIAN,48,48.0,NUMERIC AGE,45-54,05/12,2017,5,May,12,Friday,1955,19.0,55.0,EVENING,61.0,PEDESTRIAN BEHAVIOUR,KBQ 851V T/MATATU,False,True,False,False,False,False,False,False,False,True,False,False,False,
939,2045,ATHI RIVER,MACHAKOS,NAIROBI -MOMBASA,KITENGELA INTERCHANGE,KMCY 277T SKYGO & KBF 305N ISUZU P/UP,THE PICK UP HIT THE MOTOR CYCLE,MALE,A,37.0,PILLION PASSENGER,1.0,2017-05-12 00:00:00,MACHAKOS,M,P/PASSENGER,A,,ADULT,,05/12,2017,5,May,12,Friday,2045,20.0,45.0,EVENING,37.0,DRIVER / CYCLIST BEHAVIOUR,KMCY 277T SKYGO & KBF 305N ISUZU P/UP,True,False,False,False,True,False,False,False,False,True,False,False,False,
940,230,GILGIL,NAKURU,GILGIL - NAKURU,SOYSAMBU AREA,KCG 992C HINO BUS & KBN 834N/ZE 6522 BEI BEN TRAILER,"THE BUS WAS OVERTAKING IMPROPERLY AND LOST CONTROL, HIT THE TRAILER",MIXED,A,10.0,PASSENGER,18.0,2017-05-12 00:00:00,NAKURU,M & F,PASSENGERS,A,,ADULT,,05/12,2017,5,May,12,Friday,230,2.0,30.0,NIGHT,10.0,DRIVER / CYCLIST BEHAVIOUR,KCG 992C HINO BUS & KBN 834N/ZE 6522 BEI BEN TRAILER,False,False,True,False,False,False,False,False,True,True,False,False,False,
926,900,KANDARA,MURANG'A,KANDARA- KITHIMA,KIGUOYA AREA,UNKNOWN M/V AND M/A/PED,M/V HIT ONE PERSON KILLING HIM INSTANTLY.,MALE,36,98.0,PEDESTRIAN,1.0,2017-05-13 00:00:00,MURANGA,M,PEDESTRIAN,36,36.0,NUMERIC AGE,35-44,5/13,2017,5,May,13,Saturday,900,9.0,0.0,MORNING,98.0,CAUSE NOT TRACED,UNKNOWN M/V AND M/A/PED,False,False,False,False,False,False,False,True,False,True,False,False,False,
927,1540,NAKURU,NAKURU,ELDORET NAKURU,SOBEA AREA,M/V KBE 892C M/LORRY AND M/CYC.KMDG 065U BOXER,LORRY COLLUDED WITH A M/CYCLE KILLING THE RIDER ON THE SPOT.,MALE,20,22.0,RIDER,1.0,2017-05-13 00:00:00,NAKURU,M,RIDER,20,20.0,NUMERIC AGE,18-24,5/13,2017,5,May,13,Saturday,1540,15.0,40.0,AFTERNOON,22.0,DRIVER / CYCLIST BEHAVIOUR,M/V KBE 892C M/LORRY AND M/CYC.KMDG 065U BOXER,True,False,False,True,False,False,False,False,False,True,False,False,False,
928,1930,NAKURU,NAKURU,ELDORET NAKURU,NEAR GIDDO PLAZA,M/V SSD 046G TOYOTA RAV4 AND M/A/PED,M/V DRIVER KNOCKED DOWN A PERSON CROSSING THE ROAD KILLING HIM ON THE SPOT.,MALE,57,60.0,PEDESTRIAN,1.0,2017-05-13 00:00:00,NAKURU,M,PEDESTRIAN,57,57.0,NUMERIC AGE,55-64,5/13,2017,5,May,13,Saturday,1930,19.0,30.0,EVENING,60.0,PEDESTRIAN BEHAVIOUR,M/V SSD 046G TOYOTA RAV4 AND M/A/PED,False,False,False,False,False,False,True,False,False,True,False,False,False,
929,2000,RUNYENJES,EMBU,KAWANJARA- ISHIARA,KANYUAMBORA,M/V KBT 604C MISTUBISHI GDP AND AN OX CART.,N/V HIT THE OX-CART KILING THE CART DRIVER ON THE SPOT.,MALE,A,63.0,DRIVER,1.0,2017-05-13 00:00:00,EMBU,M,DRIVER,A,,ADULT,,5/13,2017,5,May,13,Saturday,2000,20.0,0.0,EVENING,63.0,PEDESTRIAN BEHAVIOUR,M/V KBT 604C MISTUBISHI GDP AND AN OX CART.,False,False,False,False,False,False,False,False,False,False,False,True,False,
930,2320,NAKURU,NAKURU,ELDORET NAKURU,SOBEA AREA,M/V KBR 287A T/PREMIO AND M/A/PED,M/V HIT ONE PERSON CROSSING THE ROAD KILING HIM INSTANTLY.,MALE,25,60.0,PEDESTRIAN,1.0,2017-05-13 00:00:00,NAKURU,M,PEDESTRIAN,25,25.0,NUMERIC AGE,25-34,5/13,2017,5,May,13,Saturday,2320,23.0,20.0,NIGHT,60.0,PEDESTRIAN BEHAVIOUR,M/V KBR 287A T/PREMIO AND M/A/PED,False,False,False,False,False,False,True,False,False,True,False,False,False,
931,20,DTEO EMBAKASI,NAIROBI,NORTH AIRPORT,NEAR OIL- LIBYA PETROL STN,UNKNOWN M/V AND M/A/PED,UNKNOWN M/V HIT ONE PERSON CROSSING THE ROAD KILLING HIM ON THE SPOT.,MALE,30,98.0,PEDESTRIAN,1.0,2017-05-13 00:00:00,NAIROBI,M,PEDESTRIAN,30,30.0,NUMERIC AGE,25-34,5/13,2017,5,May,13,Saturday,20,0.0,20.0,NIGHT,98.0,CAUSE NOT TRACED,UNKNOWN M/V AND M/A/PED,False,False,False,False,False,False,False,True,False,True,False,False,False,
932,230,DTEO INDO- AREA,NAIROBI,MOMBASA ROAD,NEAR STD GROUP,M/V KBL 266B T/PREMIO,M/V DRIVER LOST CONTROL AND ROLLED LANDING INTO A DITCH.DRIVER DIED ON THE SPOT.,MALE,A,26.0,DRIVER,1.0,2017-05-13 00:00:00,NAIROBI,M,DRIVER,A,,ADULT,,5/13,2017,5,May,13,Saturday,230,2.0,30.0,NIGHT,26.0,DRIVER / CYCLIST BEHAVIOUR,M/V KBL 266B T/PREMIO,False,False,False,False,False,False,True,False,False,True,False,False,False,
917,1000,EMBAKASI,NAIROBI,MOMBASA ROAD,NEAR MOMBASA ROAD- EMBAKASI ROAD JUNCTION,KCL 221J TOYOTA FORYUNER,M/V DRIVER DUE TO HIGH SPEED LOST CONTROL VEERING OFF THE ROAD KNOCKING DOWN A M/A PEDESTRIAN KILLING HIM ON THE SPOT.,MALE,30,29.0,PEDESTRIAN,1.0,2017-05-14 00:00:00,NAIROBI,M,PEDESTRIAN,30,30.0,NUMERIC AGE,25-34,5/14,2017,5,May,14,Sunday,1000,10.0,0.0,MORNING,29.0,DRIVER / CYCLIST BEHAVIOUR,KCL 221J TOYOTA FORYUNER,False,False,False,False,False,False,False,False,False,False,False,True,False,
918,1030,EMBU,EMBU,EMBU- SIAKAGO,KANYARIRI AREA,KMDS 131B CAPTAIN,M/CYCLIST KNOCKED DOWN A F/A PEDESTRIAN WHO WAS CROSSSIND THE ROAD KILING HIM ON THE SPOT.,FEMALE,77,61.0,PEDESTRIAN,1.0,2017-05-14 00:00:00,EMBU,F,PEDESTRIAN,77,77.0,NUMERIC AGE,65+,5/14,2017,5,May,14,Sunday,1030,10.0,30.0,MORNING,61.0,PEDESTRIAN BEHAVIOUR,KMDS 131B CAPTAIN,False,False,False,False,False,False,False,False,False,False,False,True,False,
919,1750,TURBO,KAKAMEGA,WEBUYE- ELDORET,MAPANGA AREA,KAQ 420A TOYOTA SALOON KBW 424S/ZE 5012 MAN TRAILER,M/V COLLIDED WITH A TRAILOR WHOSE DRIVER ESCAPED WHERE ONE F/A PASSENGER IN A SALOON DIED ON THE SPOT.,FEMALE,48,26.0,PASSENGER,1.0,2017-05-14 00:00:00,KAKAMEGA,F,PASSENGER,48,48.0,NUMERIC AGE,45-54,5/14,2017,5,May,14,Sunday,1750,17.0,50.0,EVENING,26.0,DRIVER / CYCLIST BEHAVIOUR,KAQ 420A TOYOTA SALOON KBW 424S/ZE 5012 MAN TRAILER,False,False,False,False,False,False,True,False,True,True,False,False,False,
920,1730,ISINYA,KAJIADO,NAMANGA- KITENGELA,NEAR GULF PETROL STATION,KTWA 595R PIAGGIO TUKTUK AND KMDK 334X BOXER,TUKTUK WAS HIT BY THE M/CYCLE WHICH WAS OVERLAPPING WHERE THE M/CYCLIST DIED WHILE UNDERGOING TREATMENT.,MALE,A,45.0,MOTORCYCLIST,1.0,2017-05-14 00:00:00,KAJIADO,M,M/CYCLIST,A,,ADULT,,5/14,2017,5,May,14,Sunday,1730,17.0,30.0,EVENING,45.0,DRIVER / CYCLIST BEHAVIOUR,KTWA 595R PIAGGIO TUKTUK AND KMDK 334X BOXER,True,False,False,False,False,False,False,False,False,True,False,False,False,
921,1730,STAREHE,NAIROBI,THIKA SUPERHIGHWAY,NEAR MUTHAIGA FOOT BRIDGE,KBB 181J TOYOTA PRADO,M/V KNOCKED DOWN UNKNOWN M/A PEDESTRIAN KILLING HIM ON THE SPOT.,MALE,A,63.0,PEDESTRIAN,1.0,2017-05-14 00:00:00,NAIROBI,M,PEDESTRIAN,A,,ADULT,,5/14,2017,5,May,14,Sunday,1730,17.0,30.0,EVENING,63.0,PEDESTRIAN BEHAVIOUR,KBB 181J TOYOTA PRADO,False,False,False,False,False,False,True,False,False,True,False,False,False,
922,2100,KABRAS,KAKAMEGA,WEBUYE- KAKAMEGA,MATETE AREA,KCA 520N TOYOTA MATATU AND KMDH 882N TVS STAR,MATATU WAS HIT AT THE RIGHT SIDE BY THE SAID M/CYCLE WHERE THE DRIVER SUSTAINED SERIOUS INJURIES AND DIED ON ARRIVAL TO HOSPITAL.,MALE,A,26.0,MOTORCYCLIST,1.0,2017-05-14 00:00:00,KAKAMEGA,M,M/CYCLIST,A,,ADULT,,5/14,2017,5,May,14,Sunday,2100,21.0,0.0,NIGHT,26.0,DRIVER / CYCLIST BEHAVIOUR,KCA 520N TOYOTA MATATU AND KMDH 882N TVS STAR,True,True,False,False,False,False,False,False,False,True,False,False,False,
923,2245,ATHI RIVER,MACHAKOS,NAIROBI- MOMBASA,NEAR GREEN PARK AREA,GKA 022R TOYOTA PRADO AND KBV 065H M/BENZ TRAILOR,M/V COLLUDED HEAD ON WITH A TRAILOR WHERE ON F/A PASSENGER AND M/V DRIVER DIED ON THE SPOT.,MIXED,34 AND 24,10.0,DRIVER & PASSENGER,2.0,2017-05-14 00:00:00,MACHAKOS,M AND F,DRIVER AND PASSENGER,34 AND 24,,UNKNOWN,,5/14,2017,5,May,14,Sunday,2245,22.0,45.0,NIGHT,10.0,DRIVER / CYCLIST BEHAVIOUR,GKA 022R TOYOTA PRADO AND KBV 065H M/BENZ TRAILOR,False,False,False,False,False,False,True,False,False,True,False,False,False,
924,2330,EMBAKASI,NAIROBI,MOMBASA ROAD,NEAR AIRPORT JUNCTION,KBW 240E TOYOTA CROWN AND KMDU 644B DAYUN,M/V RAMMED INTO THE REAR OF THE M/CYCLE WHERE TWO PEOPLE DIED.,MALE,A,29.0,MOTORCYCLIST & PILLION PASSENGER,2.0,2017-05-14 00:00:00,NAIROBI,M,M/CYCLIST AND P/PASSENGER,A,,ADULT,,5/14,2017,5,May,14,Sunday,2330,23.0,30.0,NIGHT,29.0,DRIVER / CYCLIST BEHAVIOUR,KBW 240E TOYOTA CROWN AND KMDU 644B DAYUN,True,False,False,False,False,False,True,False,False,True,False,False,False,
925,1900,MATUU,MACHAKOS,KIVANINI- MASINGA,MUSINGINI AREA,KMDH 771H DAYUN,"M/CYCLIST HIT A HIP OF SOIL, LOST CONTROL VEERING OFF THE ROAD AND LANDED INTO A DITCH WHERE HE DIED ON THE SPOT.",MALE,29,26.0,MOTORCYCLIST,1.0,2017-05-14 00:00:00,MACHAKOS,M,M/CYCLIST,29,29.0,NUMERIC AGE,25-34,5/14,2017,5,May,14,Sunday,1900,19.0,0.0,EVENING,26.0,DRIVER / CYCLIST BEHAVIOUR,KMDH 771H DAYUN,True,False,False,False,False,False,False,False,False,True,False,False,False,
914,1100,KIMILILI,BUNGOMA,KITALE-WEBUYE,MALIKI,KBL 062P LIBERTY,THE DRIVER OF THE SAID VEHICLE HIT A PEDESTRIAN ON REACHING THE LOCATION OF THE ACCIDENT.,UNKNOWN,A,7.0,PEDESTRIAN,1.0,2017-05-15 00:00:00,BUNGOMA,1,PEDESTRIAN,A,,ADULT,,5/15,2017,5,May,15,Monday,1100,11.0,0.0,MORNING,7.0,DRIVER / CYCLIST BEHAVIOUR,KBL 062P LIBERTY,False,False,False,False,False,False,False,False,False,False,False,True,False,
915,1200,KISII,KISII,KISII-MARAMI,KISII TOWNSHIP,KMDT 467R TVS STAR,DRIVER OF THE SAID VEHICLE RAN OVER THE SAID M/CYCLE FATALLY INJURING THE RIDER.,UNKNOWN,A,10.0,MOTORCYCLIST,1.0,2017-05-15 00:00:00,KISII,1,M/ CYCLIST,A,,ADULT,,5/15,2017,5,May,15,Monday,1200,12.0,0.0,AFTERNOON,10.0,DRIVER / CYCLIST BEHAVIOUR,KMDT 467R TVS STAR,True,False,False,False,False,False,False,False,False,True,False,False,False,
916,2330,SOTIK,BOMET,BOMET- KAPLONG RD,KAMUEREITO AREA,M/V KBX 135K M/BUS & M/CYC. KMDV 701P BOXER,RIDER AND P/PASSENGER OF THE SAID M/CYC HIT THE RIGHT FRONT SIDE OF THE SAID M/VEHICLE FATALLY INJURING BOTH OF THEM.,MALE,20 & 25 YRS,37.0,MOTORCYCLIST & PILLION PASSENGER,2.0,2017-05-15 00:00:00,BOMET,M,M/CYLIST & P/PASSENGER,20 & 25 YRS,,UNKNOWN,,5/15,2017,5,May,15,Monday,2330,23.0,30.0,NIGHT,37.0,DRIVER / CYCLIST BEHAVIOUR,M/V KBX 135K M/BUS & M/CYC. KMDV 701P BOXER,True,False,True,False,False,False,False,False,False,True,False,False,False,
912,1030,KEROKA,KISII,KEROKA-KISII,NYANSIRA AREA,KCL 0290 FAW TIPPER,"THE VEHICLE LOST CONTROL, VEERING OFF THE ROADAND OVERTURNED",MALE,30,26.0,DRIVER,1.0,2017-05-18 00:00:00,KISII,M,DRIVER,30,30.0,NUMERIC AGE,25-34,5/18,2017,5,May,18,Thursday,1030,10.0,30.0,MORNING,26.0,DRIVER / CYCLIST BEHAVIOUR,KCL 0290 FAW TIPPER,False,False,False,True,False,False,False,False,False,True,False,False,False,
913,2000,MACHAKOS,MACHAKOS,MACHAKOS-HUDUMA CENTRE,NEAR MAKAMITHI TRADING CENTRE,KBM 505F CANTER & KCC 078H MAN SHACK LORRY,THE VEHICLEKNOCKED DOWN THE VICTIM,MALE,40,16.0,PEDESTRIAN,1.0,2017-05-18 00:00:00,MACHAKOS,M,PEDESTRIAN,40,40.0,NUMERIC AGE,35-44,5/18,2017,5,May,18,Thursday,2000,20.0,0.0,EVENING,16.0,DRIVER / CYCLIST BEHAVIOUR,KBM 505F CANTER & KCC 078H MAN SHACK LORRY,False,False,False,True,False,False,False,False,False,True,False,False,False,
904,630,NAMANGA,KAJIADO,NAMANGA- KAJIADO,NEAR NGATATAEK TOWN,UNKNOWN M/V (HIT AND RUN),M/V KILLED A M/A PEDESTRIAN KILLING HIM ON THE SPOT.,MALE,63,61.0,PEDESTRIAN,1.0,2017-05-19 00:00:00,KAJIADO,M,PEDESTRIAN,63,63.0,NUMERIC AGE,55-64,5/19,2017,5,May,19,Friday,630,6.0,30.0,MORNING,61.0,PEDESTRIAN BEHAVIOUR,UNKNOWN M/V (HIT AND RUN),False,False,False,False,False,False,False,True,False,True,False,False,False,
905,730,KIAMBU,KIAMBU,NORTHERN BY- PASS,KAMAE AREA,KCF 491C TOYOTA HIACE AND KMDC 061F TIGER,M/V DRIVER HIT A M/CYCLIST WHO DIED ON THE SPOT.,MALE,32,22.0,MOTORCYCLIST,1.0,2017-05-19 00:00:00,KIAMBU,M,M/CYCLIST,32,32.0,NUMERIC AGE,25-34,5/19,2017,5,May,19,Friday,730,7.0,30.0,MORNING,22.0,DRIVER / CYCLIST BEHAVIOUR,KCF 491C TOYOTA HIACE AND KMDC 061F TIGER,False,False,False,False,False,False,False,False,False,True,True,False,False,
906,1100,KISUMU,KISUMU,KISUMU- BUSIA,NEAR NGUVU PETROL STATION,SCANIA BUS AND KMDL 771K SKYGO,BUS DRIVER HIT A M/CYCLE CARRYING ONE F/A P/PASSENGER WHO DIED ON THE SPOT.,FEMALE,29,10.0,PILLION PASSENGER,1.0,2017-05-19 00:00:00,KISUMU,F,P/PASSENGER,29,29.0,NUMERIC AGE,25-34,5/19,2017,5,May,19,Friday,1100,11.0,0.0,MORNING,10.0,DRIVER / CYCLIST BEHAVIOUR,SCANIA BUS AND KMDL 771K SKYGO,True,False,True,False,False,False,False,False,False,True,False,False,False,
907,1830,OL KALOU,NYANDARUA,OL KALOU- KARIAMU,KWA WATER AREA,KYT 044 DATSUN P/UP AND KMDN 763S RANGER,P/UP DRIVER COLLUDED HEAD ON WITH M/CYCLE. M/CYCLIST DIED ON THE SPOT.,MALE,19,37.0,MOTORCYCLIST,1.0,2017-05-19 00:00:00,NYANDARUA,M,M/CYCLIST,19,19.0,NUMERIC AGE,18-24,5/19,2017,5,May,19,Friday,1830,18.0,30.0,EVENING,37.0,DRIVER / CYCLIST BEHAVIOUR,KYT 044 DATSUN P/UP AND KMDN 763S RANGER,False,False,False,False,True,False,False,False,False,True,False,False,False,
908,1940,NAIVASHA,NAKURU,MAI MAHIU- NAIVASHA,BUBBLES T- JUNCTION,UNKNOWN M/V (HIT AND RUN),M/V KNOCKED DOWN UNKNOWN M/A PEDESTRIAN KILLING HIM ON THE SPOT.,MALE,A,98.0,PEDESTRIAN,1.0,2017-05-19 00:00:00,NAKURU,M,PEDESTRIAN,A,,ADULT,,5/19,2017,5,May,19,Friday,1940,19.0,40.0,EVENING,98.0,CAUSE NOT TRACED,UNKNOWN M/V (HIT AND RUN),False,False,False,False,False,False,False,True,False,True,False,False,False,
909,2030,ELDORET,UASIN GISHU,ELDORET- WEBUYE,NYATHIRU AREA,KMDB 465G BOXER,M/CYCLIST HIT A HUGE ROCK WHICH WAS ON THE ROAD WHERE THE RIDER FALL DOWN AND DIED ON THE SPOT.,MALE,A,10.0,MOTORCYCLIST,1.0,2017-05-19 00:00:00,UASIN GISHU,M,M/CYCLIST,A,,ADULT,,5/19,2017,5,May,19,Friday,2030,20.0,30.0,EVENING,10.0,DRIVER / CYCLIST BEHAVIOUR,KMDB 465G BOXER,True,False,False,False,False,False,False,False,False,True,False,False,False,
910,2130,MAUA,MERU,LARE- MAUA,KK TRADING CENTER,KCC 105P ISUZU LORRY,LORRY DRIVER LOST CONTROL AND LANDED INTO A DITCH AND AS A RESULT ONE M/A PASSENGER DIED ON THE SPOT.,MALE,A,40.0,PASSENGER,1.0,2017-05-19 00:00:00,MERU,M,PASSENGER,A,,ADULT,,5/19,2017,5,May,19,Friday,2130,21.0,30.0,NIGHT,40.0,DRIVER / CYCLIST BEHAVIOUR,KCC 105P ISUZU LORRY,False,False,False,True,False,False,False,False,False,True,False,False,False,
911,1900,MARSABIT,MARSABIT,MARSABIT- KARGI,HULAHULA AREA,KBP 432K TOYOTA L/CRUISER,M/V LOST CONTROL VEERING OFF THE ROAD AND LANDED INTO A DITCH KILLING ONE M/A PASSENGER ON THE SPOT.,MALE,49,87.0,PASSENGER,1.0,2017-05-19 00:00:00,MARSABIT,M,PASSENGER,49,49.0,NUMERIC AGE,45-54,5/19,2017,5,May,19,Friday,1900,19.0,0.0,EVENING,87.0,VEHICLE DEFECT,KBP 432K TOYOTA L/CRUISER,False,False,False,False,False,False,True,False,False,True,False,False,False,
897,600,DTEO STAREHE,NAIROBI,THIKA SUPERHIGHWAY,NEAR JUBILEE HOUSE,UNKNOWN M/V AND M/A/PED,M/V HIT UNKNOWN M/A/PEDESTRIAN WHO WAS CROSING THE ROAD FROM L-R KILLING HIM INSTANTLY.,MALE,A,98.0,PEDESTRIAN,1.0,2017-05-20 00:00:00,NAIROBI,M,PEDESTRIAN,A,,ADULT,,5/20,2017,5,May,20,Saturday,600,6.0,0.0,MORNING,98.0,CAUSE NOT TRACED,UNKNOWN M/V AND M/A/PED,False,False,False,False,False,False,False,True,False,True,False,False,False,
898,1230,KENDU BAY,HOMA BAY,KENDU BAY/ HOMA BAY RD,NEAR SAMANGA SHOPPING CENTRE,M/CY. KMDV 158T BOXER,M/CYCLIST LOST CONTROL AND HIT A CULVERT ON THE SIDE OF THE ROAD.DIED ON THE SPOT.,MALE,40,26.0,RIDER,1.0,2017-05-20 00:00:00,HOMA BAY,M,RIDER,40,40.0,NUMERIC AGE,35-44,5/20,2017,5,May,20,Saturday,1230,12.0,30.0,AFTERNOON,26.0,DRIVER / CYCLIST BEHAVIOUR,M/CY. KMDV 158T BOXER,True,False,False,False,False,False,False,False,False,True,False,False,False,
899,1410,ATHI RIVER,MACHAKOS,NAIROBI- MOMBASA,BRIDGE 39 AREA,M/V KBW 1301/ ZB 8450 M/BENZ AND KBJ 058B T/COROLLA,DRIVER WAS OVERTAKING CARELESSLY AND IN THE PROCCESS COLLUDED HEAD ON WITH THE SAID M/BENZ.DRIVER OF TOYOTA COROLLA DIED ON THE SPOT.,MALE,A,10.0,DRIVER,1.0,2017-05-20 00:00:00,MACHAKOS,M,DRIVER,A,,ADULT,,5/20,2017,5,May,20,Saturday,1410,14.0,10.0,AFTERNOON,10.0,DRIVER / CYCLIST BEHAVIOUR,M/V KBW 1301/ ZB 8450 M/BENZ AND KBJ 058B T/COROLLA,False,False,False,False,False,False,True,False,False,True,False,False,False,
900,1800,MASENO,KISUMU,KISUMU- BUSIA,CHULAIMBO AREA OPP. SLAUGHTER HSE,KAM 424D T/SHARK AND M/A/PASS,M/A/PASSENGER FELL OFF A MOVING VEHICLE DYING ON THE SPOT.,MALE,52,73.0,PASSENGER,1.0,2017-05-20 00:00:00,KISUMU,M,PASSENGER,52,52.0,NUMERIC AGE,45-54,5/20,2017,5,May,20,Saturday,1800,18.0,0.0,EVENING,73.0,PASSENGER / ATTENDANT,KAM 424D T/SHARK AND M/A/PASS,False,False,False,False,False,False,False,False,False,False,False,True,False,
901,1700,BUTERE,KISUMU,SAB ATIA EKERO RD,UNSPECIFIED,"M/V KCG 337Y R.ROVER, M/CYC. KMDL 946J BOXER AND KMCQ 249T BOXER",M/V DRIVER HIT TWO M/CYCLES AT A ROAD JUNCTION KILLING THEM ON THE SPOT.,MALE,A,10.0,UNKNOWN,2.0,2017-05-20 00:00:00,KISUMU,M,RE,A,,ADULT,,5/20,2017,5,May,20,Saturday,1700,17.0,0.0,EVENING,10.0,DRIVER / CYCLIST BEHAVIOUR,"M/V KCG 337Y R.ROVER, M/CYC. KMDL 946J BOXER AND KMCQ 249T BOXER",True,False,False,False,False,False,False,False,False,True,False,False,False,
902,1945,NGARUA,LAIKIPIA,KINAMBA- NYAHURURU,KARAND SHOPPING CENTRE,M/CY KMDW 865R AND M/A/PED,M/CYCLIST KNOCKED A PERSON CROSSSING THE ROAD FROM L-R AND HE DIED ON THE SPOT.,MALE,43,63.0,PEDESTRIAN,1.0,2017-05-20 00:00:00,LAIKIPIA,M,PEDESTRIAN,43,43.0,NUMERIC AGE,35-44,5/20,2017,5,May,20,Saturday,1945,19.0,45.0,EVENING,63.0,PEDESTRIAN BEHAVIOUR,M/CY KMDW 865R AND M/A/PED,False,False,False,False,False,False,False,False,False,False,False,True,False,
903,2115,TIGANIA,MERU,MERU- MAUA,KARELENI AREA,M/V KCG 893W T/MATATU AND P/CYCLIST,MATATU DRIVER HIT A P/CYCLIST KILLING HIM ON THE SPOT,MALE,50,29.0,PEDAL CYCLIST,1.0,2017-05-20 00:00:00,MERU,M,PEDAL CYCLIST,50,50.0,NUMERIC AGE,45-54,5/20,2017,5,May,20,Saturday,2115,21.0,15.0,NIGHT,29.0,DRIVER / CYCLIST BEHAVIOUR,M/V KCG 893W T/MATATU AND P/CYCLIST,False,True,False,False,False,False,False,False,False,True,False,False,False,
890,530,MTWAPA,MOMBASA,MOMBASA- KILIFI,NEAR TUSYS,KBR 760Z/ ZD 9426 AXOR TRAILOR,TRAILOR KNOCKED DOWN M/A PEDESTRIAN KILLING HIM ON THE SPOT.,MALE,A,8.0,PEDESTRIAN,1.0,2017-05-21 00:00:00,MOMBASA,M,PEDESTRIAN,A,,ADULT,,5/21,2017,5,May,21,Sunday,530,5.0,30.0,MORNING,8.0,DRIVER / CYCLIST BEHAVIOUR,KBR 760Z/ ZD 9426 AXOR TRAILOR,False,False,False,False,False,False,False,False,False,False,False,True,False,
891,1200,KARURI,KIAMBU,BANANA- RUAKA,KIGWARU AREA,"KMCT 837P CAPTAIN, KCD 807C TOYOTA VITS AND KAS 219Z NISSAN MATATU",M.CYCLIST RAMMED INTO THE REAR OF THE SAID VITS AND DUE TO IMPACT THE RIDER WAS THROWN ON THE RIGHT SIDE OF THE ROAD WHERE HE WAS HIT BY THE MATATU AND DIED ON THE SPOT.,MALE,31,77.0,MOTORCYCLIST,1.0,2017-05-21 00:00:00,KIAMBU,M,M/CYCLIST,31,31.0,NUMERIC AGE,25-34,5/21,2017,5,May,21,Sunday,1200,12.0,0.0,AFTERNOON,77.0,OBSTRUCTION,"KMCT 837P CAPTAIN, KCD 807C TOYOTA VITS AND KAS 219Z NISSAN MATATU",False,True,False,False,False,False,False,False,False,True,False,False,False,
892,1700,RUIRU,KIAMBU,THIKA SUPERHIGHWAY,KIHUNGURO OVERPASS,KBZ 080D SCANIA BUS,BUS DRIVER KNOCKED DOWN M/A PEDESTRIAN SUSTAINED SERIOUS INJURIES AND DIED IN HOSPITAL,MALE,A,60.0,PEDESTRIAN,1.0,2017-05-21 00:00:00,KIAMBU,M,PEDESTRIAN,A,,ADULT,,5/21,2017,5,May,21,Sunday,1700,17.0,0.0,EVENING,60.0,PEDESTRIAN BEHAVIOUR,KBZ 080D SCANIA BUS,False,False,True,False,False,False,False,False,False,True,False,False,False,
893,1720,KITENGELA,KAJIADO,NAMANGA- KITENGELA,CHUNA RD JUNCTION,KCD 930Z ISUZU LORRY AND UNKNOWN M/CYCLE,LORRY WAS HIT FROM THE REAR BY THE SAID M/CYCLE WHICH WAS NOT FOUND AT THE SCENE CARRYING A M/A P/PASSENGER WHO FALL ON THE ROAD SUSTAINING SERIOUS INJUIRIES AND DIED ON THE WAY TO HOSPITAL,MALE,20,37.0,PILLION PASSENGER,1.0,2017-05-21 00:00:00,KAJIADO,M,P/PASSENGER,20,20.0,NUMERIC AGE,18-24,5/21,2017,5,May,21,Sunday,1720,17.0,20.0,EVENING,37.0,DRIVER / CYCLIST BEHAVIOUR,KCD 930Z ISUZU LORRY AND UNKNOWN M/CYCLE,True,False,False,True,False,False,False,True,False,True,False,False,False,
894,2140,KISIUMU,KISUMU,KISUMU- NAIROBI,NEAR KASAGAM FLY OVER,KAS 548E TOYOTA SALOON,M/V DRIVER KNOCHED DOWN A M/A PEDESTRIAN KILLING HIM ON THE SPOT.,MALE,35,68.0,PEDESTRIAN,1.0,2017-05-21 00:00:00,KISUMU,M,PEDESTRIAN,35,35.0,NUMERIC AGE,35-44,5/21,2017,5,May,21,Sunday,2140,21.0,40.0,NIGHT,68.0,PEDESTRIAN BEHAVIOUR,KAS 548E TOYOTA SALOON,False,False,False,False,False,False,True,False,False,True,False,False,False,
895,130,KERICHO,KERICHO,KERICHO- KISUMU,CHEPKOLON AREA,UNKNOWN M/V (HIT AND RUN),M/V KNOCHED DOWN UNKNOWN M/A PEDESTRIAN KILLING HIM ON THE SPOT.,MALE,A,98.0,PEDESTRIAN,1.0,2017-05-21 00:00:00,KERICHO,M,PEDESTRIAN,A,,ADULT,,5/21,2017,5,May,21,Sunday,130,1.0,30.0,NIGHT,98.0,CAUSE NOT TRACED,UNKNOWN M/V (HIT AND RUN),False,False,False,False,False,False,False,True,False,True,False,False,False,
896,1645,MOYALE,MARSABIT,MOYALE- HEILLU,HEILLU AREA,KMEB 838B TVS STAR AND KCA 769E MITSUBISH LORRY,M/CYCLIST CARRYING OONE M/A PASSENGER RAMMED INTO THE REAR OF THE SAID LORRY WHERE THE P/PASSENGER SUSTAINING SERIOUS INJURIES AND DIED AT HOSPITAL.,MALE,19,36.0,PILLION PASSENGER,1.0,2017-05-21 00:00:00,MARSABIT,M,P/PASSENGER,19,19.0,NUMERIC AGE,18-24,5/21,2017,5,May,21,Sunday,1645,16.0,45.0,AFTERNOON,36.0,DRIVER / CYCLIST BEHAVIOUR,KMEB 838B TVS STAR AND KCA 769E MITSUBISH LORRY,True,False,False,True,False,False,False,False,False,True,False,False,False,
883,530,MAKONGENI,NAIROBI,JOGOO ROAD,NEAR MAKADARA FOOTBRIDGE,KAW 846G ISUZU BUS,M/V KNOCKED DOWN UNKNOWN M/A PEDESTRIAN KILLING HIM ON THE SPOT.,MALE,A,98.0,PEDESTRIAN,1.0,2017-05-23 00:00:00,NAIROBI,M,PEDESTRIAN,A,,ADULT,,5/23,2017,5,May,23,Tuesday,530,5.0,30.0,MORNING,98.0,CAUSE NOT TRACED,KAW 846G ISUZU BUS,False,False,True,False,False,False,False,False,False,True,False,False,False,
884,1230,STAREHE,NAIROBI,KIAMBU ROAD,NEAR CID HQS,KBH 286M TOYOTA NZE,UNIDENTIFIED M/V LOST CONTROL VEERING OFF THE ROAD AND LANDED INTO KARURA RIVER KILLING THE DRIVER ON THE SPOT.,MALE,A,98.0,DRIVER,1.0,2017-05-23 00:00:00,NAIROBI,M,DRIVER,A,,ADULT,,5/23,2017,5,May,23,Tuesday,1230,12.0,30.0,AFTERNOON,98.0,CAUSE NOT TRACED,KBH 286M TOYOTA NZE,False,False,False,False,False,False,False,False,False,False,False,True,False,
885,530,VOI,TAITA TAVETA,NAIROBI- MOMBASA,MAUNGU TRADING CENTER,KCK 370Y ISUZU DMAX P/UP AND KCK 144T/ZF 5964 MAN TRAILER,P/UP COLLUDED HEAD ON WITH THR TRAILOR WHERE M/A PASSENGER IN THE P/UP DIED ON THE SPOT.,MALE,55,8.0,PASSENGER,1.0,2017-05-23 00:00:00,TAITA TAVETA,M,PASSENGER,55,55.0,NUMERIC AGE,55-64,5/23,2017,5,May,23,Tuesday,530,5.0,30.0,MORNING,8.0,DRIVER / CYCLIST BEHAVIOUR,KCK 370Y ISUZU DMAX P/UP AND KCK 144T/ZF 5964 MAN TRAILER,False,False,False,False,True,False,False,False,True,True,False,False,False,
886,1140,MOGOTIO,BARINGO,MARIGAT- MOGOTIO,RADAT AREA,UNKNOWN M/V (HIT AND RUN),M/V KNOCKED DOWN UNKNOWN M/A PEDESTRIAN KILLING HIM ON THE SPOT.,MALE,A,30.0,PEDESTRIAN,1.0,2017-05-23 00:00:00,BARINGO,M,PEDESTRIAN,A,,ADULT,,5/23,2017,5,May,23,Tuesday,1140,11.0,40.0,MORNING,30.0,DRIVER / CYCLIST BEHAVIOUR,UNKNOWN M/V (HIT AND RUN),False,False,False,False,False,False,False,True,False,True,False,False,False,
887,1600,MATUNDA,VIHIGA,ELDORET - KITALE,KONA MBAYA AREA,KCK 779V TOYOTA PROBOX,M/V KNOCKED DOWN A F/A PEDESTRIAN KILLING HER ON THE SPOT,FEMALE,A,26.0,PEDESTRIAN,1.0,2017-05-23 00:00:00,VIHIGA,F,PEDESTRIAN,A,,ADULT,,5/23,2017,5,May,23,Tuesday,1600,16.0,0.0,AFTERNOON,26.0,DRIVER / CYCLIST BEHAVIOUR,KCK 779V TOYOTA PROBOX,False,False,False,False,False,False,True,False,False,True,False,False,False,
888,1745,KARATINA,NYERI,KARARTINA- KIMABARA,GATHUGU AREA,KBX 623C TOYOTA FIELDER,M/V KNOCKED DOWN M/JUVENILE PEDESTRIAN SUSTAININIG SERIOUS INJURIES AND DIED IN HOSPITAL. DRIVER ESCAPED.,MALE,3,26.0,PEDESTRIAN,1.0,2017-05-23 00:00:00,NYERI,M,PEDESTRIAN,3,3.0,NUMERIC AGE,0-17,5/23,2017,5,May,23,Tuesday,1745,17.0,45.0,EVENING,26.0,DRIVER / CYCLIST BEHAVIOUR,KBX 623C TOYOTA FIELDER,False,False,False,False,False,False,True,False,False,True,False,False,False,
889,2100,KAKAMEGA,KAKAMEGA,KISUMU- KAKAMEGA,MUKUMU AREA,KCH 919D TOYOTA HARRIER AND KMDQ 122S TVS STAR,M/V RAMMED INTO THE REAR OF THE SAID M/CYCLE WHOSE RIDER IS UNKNOWN KILLING F/A P/PASSENGER ON THE SPOT.,MIXED,A,29.0,MOTORCYCLIST & PILLION PASSENGER,2.0,2017-05-23 00:00:00,KAKAMEGA,M AND F,M/CYCLIST AND P/PASSENGER,A,,ADULT,,5/23,2017,5,May,23,Tuesday,2100,21.0,0.0,NIGHT,29.0,DRIVER / CYCLIST BEHAVIOUR,KCH 919D TOYOTA HARRIER AND KMDQ 122S TVS STAR,True,False,False,False,False,False,True,False,False,True,False,False,False,
880,1000,KERICHO,KERICHO,KENEGUT KAPSOIT,KAPSISIYWO,KMDZ 204F BAJAJ BOXER AND KAE 617P FORD,THE VEHICLE KNOCKED DOWN THE MOTOR CYCLE,FEMALE,A,37.0,PILLION PASSENGER,2.0,2017-05-29 00:00:00,KERICHO,F,PILLION PASSENGERS,A,,ADULT,,5/29,2017,5,May,29,Monday,1000,10.0,0.0,MORNING,37.0,DRIVER / CYCLIST BEHAVIOUR,KMDZ 204F BAJAJ BOXER AND KAE 617P FORD,True,False,False,False,False,False,False,False,False,True,False,False,False,
881,1140,ONGATA RONGAI,KAJIADO,NAIROBI KISERIAN,FATIMA,UNKNOWN,THE VEHICLE VEERED OFF THE ROAD,MALE,A,26.0,MOTORCYCLIST,1.0,2017-05-29 00:00:00,KAJIADO,M,M/CYCLIST,A,,ADULT,,5/29,2017,5,May,29,Monday,1140,11.0,40.0,MORNING,26.0,DRIVER / CYCLIST BEHAVIOUR,UNKNOWN,False,False,False,False,False,False,False,True,False,True,False,False,False,
882,1730,WIYUMIRIRIE,LAIKIPIA,NYERI NYAHURURU,MARINA AREA,KMV 009 SALOON & KCD 358G I/BUS,THE VEHICLE LOST CONTROL AND COLLIDED HEAD ON WITH THE BUS,MALE,A,26.0,PASSENGER,1.0,2017-05-29 00:00:00,LAIKIPIA,M,PASSENGERS,A,,ADULT,,5/29,2017,5,May,29,Monday,1730,17.0,30.0,EVENING,26.0,DRIVER / CYCLIST BEHAVIOUR,KMV 009 SALOON & KCD 358G I/BUS,False,False,True,False,False,False,True,False,False,True,False,False,False,
870,1100,MUTHANGARI,NAIROBI,MATHIORA ROAD,KAWANGWARE,KBM 117V BUS,THE VEHICLE KNOCKED DOWN THE VICTIM,MALE,A,98.0,PEDESTRIAN,1.0,2017-06-11 00:00:00,NAIROBI,M,PEDESTRIAN,A,,ADULT,,06/11,2017,6,June,11,Sunday,1100,11.0,0.0,MORNING,98.0,CAUSE NOT TRACED,KBM 117V BUS,False,False,True,False,False,False,False,False,False,True,False,False,False,
871,1330,NYAMIRA,NYAMIRA,NYAMIRA KISII ROAD,ISANDA AREA,KBA 923B PREMIO,THE VEHICLE KNOCKED DOWN THE VICTIM,MALE,10,98.0,PEDESTRIAN,1.0,2017-06-11 00:00:00,NYAMIRA,M,PEDESTRIAN,10,10.0,NUMERIC AGE,0-17,06/11,2017,6,June,11,Sunday,1330,13.0,30.0,AFTERNOON,98.0,CAUSE NOT TRACED,KBA 923B PREMIO,False,False,False,False,False,False,True,False,False,True,False,False,False,
872,1300,MATUU,MACHAKOS,MATUU THIKA ROAD,NYS AREA,KBZS 373T T/UP & KAW 193A T/SALOON,HEAD ON COLLISION,FEMALE,29,10.0,PASSENGER,1.0,2017-06-11 00:00:00,MACHAKOS,F,PASSENGER,29,29.0,NUMERIC AGE,25-34,06/11,2017,6,June,11,Sunday,1300,13.0,0.0,AFTERNOON,10.0,DRIVER / CYCLIST BEHAVIOUR,KBZS 373T T/UP & KAW 193A T/SALOON,False,False,False,False,False,False,True,False,False,True,False,False,False,
873,1630,RUNYEJES,EMBU,KYENI KARURUMO MARRUM ROAD,KANINI KEGA AREA,KBK 349Z FORD RANGER P/UP,THE VEHICLE GOT A TYRE BURST AND ROLLED,MALE,51,78.0,DRIVER,1.0,2017-06-11 00:00:00,EMBU,M,DRIVER,51,51.0,NUMERIC AGE,45-54,06/11,2017,6,June,11,Sunday,1630,16.0,30.0,AFTERNOON,78.0,VEHICLE DEFECT,KBK 349Z FORD RANGER P/UP,False,False,False,False,True,False,False,False,False,True,False,False,False,
874,1600,KILIFI,KILIFI,KILIFI MOMBASA,TAKAHUNGU AREA,KA 223B TANKER & KMDB 266Q,THE TANKER LOST CONTROL AND HIT THE M/CYCLE,MALE,A,19.0,PILLION PASSENGER,1.0,2017-06-11 00:00:00,KILIFI,M,P/PASSENGER,A,,ADULT,,06/11,2017,6,June,11,Sunday,1600,16.0,0.0,AFTERNOON,19.0,DRIVER / CYCLIST BEHAVIOUR,KA 223B TANKER & KMDB 266Q,False,False,False,False,False,False,False,False,True,True,False,False,False,
875,1900,MATUU,MACHAKOS,KANYONYO EMBU,KAGONDE AREA,KAZ 625K TOYOTA COROLLA,THE VEHICLE LOST CONTROL AND RAMMED INTO A TREE,MALE,34,21.0,PASSENGER,1.0,2017-06-11 00:00:00,MACHAKOS,M,PASSENGER,34,34.0,NUMERIC AGE,25-34,06/11,2017,6,June,11,Sunday,1900,19.0,0.0,EVENING,21.0,DRIVER / CYCLIST BEHAVIOUR,KAZ 625K TOYOTA COROLLA,False,False,False,False,False,False,True,False,False,True,False,False,False,
876,1930,KONDELE,KISUMU,OBUNGA KONDELE,NEAR OBUNGA TRADING CENTRE,KCG 945P FAW LORRY & KMDP 939C HONDA,THE VEHICLE COLLIDED WITH M/CYCLE,FEMALE,A & J,57.0,PILLION PASSENGER,2.0,2017-06-11 00:00:00,KISUMU,F,P/PASSENGER,A & J,,ADULT & JUVENILE,,06/11,2017,6,June,11,Sunday,1930,19.0,30.0,EVENING,57.0,DRIVER / CYCLIST BEHAVIOUR,KCG 945P FAW LORRY & KMDP 939C HONDA,False,False,False,True,False,False,False,False,False,True,False,False,False,
877,210,LIMURU,KIAMBU,LIMURU KWABIRA,OCEANLINE AREA,UNKNOWN,HIT AND RUN,MALE,30,98.0,PEDESTRIAN,1.0,2017-06-11 00:00:00,KIAMBU,M,PEDESTRIAN,30,30.0,NUMERIC AGE,25-34,06/11,2017,6,June,11,Sunday,210,2.0,10.0,NIGHT,98.0,CAUSE NOT TRACED,UNKNOWN,False,False,False,False,False,False,False,True,False,True,False,False,False,
878,UNKNOWN,JUJA,KIAMBU,THIKA SUPERHIGHWAY,NEAR CAPITAL CENTRE,UNKNOWN,HIT AND RUN,MALE,A,59.0,PEDESTRIAN,1.0,2017-06-11 00:00:00,KIAMBU,M,PEDESTRIAN,A,,ADULT,,06/11,2017,6,June,11,Sunday,UNKNOWN,,,UNKNOWN,59.0,PEDESTRIAN BEHAVIOUR,UNKNOWN,False,False,False,False,False,False,False,True,False,True,False,False,False,
879,2040,VOI,TAITA TAVETA,VOI KALOLENI,VOI JUNCTION,KMDT 883Q BOXER & KMDC 952R HAOJIN,HEAD ON COLLISION,MALE,63,22.0,MOTORCYCLIST,1.0,2017-06-11 00:00:00,TAITA TAVETA,M,M/CYCLIST,63,63.0,NUMERIC AGE,55-64,06/11,2017,6,June,11,Sunday,2040,20.0,40.0,EVENING,22.0,DRIVER / CYCLIST BEHAVIOUR,KMDT 883Q BOXER & KMDC 952R HAOJIN,True,False,False,False,False,False,False,False,False,True,False,False,False,
865,645,KAKAMEGA,KAKAMEGA,EKERO EBUHANGA,EBOKOLO,UNKNOWN,HIT AND RAN,MALE,26,98.0,PEDESTRIAN,1.0,2017-06-16 00:00:00,KAKAMEGA,M,PEDESTRIAN,26,26.0,NUMERIC AGE,25-34,6/16,2017,6,June,16,Friday,645,6.0,45.0,MORNING,98.0,CAUSE NOT TRACED,UNKNOWN,False,False,False,False,False,False,False,True,False,True,False,False,False,
866,900,KENDU BAY,HOMA BAY,KENDU BAY-KATITO,BIAFRA,UNKNOWN,HIT AND RAN,MALE,A,98.0,PEDESTRIAN,1.0,2017-06-16 00:00:00,HOMA BAY,M,PEDESTRIAN,A,,ADULT,,6/16,2017,6,June,16,Friday,900,9.0,0.0,MORNING,98.0,CAUSE NOT TRACED,UNKNOWN,False,False,False,False,False,False,False,True,False,True,False,False,False,
867,2100,NAROMORU,NYERI,NYERI-NANYUKI,NATIONAL OIL PETROL STATION,KBZ 710R T/AVENSIS,THE VEHICLE KNOCKED DOWN THE VICTIM,MALE,A,50.0,PEDAL CYCLIST,1.0,2017-06-16 00:00:00,NYERI,M,PEDAL CYCLIST,A,,ADULT,,6/16,2017,6,June,16,Friday,2100,21.0,0.0,NIGHT,50.0,DRIVER / CYCLIST BEHAVIOUR,KBZ 710R T/AVENSIS,False,False,False,False,False,False,True,False,False,True,False,False,False,
868,220,NTULELE,NAROK,NAROK-MAIMAHIU,MALTAURO,KCD 078M/ZD 9607 SHACKMAN,THE VEHICLE LOST CONTROL AND LANDED INTO A DITCH,FEMALE,A,78.0,PASSENGER,1.0,2017-06-16 00:00:00,NAROK,F,PASSENGER,A,,ADULT,,6/16,2017,6,June,16,Friday,220,2.0,20.0,NIGHT,78.0,VEHICLE DEFECT,KCD 078M/ZD 9607 SHACKMAN,False,False,False,True,False,False,False,False,False,True,False,False,False,
869,2015,BURETI,KERICHO,BURET NGOINA,NGOINA JUNCTION,KCE 051E T/PROBOX & MITSUBISHI PETROL TANKER,THE PROBOX WAS OVERTAKING UNKNOWN M/V HENCE COLLIDED HEAD ON WITH THE PETROL TANKER,MALE,A,10.0,DRIVER & PASSENGER,8.0,2017-06-16 00:00:00,KERICHO,M,7 PASSENGERS 1 DRIVER,A,,ADULT,,6/16,2017,6,June,16,Friday,2015,20.0,15.0,EVENING,10.0,DRIVER / CYCLIST BEHAVIOUR,KCE 051E T/PROBOX & MITSUBISHI PETROL TANKER,False,False,False,False,False,False,True,False,True,True,False,False,False,
860,400,MTITO ANDEI,MAKUENI,NAIROBI MSA ROAD,KANGA,M/V KCB 520Y T/WASH & KCK 320R/ZF 4328 AXOR,"THE M/V TOYOTA WISH WAS DRIVEN BY ELIUD ONGERI WITH 6 OCCUPANTS FRO MSA ,UPON REACHING THE LOCATION OF THE ACCIDENTS LEFT HIS LANE AND HIT THE TRAILER WHICH RESULTED THE DEATH OF ONE JAMES WAITHAGA",MALE,37,10.0,PASSENGER,1.0,2017-06-17 00:00:00,MAKUENI,M,PASSENGER,37,37.0,NUMERIC AGE,35-44,6/17,2017,6,June,17,Saturday,400,4.0,0.0,NIGHT,10.0,DRIVER / CYCLIST BEHAVIOUR,M/V KCB 520Y T/WASH & KCK 320R/ZF 4328 AXOR,False,False,False,False,False,False,False,False,False,False,False,True,False,
861,1550,SAGANA,KIRINYAGA,SAGANA-MAKUTANO-KENOL RD,TEBERE CONSTRUCTION SITE,UNKNOWN M/V & 2 PEDS,THE UNKNOWN M/V DRIVEN BY UNKNOWN DRIVER HEADING TO NAIROBI RAMMED THE REAR OF THE M/CYCLE BEFORE LOOSING CONTROL AND KNOCKING DOWN TWO PEDESTRIANS KILLING THEM ON THE SPOT,MALE,21& 28,7.0,PEDESTRIAN,1.0,2017-06-17 00:00:00,KIRINYAGA,M,PEDESTRIANS,21& 28,,UNKNOWN,,6/17,2017,6,June,17,Saturday,1550,15.0,50.0,AFTERNOON,7.0,DRIVER / CYCLIST BEHAVIOUR,UNKNOWN M/V & 2 PEDS,False,False,False,False,False,False,False,True,False,True,False,False,False,
862,2030,LUANDA,SIAYA,KISUMU BUSIA RD,KEMFRI AREA,M/V KAN 657R I/LORRY & KBP 364H PROBOX,"THE TOYOTA PROBOX DRIVEN BY ONE AVISI ETESI TOWARDS LUANDA UPON REACHING THE LOCATION THE DRIVER WAS OVERTAKING ANOTHER VEHICES WHEN HE HIT THE LEFT SIDE OF THE LORRY , DUE TO THAT THE PROBOX LOST CONTROL AND ROLLED SEVERALLY.",MALE,50,10.0,PASSENGER,1.0,2017-06-17 00:00:00,SIAYA,M,PASSENGER,50,50.0,NUMERIC AGE,45-54,6/17,2017,6,June,17,Saturday,2030,20.0,30.0,EVENING,10.0,DRIVER / CYCLIST BEHAVIOUR,M/V KAN 657R I/LORRY & KBP 364H PROBOX,False,False,False,True,False,False,True,False,False,True,False,False,False,
863,1900,MAKUENI,MAKUENI,MACHAKOS -WOTE RD,NEAR LUUNI BRIDGE AREA,M/V KCG 836R T/MATATU,"THE M/V TOYOTA WAS HEADING TOWARDS MACHAKOS WHEN ON REACHING THE LOCATION THE VEHICLE HIT A POT HOLE AND LOST CONTROL, VEERED OFF THE ROAD AND LANDED BY THE ROAD SIDE KILLING A PASSENGER",FEMALE,A,25.0,PASSENGER,,2017-06-17 00:00:00,MAKUENI,F,PASSENGER,A,,ADULT,,6/17,2017,6,June,17,Saturday,1900,19.0,0.0,EVENING,25.0,DRIVER / CYCLIST BEHAVIOUR,M/V KCG 836R T/MATATU,False,True,False,False,False,False,False,False,False,True,False,False,False,
864,2230,TIGONI,KIAMBU,LIMURU KIAMBU ROAD,MUTISI JUCNTION,M/V KBB 168W T/110 & KBM 568H TIPPER LORRY,THE M/V TOYOTA 110 FAILED TO GOVE WAY AND WAS HIT BY THE SAID TRIPPER LORRY AS ARESULT OF THE ACCIDENT THE DRIVER OF 110 AND F/A/PASSENGER DIED ON THE SPOT,MIXED,A,25.0,DRIVER & PASSENGER,,2017-06-17 00:00:00,KIAMBU,M/F,DRIVER PASSENGER,A,,ADULT,,6/17,2017,6,June,17,Saturday,2230,22.0,30.0,NIGHT,25.0,DRIVER / CYCLIST BEHAVIOUR,M/V KBB 168W T/110 & KBM 568H TIPPER LORRY,False,False,False,True,False,False,False,False,False,True,False,False,False,
852,1330,KABRAS,KAKAMEGA,SHILONGO FUVARE MURRAM ROAD,FUVARE AREA,KAU 090J/ZF 4842 NEW HOLLAND TRACTOR,THE VICTIM TRIED TO BOARD THE TRACTOR BUT FELL DOWN AND WAS OVERAN BY THE VEHICLE,MALE,20,69.0,PEDESTRIAN,1.0,2017-06-18 00:00:00,KAKAMEGA,M,PEDESTRIAN,20,20.0,NUMERIC AGE,18-24,6/18,2017,6,June,18,Sunday,1330,13.0,30.0,AFTERNOON,69.0,PASSENGER / ATTENDANT,KAU 090J/ZF 4842 NEW HOLLAND TRACTOR,False,False,False,False,False,True,False,False,False,True,False,False,False,
853,1830,KEROKA,KISII,KEROKA MASIMBA,ICHUNI AREA,KCA 083M TOYOTA PROBOX,THE VEHICLE LOST CONTROL AND ROLLED SEVERAL TIMES,FEMALE,28,29.0,PASSENGER,1.0,2017-06-18 00:00:00,KISII,F,PASSENGER,28,28.0,NUMERIC AGE,25-34,6/18,2017,6,June,18,Sunday,1830,18.0,30.0,EVENING,29.0,DRIVER / CYCLIST BEHAVIOUR,KCA 083M TOYOTA PROBOX,False,False,False,False,False,False,True,False,False,True,False,False,False,
854,1900,KAKAMEGA,KAKAMEGA,KHAYEGA SHINYALU,IROBO AREA,UNKNOWN,HIT AND RUN,MALE,33,7.0,PEDESTRIAN,1.0,2017-06-18 00:00:00,KAKAMEGA,M,PEDESTRIAN,33,33.0,NUMERIC AGE,25-34,6/18,2017,6,June,18,Sunday,1900,19.0,0.0,EVENING,7.0,DRIVER / CYCLIST BEHAVIOUR,UNKNOWN,False,False,False,False,False,False,False,True,False,True,False,False,False,
855,2015,DAGORETI,NAIROBI,WAIYAKI WAY,UTHIRU SHOPPING CENTRE,KBF 517N NISSAN MATATU,THE VEHICLE KNOCKED DOWN THE VICTIM,MALE,59,98.0,PEDESTRIAN,1.0,2017-06-18 00:00:00,NAIROBI,M,PEDESTRIAN,59,59.0,NUMERIC AGE,55-64,6/18,2017,6,June,18,Sunday,2015,20.0,15.0,EVENING,98.0,CAUSE NOT TRACED,KBF 517N NISSAN MATATU,False,True,False,False,False,False,False,False,False,True,False,False,False,
856,1600,MERU,MERU,MERU NANYUKI,NKUNGA FOREST,KBL 244V TOYOTA PREMIO & KCD 735R TOYOTA SALOON,HEAD ON COLLISION,MALE,A,8.0,PASSENGER,1.0,2017-06-18 00:00:00,MERU,M,PASSENGER,A,,ADULT,,6/18,2017,6,June,18,Sunday,1600,16.0,0.0,AFTERNOON,8.0,DRIVER / CYCLIST BEHAVIOUR,KBL 244V TOYOTA PREMIO & KCD 735R TOYOTA SALOON,False,False,False,False,False,False,True,False,False,True,False,False,False,
857,2030,MASENO,KISUMU,KISUMU BONDO,KADERO AREA,KCWA 021V TUKTUK & KMDY 006T BAJAJ,HEAD ON COLLISION,MALE,23,8.0,MOTORCYCLIST,1.0,2017-06-18 00:00:00,KISUMU,M,M/CYCLIST,23,23.0,NUMERIC AGE,18-24,6/18,2017,6,June,18,Sunday,2030,20.0,30.0,EVENING,8.0,DRIVER / CYCLIST BEHAVIOUR,KCWA 021V TUKTUK & KMDY 006T BAJAJ,True,False,False,False,False,False,False,False,False,True,False,False,False,
858,1900,MERU,MERU,MERU NANYUKI,KISIMA AREA,KBR 699P M/BENZ TRAILER & KBY 118H ISUZU P/UP,HEAD ON COLLISION,MALE,A,8.0,DRIVER,1.0,2017-06-18 00:00:00,MERU,M,DRIVER,A,,ADULT,,6/18,2017,6,June,18,Sunday,1900,19.0,0.0,EVENING,8.0,DRIVER / CYCLIST BEHAVIOUR,KBR 699P M/BENZ TRAILER & KBY 118H ISUZU P/UP,False,False,False,False,True,False,False,False,True,True,False,False,False,
859,1900,MERU,MERU,MERU NANYUKI,KISIMA AREA,KBR 699P M/BENZ TRAILER & KBY 118H ISUZU P/UP,HEAD ON COLLISION,MALE,A,8.0,PASSENGER,1.0,2017-06-18 00:00:00,MERU,M,PASSENGER,A,,ADULT,,6/18,2017,6,June,18,Sunday,1900,19.0,0.0,EVENING,8.0,DRIVER / CYCLIST BEHAVIOUR,KBR 699P M/BENZ TRAILER & KBY 118H ISUZU P/UP,False,False,False,False,True,False,False,False,True,True,False,False,False,
847,1600,MAKUPA,MOMBASA,MULTIPLE HAULIERS ROAD,CONTAINER GATE,KBX 833M/ZF 0301 M/BENZ & KBS 919F/ZD 9324 M/BENZ,THE KBX HIT THE KBS WHICH INTURN KNOCKED THE VICTIM,MALE,32,81.0,PEDESTRIAN,1.0,2017-06-20 00:00:00,MOMBASA,M,PEDESTRIAN,32,32.0,NUMERIC AGE,25-34,6/20,2017,6,June,20,Tuesday,1600,16.0,0.0,AFTERNOON,81.0,VEHICLE DEFECT,KBX 833M/ZF 0301 M/BENZ & KBS 919F/ZD 9324 M/BENZ,False,False,False,False,False,False,False,False,False,False,False,True,False,
848,1700,GARISSA,GARISSA,KISMAIYO ROAD,NEAR SONKO NGOMBE JUNCTION,KMCT 947R MTR & KMDL 862U SKYGO,THE VEHICLE KNOCKED DOWN THE VICTIM,MALE,A,50.0,PILLION PASSENGER,1.0,2017-06-20 00:00:00,GARISSA,M,P/PASSENGER,A,,ADULT,,6/20,2017,6,June,20,Tuesday,1700,17.0,0.0,EVENING,50.0,DRIVER / CYCLIST BEHAVIOUR,KMCT 947R MTR & KMDL 862U SKYGO,True,False,False,False,False,False,False,False,False,True,False,False,False,
849,1900,NYAMIRA,NYAMIRA,IKONGE CORNER,KIBIRIGO VIONGOZI STAGE,KAY 636N TOYOTA MATATU & KMDV 100C TVS STAR,HEAD ON COLLISION,FEMALE,34,29.0,PILLION PASSENGER,1.0,2017-06-20 00:00:00,NYAMIRA,F,P/PASSENGER,34,34.0,NUMERIC AGE,25-34,6/20,2017,6,June,20,Tuesday,1900,19.0,0.0,EVENING,29.0,DRIVER / CYCLIST BEHAVIOUR,KAY 636N TOYOTA MATATU & KMDV 100C TVS STAR,True,True,False,False,False,False,False,False,False,True,False,False,False,
850,2030,CHUKA,MERU,CHOGORIA CHUKA,KATHARAKA AREA,KBW 543X ISUZU LORRY & KBL 073Q TOYOTA WISH,HEAD ON COLLISION,MALE,46,29.0,DRIVER,1.0,2017-06-20 00:00:00,MERU,M,DRIVER,46,46.0,NUMERIC AGE,45-54,6/20,2017,6,June,20,Tuesday,2030,20.0,30.0,EVENING,29.0,DRIVER / CYCLIST BEHAVIOUR,KBW 543X ISUZU LORRY & KBL 073Q TOYOTA WISH,False,False,False,True,False,False,True,False,False,True,False,False,False,
851,2000,KENDU BAY,HOMA BAY,KATITU KENDU BAY,KOBALA AREA,KCG 332C TOYOTA MATATU,THE VEHICLE KNOCKED DOWN THE VICTIM,MALE,37,98.0,PEDESTRIAN,1.0,2017-06-20 00:00:00,HOMA BAY,M,PEDESTRIAN,37,37.0,NUMERIC AGE,35-44,6/20,2017,6,June,20,Tuesday,2000,20.0,0.0,EVENING,98.0,CAUSE NOT TRACED,KCG 332C TOYOTA MATATU,False,True,False,False,False,False,False,False,False,True,False,False,False,
842,1200,MOISBRIDGE,UASIN GISHU,LORETO ZIWA MACHINE MURRAM ROAD,KIMURGOI AREA,KMCH 262R BOXER & KZC 986 N/D LORRY,THE VEHICLE KNOCKED DOWN THE VICTIM,MALE,28,8.0,MOTORCYCLIST,1.0,2017-06-22 00:00:00,UASIN GISHU,M,M/CYCLIST,28,28.0,NUMERIC AGE,25-34,6/22,2017,6,June,22,Thursday,1200,12.0,0.0,AFTERNOON,8.0,DRIVER / CYCLIST BEHAVIOUR,KMCH 262R BOXER & KZC 986 N/D LORRY,True,False,False,True,False,False,False,False,False,True,False,False,False,
843,2015,SAGANA,KIRINYAGA,SAGANA KENOL ROAD,NEAR TANA GARDEN,"KAN 512T T/STARLET,KBW 340F T/BELTA",THE BELTA SWEREVED TO THE RIGHT AND WAS HIT BY THE STARLET,MALE,A,98.0,DRIVER,1.0,2017-06-22 00:00:00,KIRINYAGA,M,DRIVER,A,,ADULT,,6/22,2017,6,June,22,Thursday,2015,20.0,15.0,EVENING,98.0,CAUSE NOT TRACED,"KAN 512T T/STARLET,KBW 340F T/BELTA",False,False,False,False,False,False,True,False,False,True,False,False,False,
844,2015,SAGANA,KIRINYAGA,SAGANA KENOL ROAD,NEAR TANA GARDEN,"KAN 512T T/STARLET,KBW 340F T/BELTA",THE BELTA SWEREVED TO THE RIGHT AND WAS HIT BY THE STARLET,MALE,A,98.0,PASSENGER,1.0,2017-06-22 00:00:00,KIRINYAGA,M,PASSENGER,A,,ADULT,,6/22,2017,6,June,22,Thursday,2015,20.0,15.0,EVENING,98.0,CAUSE NOT TRACED,"KAN 512T T/STARLET,KBW 340F T/BELTA",False,False,False,False,False,False,True,False,False,True,False,False,False,
845,2100,DAGORETI,NAIROBI,WAIYAKI WAY,NEAR KANGEMI STAGE,KCK 342X TOYOTA PREMIO,THE VEHICLE KNOCKED DOWN THE VICTIM,FEMALE,30,98.0,PEDESTRIAN,1.0,2017-06-22 00:00:00,NAIROBI,F,PEDESTRIAN,30,30.0,NUMERIC AGE,25-34,6/22,2017,6,June,22,Thursday,2100,21.0,0.0,NIGHT,98.0,CAUSE NOT TRACED,KCK 342X TOYOTA PREMIO,False,False,False,False,False,False,True,False,False,True,False,False,False,
846,2200,CENTRAL,NAIROBI,NEW PUMWANI ROAD,KARIOKOR ROUND ABOUT,KBT 958R ISUZU BUS & KMCJ 461Z BAJAJ,THE VEHICLE KNOCKED DOWN THE VICTIM,MALE,30,98.0,MOTORCYCLIST,1.0,2017-06-22 00:00:00,NAIROBI,M,M/CYCLIST,30,30.0,NUMERIC AGE,25-34,6/22,2017,6,June,22,Thursday,2200,22.0,0.0,NIGHT,98.0,CAUSE NOT TRACED,KBT 958R ISUZU BUS & KMCJ 461Z BAJAJ,True,False,True,False,False,False,False,False,False,True,False,False,False,
836,500,CENTRAL,NAIROBI,MURANGA ROAD,KAHAMA,KCF 934C TOYOTA HESTIMA,THE VEHICLE HIT A PAVEMENT,MALE,A,98.0,DRIVER,1.0,2017-06-23 00:00:00,NAIROBI,M,DRIVER,A,,ADULT,,6/23,2017,6,June,23,Friday,500,5.0,0.0,MORNING,98.0,CAUSE NOT TRACED,KCF 934C TOYOTA HESTIMA,False,False,False,False,False,False,False,False,False,False,False,True,False,
837,30,STAREHE,NAIROBI,THIKA SUPERHIGHWAY,SURVEY AREA,KAC 212C CANTER AND KMDU 225K BOXER,THE CYCLE RAMMED INTO THE STATIONERY VEHICLE,MALE,A,26.0,MOTORCYCLIST,1.0,2017-06-23 00:00:00,NAIROBI,M,M/CYCLIST,A,,ADULT,,6/23,2017,6,June,23,Friday,30,0.0,30.0,NIGHT,26.0,DRIVER / CYCLIST BEHAVIOUR,KAC 212C CANTER AND KMDU 225K BOXER,True,False,False,True,False,False,False,False,False,True,False,False,False,
838,1200,MARIAKANI,KILIFI,MOMBASA NAIROBI,MARIAKANI WEIGHBRIDGE,"KCK 809V TOYOTA ALLION,KBX 799Z SALOON CAR,KBR 768Z SEMI TRAILER",THE TOYOTA ALLION COLLIDED HEAD ON WITH THE SALOON CAR,MALE,A,10.0,PASSENGER,1.0,2017-06-23 00:00:00,KILIFI,M,PASSENGER,A,,ADULT,,6/23,2017,6,June,23,Friday,1200,12.0,0.0,AFTERNOON,10.0,DRIVER / CYCLIST BEHAVIOUR,"KCK 809V TOYOTA ALLION,KBX 799Z SALOON CAR,KBR 768Z SEMI TRAILER",False,False,False,False,False,False,True,False,True,True,False,False,False,
839,1730,ONGATA RONGAI,KAJIADO,MAGADI,MAASAI LODGE,KTQ 120 ISUZU LORRY,THE VEHICLE KNOCKED DOWN THE VICTIM,MALE,A,26.0,PEDESTRIAN,1.0,2017-06-23 00:00:00,KAJIADO,M,PEDESTRIAN,A,,ADULT,,6/23,2017,6,June,23,Friday,1730,17.0,30.0,EVENING,26.0,DRIVER / CYCLIST BEHAVIOUR,KTQ 120 ISUZU LORRY,False,False,False,True,False,False,False,False,False,True,False,False,False,
840,1630,OTHAYA,NYERI,CHINGA GAKURU,KARIKO GAKURU,UNKNOWN MOTOR CYCLE,THE CYCLE KNOCKED DOWN THE VICTIM,MALE,J,98.0,PEDESTRIAN,1.0,2017-06-23 00:00:00,NYERI,M,PEDESTRIAN,J,,JUVENILE,,6/23,2017,6,June,23,Friday,1630,16.0,30.0,AFTERNOON,98.0,CAUSE NOT TRACED,UNKNOWN MOTOR CYCLE,True,False,False,False,False,False,False,True,False,True,False,False,False,
841,1430,MURANGA,MURANG'A,MURANGA KAHURO,GATHAMBA,KAN 109Z TOYOTA MATATU AND KMDJ 719F TIGER,THE MATATU COLLIDED HEAD ON WITH THE CYCLE,MALE,A,26.0,MOTORCYCLIST,1.0,2017-06-23 00:00:00,MURANGA,M,M/CYCLIST,A,,ADULT,,6/23,2017,6,June,23,Friday,1430,14.0,30.0,AFTERNOON,26.0,DRIVER / CYCLIST BEHAVIOUR,KAN 109Z TOYOTA MATATU AND KMDJ 719F TIGER,False,True,False,False,False,False,False,False,False,True,False,False,False,
833,2300,ISIOLO,ISIOLO,ISIOLO ARCHERS POST,GALE MARA,KCA 327A LORRY,THE VEHICLE LOST CONTROL AND VEERED OFF THE ROAD AND ROLLED SEVERAL TIMES,MALE,A,26.0,PASSENGER,2.0,2017-06-25 00:00:00,ISIOLO,M,PASSENGER,A,,ADULT,,6/25,2017,6,June,25,Sunday,2300,23.0,0.0,NIGHT,26.0,DRIVER / CYCLIST BEHAVIOUR,KCA 327A LORRY,False,False,False,True,False,False,False,False,False,True,False,False,False,
834,15,MALINDI,KILIFI,MALINDI MOMBASA,MALINDI TOWNSHIP,KBH 028C MITSUBISHI LORRY AND KMEC 639X TVS,HEAD ON COLLISION,MALE,A,26.0,MOTORCYCLIST,1.0,2017-06-25 00:00:00,KILIFI,M,M/CYCLIST,A,,ADULT,,6/25,2017,6,June,25,Sunday,15,0.0,15.0,NIGHT,26.0,DRIVER / CYCLIST BEHAVIOUR,KBH 028C MITSUBISHI LORRY AND KMEC 639X TVS,True,False,False,True,False,False,False,False,False,True,False,False,False,
835,1230,TURBO,KAKAMEGA,LWANDETI LUGARI,RUHOHO,KMEB 631M TVS STAR,THE CYCLE KNOCKED DOWN THE VICTIM,MALE,A,98.0,PEDESTRIAN,1.0,2017-06-25 00:00:00,KAKAMEGA,M,PEDESTRIAN,A,,ADULT,,6/25,2017,6,June,25,Sunday,1230,12.0,30.0,AFTERNOON,98.0,CAUSE NOT TRACED,KMEB 631M TVS STAR,True,False,False,False,False,False,False,False,False,True,False,False,False,
829,820,STAREHE,NAIROBI,THIKA SUPERHIGHWAY,MUTHAIGA FOOTBRIDGE,UNKNOWN,HIT AND RUN,MALE,31,63.0,PEDESTRIAN,1.0,2017-06-30 00:00:00,NAIROBI,M,PEDESTRIAN,31,31.0,NUMERIC AGE,25-34,6/30,2017,6,June,30,Friday,820,8.0,20.0,MORNING,63.0,PEDESTRIAN BEHAVIOUR,UNKNOWN,False,False,False,False,False,False,False,True,False,True,False,False,False,
830,1500,DAGORETI,NAIROBI,WAIYAKI WAY,KANGEMI AREA,KCA 345U HONDA STREAM,THE VEHICLE KNOCKED DOWN THE VICTIM,MALE,A,26.0,PEDESTRIAN,1.0,2017-06-30 00:00:00,NAIROBI,M,PEDESTRIAN,A,,ADULT,,6/30,2017,6,June,30,Friday,1500,15.0,0.0,AFTERNOON,26.0,DRIVER / CYCLIST BEHAVIOUR,KCA 345U HONDA STREAM,False,False,False,False,False,False,False,False,False,False,False,True,False,
831,2330,ELDORET,UASIN GISHU,ELDORET NAKURU,TOTAL PETROL STATION,"KAL 888L TOYOTA PRADO,KAM 940U TOYOTA STARLET & KBX 695N MITSUBISHI COLT",THE PRADO RAMMED INTO THE STARLET WHICH IN TURN HIT THE COLT,MALE,19,98.0,PASSENGER,1.0,2017-06-30 00:00:00,UASIN GISHU,M,PASSENGER,19,19.0,NUMERIC AGE,18-24,6/30,2017,6,June,30,Friday,2330,23.0,30.0,NIGHT,98.0,CAUSE NOT TRACED,"KAL 888L TOYOTA PRADO,KAM 940U TOYOTA STARLET & KBX 695N MITSUBISHI COLT",False,False,False,False,False,False,True,False,False,True,False,False,False,
832,45,KEROKA,KISII,KEROKA NYAGUSU,MASIMBA AREA,UNKNOWN,HIT AND RUN,MALE,55,98.0,PEDESTRIAN,1.0,2017-06-30 00:00:00,KISII,M,PEDESTRIAN,55,55.0,NUMERIC AGE,55-64,6/30,2017,6,June,30,Friday,45,0.0,45.0,NIGHT,98.0,CAUSE NOT TRACED,UNKNOWN,False,False,False,False,False,False,False,True,False,True,False,False,False,
822,500,KASARANI,NAIROBI,OUTERNG ROAD,NAIVAS SPERMARKET,KMDK 267D HONDA & UNKNOWN M/V,HIT AND RUN,MALE,A,98.0,MOTORCYCLIST,1.0,2017-07-01 00:00:00,NAIROBI,M,M/CYCLIST,A,,ADULT,,07/01,2017,7,July,1,Saturday,500,5.0,0.0,MORNING,98.0,CAUSE NOT TRACED,KMDK 267D HONDA & UNKNOWN M/V,False,False,False,False,False,False,False,True,False,True,False,False,False,
823,2200,RUIRU,KIAMBU,EASTERN BYPASS,KAMAKIS,KBF 184U TOYOTA SPACIO & KHMA 043F JCB,COLLIDED HEAD ON,FEMALE,A,10.0,DRIVER,1.0,2017-07-01 00:00:00,KIAMBU,F,DRIVER,A,,ADULT,,07/01,2017,7,July,1,Saturday,2200,22.0,0.0,NIGHT,10.0,DRIVER / CYCLIST BEHAVIOUR,KBF 184U TOYOTA SPACIO & KHMA 043F JCB,False,False,False,False,False,False,False,False,False,False,False,True,False,
824,2000,BUSIA,BUSIA,BUSIA-MIMIAS,BUGENDI,KAX 983C TOYOTA IPSUM,HIT P/CYCLIST,MALE,A,7.0,PEDAL CYCLIST,1.0,2017-07-01 00:00:00,BUSIA,M,P/CYCLIST,A,,ADULT,,07/01,2017,7,July,1,Saturday,2000,20.0,0.0,EVENING,7.0,DRIVER / CYCLIST BEHAVIOUR,KAX 983C TOYOTA IPSUM,False,False,False,False,False,False,False,False,False,False,False,True,False,
825,2100,WEBUYE,BUNGOMA,BUNGOMA-WEBUYE,MATISI,KBL 382B,HIT AND KNOCKED DOWN PEDESTRIAN,MALE,A,7.0,PEDESTRIAN,1.0,2017-07-01 00:00:00,BUNGOMA,M,PEDESTRIAN,A,,ADULT,,07/01,2017,7,July,1,Saturday,2100,21.0,0.0,NIGHT,7.0,DRIVER / CYCLIST BEHAVIOUR,KBL 382B,False,False,False,False,False,False,False,False,False,False,False,True,False,
826,730,ELDORET,UASIN GISHU,ELDORET-KAPSABET,AIRPORT GATE,KBN 093H M/BENZ ZC 5263 AND KMDJ,HIT THE SAID M/CYCLE,MALE,A,10.0,PILLION PASSENGER,1.0,2017-07-01 00:00:00,UASIN GISHU,M,P/P/PASSENGER,A,,ADULT,,07/01,2017,7,July,1,Saturday,730,7.0,30.0,MORNING,10.0,DRIVER / CYCLIST BEHAVIOUR,KBN 093H M/BENZ ZC 5263 AND KMDJ,False,False,False,False,False,False,False,False,False,False,False,True,False,
827,730,SUBUKIA,NAKURU,NAKURU-SUBUKIA,KAHIGA,KAB 543 543B TOYOTA MATATU,KNOCKED DOWN A PEDESTRIAN,MALE,A,63.0,PEDESTRIAN,1.0,2017-07-01 00:00:00,NAKURU,M,PEDESTRIAN,A,,ADULT,,07/01,2017,7,July,1,Saturday,730,7.0,30.0,MORNING,63.0,PEDESTRIAN BEHAVIOUR,KAB 543 543B TOYOTA MATATU,False,True,False,False,False,False,False,False,False,True,False,False,False,
828,700,KAREN,NAIROBI,SOUTHERN,MUTUINE,KBZ 404U TOYOTA FIELDER,VEERED OFF THE HITTING GUARD RAILS ON THE ROAD SIDE,MALE,A,26.0,DRIVER,1.0,2017-07-01 00:00:00,NAIROBI,M,DRIVER,A,,ADULT,,07/01,2017,7,July,1,Saturday,700,7.0,0.0,MORNING,26.0,DRIVER / CYCLIST BEHAVIOUR,KBZ 404U TOYOTA FIELDER,False,False,False,False,False,False,True,False,False,True,False,False,False,
814,1000,MAGUMU,NYANDARUA,NAIROBI-NAIVASHA,KINALE AREA,KCC006A HINO BUS,LOST CONTROL AND VEERED OFF THE ROAD KILLING A PASSANGER,FEMALE,A,26.0,PASSENGER,,2017-07-02 00:00:00,NYANDARUA,F,PASSANGER,A,,ADULT,,07/02,2017,7,July,2,Sunday,1000,10.0,0.0,MORNING,26.0,DRIVER / CYCLIST BEHAVIOUR,KCC006A HINO BUS,False,False,True,False,False,False,False,False,False,True,False,False,False,
815,730,CHANGAMWE,MOMBASA,NAIROBI-MOMBASA,CHANGAMWE STAGE,KCK514G SCANIA BUS,KNOCKED DOWN A PEDESTRIAN,MALE,40,68.0,PEDESTRIAN,,2017-07-02 00:00:00,MOMBASA,M,PEDESTRIAN,40,40.0,NUMERIC AGE,35-44,07/02,2017,7,July,2,Sunday,730,7.0,30.0,MORNING,68.0,PEDESTRIAN BEHAVIOUR,KCK514G SCANIA BUS,False,False,True,False,False,False,False,False,False,True,False,False,False,
816,1720,ATHI RIVER,MACHAKOS,NAIROBI-MOMBASA,SMALL WORLD,KBR911H/ZE 0460 ACTORS TRAILER & KBV840D TOYOTA G-TOURING,COLLIDED HEAD ON,MIXED,"46,47,34",8.0,DRIVER & PASSENGER,3.0,2017-07-02 00:00:00,MACHAKOS,M&F,DRIVER & 2 PASSENGERS,"46,47,34",,UNKNOWN,,07/02,2017,7,July,2,Sunday,1720,17.0,20.0,EVENING,8.0,DRIVER / CYCLIST BEHAVIOUR,KBR911H/ZE 0460 ACTORS TRAILER & KBV840D TOYOTA G-TOURING,False,False,False,False,False,False,False,False,True,True,False,False,False,
817,2000,KONDELE,KISUMU,KISUMU-KAKAMEGA,COPTIC CHURCH AREA,KBD 414W MITSUBISH PRIVER MOVER,LOST CONTRL AND DASHED IN A DITCH,MALE,47,78.0,DRIVER & PASSENGER,1.0,2017-07-02 00:00:00,KISUMU,M,DRIVER & 2 PASSENGERS,47,47.0,NUMERIC AGE,45-54,07/02,2017,7,July,2,Sunday,2000,20.0,0.0,EVENING,78.0,VEHICLE DEFECT,KBD 414W MITSUBISH PRIVER MOVER,False,False,False,False,False,False,False,False,False,False,False,True,False,
818,2000,KIKUYU,KIAMBU,SOUTHERN BY -PASS,NEAR THOGOTO FLY-OVER,UNKNWON,HIT AND RUN,MALE,33,98.0,PEDESTRIAN,1.0,2017-07-02 00:00:00,KIAMBU,M,PEDESTRAIN,33,33.0,NUMERIC AGE,25-34,07/02,2017,7,July,2,Sunday,2000,20.0,0.0,EVENING,98.0,CAUSE NOT TRACED,UNKNWON,False,False,False,False,False,False,False,False,False,False,False,True,False,
819,1945,HOMABAY,HOMA BAY,HOMA BAY-MBITA,KODUOGO,KBV 095E TOYOTA PROBOX&KMDT 783C BOXER,RAMMED AT THE REER OF M/CYCLE,MALE,19,29.0,MOTORCYCLIST,1.0,2017-07-02 00:00:00,HOMABAY,M,M/CYCLIST,19,19.0,NUMERIC AGE,18-24,07/02,2017,7,July,2,Sunday,1945,19.0,45.0,EVENING,29.0,DRIVER / CYCLIST BEHAVIOUR,KBV 095E TOYOTA PROBOX&KMDT 783C BOXER,True,False,False,False,False,False,True,False,False,True,False,False,False,
820,2145,NAKURU,NAKURU,NAIROBI-NAKURU,NGORIKA NDOGO AREA,KCF253D ISUZU LORRY,KNOCKED DOWN A PEDESTRIAN,FEMALE,A,60.0,PEDESTRIAN,1.0,2017-07-02 00:00:00,NAKURU,F,PEDESTRIAN,A,,ADULT,,07/02,2017,7,July,2,Sunday,2145,21.0,45.0,NIGHT,60.0,PEDESTRIAN BEHAVIOUR,KCF253D ISUZU LORRY,False,False,False,True,False,False,False,False,False,True,False,False,False,
821,2230,SALAMA,MAKUENI,NAIROBI-MOMBASA,NEAR GLORIOUS WINNERS ACADEMY,KBJ 759J MITSUBISH FUSO &KMDJ 990S SKYGO,RAMMED AT THE REER OF M/CYCLE,MALE,24,76.0,MOTORCYCLIST,1.0,2017-07-02 00:00:00,MAKUENI,M,M/CYCLIST,24,24.0,NUMERIC AGE,18-24,07/02,2017,7,July,2,Sunday,2230,22.0,30.0,NIGHT,76.0,OBSTRUCTION,KBJ 759J MITSUBISH FUSO &KMDJ 990S SKYGO,True,False,False,True,False,False,False,False,False,True,False,False,False,
810,2130,MACHAKOS,MACHAKOS,MACHAKOS-KYUMBI,MIWANI,KBJ 388F T/PREMIO & M/CYCLE,THE VEHICLE KNOCKED DOWN A M/CYCLIST,MALE,A,98.0,RIDER,1.0,2017-07-03 00:00:00,MACHAKOS,M,RIDER,A,,ADULT,,07/03,2017,7,July,3,Monday,2130,21.0,30.0,NIGHT,98.0,CAUSE NOT TRACED,KBJ 388F T/PREMIO & M/CYCLE,True,False,False,False,False,False,True,False,False,True,False,False,False,
811,1730,KIAMBU,KIAMBU,BANANA-KIAMBU,NGEGU,KAS 135A TOYOTA DX,THE VEHICLE KNOCKED DOWN A VICTIM,MALE,A,68.0,PEDESTRIAN,1.0,2017-07-03 00:00:00,KIAMBU,M,PEDESTRIAN,A,,ADULT,,07/03,2017,7,July,3,Monday,1730,17.0,30.0,EVENING,68.0,PEDESTRIAN BEHAVIOUR,KAS 135A TOYOTA DX,False,False,False,False,False,False,True,False,False,True,False,False,False,
812,730,MERU,MERU,CHUKA-EMBU,NAKA,KCL 792C TOYOTA SIENTA,"THE VEHICLE LOST CONTROL,VEERED OFF THE ROAD AND ROLLED SEVERAL TIMES",MALE,A,26.0,DRIVER,1.0,2017-07-03 00:00:00,MERU,M,DRIVER,A,,ADULT,,07/03,2017,7,July,3,Monday,730,7.0,30.0,MORNING,26.0,DRIVER / CYCLIST BEHAVIOUR,KCL 792C TOYOTA SIENTA,False,False,False,False,False,False,True,False,False,True,False,False,False,
813,1100,MALABA,BUNGOMA,BUNGOMA-MALABA,IKAPOLOK,KAX 113V/ZC 5317 M/BENZ AND KMDZ 746Q TVS,THE VEHICLE HIT THE M/CYCLE,MALE,A,10.0,PASSENGER,1.0,2017-07-03 00:00:00,BUNGOMA,M,PASSENGER,A,,ADULT,,07/03,2017,7,July,3,Monday,1100,11.0,0.0,MORNING,10.0,DRIVER / CYCLIST BEHAVIOUR,KAX 113V/ZC 5317 M/BENZ AND KMDZ 746Q TVS,True,False,False,False,False,False,False,False,False,True,False,False,False,
806,430,RUIRU,KIAMBU,THIKA SUPER HIGHWAY,NEAR KU UNIVERSITY,KAC 775S T/ALLION & KMCW 475D BOXER,THE VEHICLE HIT THE M/CYCLE,MALE,48,29.0,MOTORCYCLIST,1.0,2017-07-04 00:00:00,KIAMBU,M,M/CYCLIST,48,48.0,NUMERIC AGE,45-54,07/04,2017,7,July,4,Tuesday,430,4.0,30.0,NIGHT,29.0,DRIVER / CYCLIST BEHAVIOUR,KAC 775S T/ALLION & KMCW 475D BOXER,True,False,False,False,False,False,True,False,False,True,False,False,False,
807,1030,KAKAMEGA,KAKAMEGA,KHAYEGA-SHINYALU,SHIHILU AREA,KCH 602U TOYOTA RACTIS,THE VEHICLE KNOCKED DOWN A VICTIM,MALE,32,7.0,PEDESTRIAN,1.0,2017-07-04 00:00:00,KAKAMEGA,M,PEDESTRIAN,32,32.0,NUMERIC AGE,25-34,07/04,2017,7,July,4,Tuesday,1030,10.0,30.0,MORNING,7.0,DRIVER / CYCLIST BEHAVIOUR,KCH 602U TOYOTA RACTIS,False,False,False,False,False,False,False,False,False,False,False,True,False,
808,2230,CHANGAMWE,MOMBASA,NAIROBI-MOMBASA,CHANGAMWE STAGE,KBD 939T/ZD 9020 NISSAN DIESEL TRAILER,THE VEHICLE KNOCKED DOWN A VICTIM,MALE,42,29.0,PEDESTRIAN,1.0,2017-07-04 00:00:00,MOMBASA,M,PEDESTRIAN,42,42.0,NUMERIC AGE,35-44,07/04,2017,7,July,4,Tuesday,2230,22.0,30.0,NIGHT,29.0,DRIVER / CYCLIST BEHAVIOUR,KBD 939T/ZD 9020 NISSAN DIESEL TRAILER,False,False,False,False,False,False,False,False,True,True,False,False,False,
809,2030,LIKONI,KILIFI,RAMISI-MSAMBWENI,MWISHO WA SHAMBA AREA,KCL 484Q T/VOXY & UNREGISTERED M/CYCLE,THE VEHICLE HIT THE M/CYCLE,MALE,19,98.0,MOTORCYCLIST,1.0,2017-07-04 00:00:00,KILIFI,M,M/CYCLIST,19,19.0,NUMERIC AGE,18-24,07/04,2017,7,July,4,Tuesday,2030,20.0,30.0,EVENING,98.0,CAUSE NOT TRACED,KCL 484Q T/VOXY & UNREGISTERED M/CYCLE,True,False,False,False,False,False,False,False,False,True,False,False,False,
801,2240,EMBAKASI,NAIROBI,NORTH AIRPORT ROAD,KOBIL,UNKNOWN,HIT AND RUN,MALE,A,98.0,PEDESTRIAN,1.0,2017-07-05 00:00:00,NAIROBI,M,PEDESTRIAN,A,,ADULT,,07/05,2017,7,July,5,Wednesday,2240,22.0,40.0,NIGHT,98.0,CAUSE NOT TRACED,UNKNOWN,False,False,False,False,False,False,False,True,False,True,False,False,False,
802,2240,NTULELE,NAROK,NAROK MAI MAHIU,DUKA MOJA,KBY 038A TOYOTA PRADO,THE VEHICLE KNOCKED DOWN A VICTIM,MALE,J,60.0,PEDESTRIAN,1.0,2017-07-05 00:00:00,NAROK,M,PEDESTRIAN,J,,JUVENILE,,07/05,2017,7,July,5,Wednesday,2240,22.0,40.0,NIGHT,60.0,PEDESTRIAN BEHAVIOUR,KBY 038A TOYOTA PRADO,False,False,False,False,False,False,True,False,False,True,False,False,False,
803,2300,GARISSA,GARISSA,MASALANI GARISSA,NANIGI,KAU 240N PRADO,THE VEHICLE LOST CONTROL AND ROLLED SEVERAL TIMES,MALE,A,26.0,DRIVER,1.0,2017-07-05 00:00:00,GARISSA,M,DRIVER,A,,ADULT,,07/05,2017,7,July,5,Wednesday,2300,23.0,0.0,NIGHT,26.0,DRIVER / CYCLIST BEHAVIOUR,KAU 240N PRADO,False,False,False,False,False,False,True,False,False,True,False,False,False,
804,2030,KISUMU,KISUMU,KISUMU NAIROBI,MOLEM,KCJ 720S MATATU,THE VEHICLE KNOCKED DOWN A VICTIM,MALE,A,10.0,PEDESTRIAN,1.0,2017-07-05 00:00:00,KISUMU,M,PEDESTRIAN,A,,ADULT,,07/05,2017,7,July,5,Wednesday,2030,20.0,30.0,EVENING,10.0,DRIVER / CYCLIST BEHAVIOUR,KCJ 720S MATATU,False,True,False,False,False,False,False,False,False,True,False,False,False,
805,1720,NYAHURURU,NYANDARUA,NYAHURURU DESTINATION,DESTINATION,KCG 133Y MAKE,THE VEHICLE KNOCKED DOWN A VICTIM,MALE,A,10.0,PEDESTRIAN,1.0,2017-07-05 00:00:00,NYANDARUA,M,PEDESTRIAN,A,,ADULT,,07/05,2017,7,July,5,Wednesday,1720,17.0,20.0,EVENING,10.0,DRIVER / CYCLIST BEHAVIOUR,KCG 133Y MAKE,False,False,False,False,False,False,False,False,False,False,False,True,False,
799,1800,BOMET,BOMET,BOMET-NAROK,KAPJAMES AREA,KCB 301V MITSUBISH CANTER,THE VEHICLE KNOCKED DOWN A VICTIM,FEMALE,25,68.0,PEDESTRIAN,1.0,2017-07-06 00:00:00,BOMET,F,PEDESTRIAN,25,25.0,NUMERIC AGE,25-34,07/06,2017,7,July,6,Thursday,1800,18.0,0.0,EVENING,68.0,PEDESTRIAN BEHAVIOUR,KCB 301V MITSUBISH CANTER,False,False,False,True,False,False,False,False,False,True,False,False,False,
800,1740,DIANI,KWALE,KOMBANI- KWALE,KOMBANI AREA,KCD 104Q NISSAN MATATU,THE VICTIM SLIPPED AND FELL OFF A MOVING VEHICLE,FEMALE,33,72.0,PASSENGER,1.0,2017-07-06 00:00:00,KWALE,F,PASSENGER,33,33.0,NUMERIC AGE,25-34,07/06,2017,7,July,6,Thursday,1740,17.0,40.0,EVENING,72.0,PASSENGER / ATTENDANT,KCD 104Q NISSAN MATATU,False,True,False,False,False,False,False,False,False,True,False,False,False,
794,1645,MACHAKOS,MACHAKOS,KAVIANI SAIKONI,DENMARK,KMCW 866P SKYGO,THE CYCLE KNOCKED DOWN THE VICTIM,FEMALE,3,10.0,PEDESTRIAN,1.0,2017-07-07 00:00:00,MACHAKOS,F,PEDESTRIAN,3,3.0,NUMERIC AGE,0-17,07/07,2017,7,July,7,Friday,1645,16.0,45.0,AFTERNOON,10.0,DRIVER / CYCLIST BEHAVIOUR,KMCW 866P SKYGO,True,False,False,False,False,False,False,False,False,True,False,False,False,
795,2000,MARIGAT,BARINGO,MARIGAT KABARNET,KIMAROK,KMDA 617Y BOXER & UNKNOWN VEHICLE,HIT AND RUN,MALE,A,98.0,MOTORCYCLIST,1.0,2017-07-07 00:00:00,BARINGO,M,M/CYCLIST,A,,ADULT,,07/07,2017,7,July,7,Friday,2000,20.0,0.0,EVENING,98.0,CAUSE NOT TRACED,KMDA 617Y BOXER & UNKNOWN VEHICLE,True,False,False,False,False,False,False,True,False,True,False,False,False,
796,1750,NAKURU,NAKURU,NAKURU ELDORET,EVEREADY,KMDE 684P SHINERAY AND KCE 829A ACTROSS,THE CYCLE RAMMED INTO THE VEHICLE,MALE,A,26.0,MOTORCYCLIST,1.0,2017-07-07 00:00:00,NAKURU,M,M/CYCLIST,A,,ADULT,,07/07,2017,7,July,7,Friday,1750,17.0,50.0,EVENING,26.0,DRIVER / CYCLIST BEHAVIOUR,KMDE 684P SHINERAY AND KCE 829A ACTROSS,False,False,False,True,False,False,False,False,False,True,False,False,False,
797,1230,MERU,MERU,MERU EMBU,MARIARA,KBX 682K TOYOTA MATATU,THE VEHICLE KNOCKED DOWN THE VICTIM,MALE,58,10.0,PEDESTRIAN,1.0,2017-07-07 00:00:00,MERU,M,PEDESTRIAN,58,58.0,NUMERIC AGE,55-64,07/07,2017,7,July,7,Friday,1230,12.0,30.0,AFTERNOON,10.0,DRIVER / CYCLIST BEHAVIOUR,KBX 682K TOYOTA MATATU,False,True,False,False,False,False,False,False,False,True,False,False,False,
798,700,MTITO ANDEI,MAKUENI,NAIRBI MOMBASA,MAN EATERS,KBP 906V MITSUBISHI FUSO AND KAD 578X MITSUBISHI FUSO,HEAD ON COLLISION,MALE,A,10.0,DRIVER,1.0,2017-07-07 00:00:00,MAKUENI,M,DRIVER,A,,ADULT,,07/07,2017,7,July,7,Friday,700,7.0,0.0,MORNING,10.0,DRIVER / CYCLIST BEHAVIOUR,KBP 906V MITSUBISHI FUSO AND KAD 578X MITSUBISHI FUSO,False,False,False,True,False,False,False,False,False,True,False,False,False,
783,700,STAREHE,NAIROBI,KIAMBU ROAD,NEAR MUTAIGA P/STATION,KBV 174D TOYOTA COROLLA,THE VEHICLE KNOCKED DOWN THE VICTIM,MALE,32,63.0,PEDESTRIAN,1.0,2017-07-08 00:00:00,NAIROBI,M,PEDESTRIAN,32,32.0,NUMERIC AGE,25-34,07/08,2017,7,July,8,Saturday,700,7.0,0.0,MORNING,63.0,PEDESTRIAN BEHAVIOUR,KBV 174D TOYOTA COROLLA,False,False,False,False,False,False,True,False,False,True,False,False,False,
784,400,NTULELE,NAROK,NAROK MAI MAHIU,DELLO HILL AREA,KBT 569P ISUZU & KCC 189P ASHOK LEYLAND TIPPER,THE ISUZU LOST CONTROLVEERED OFF THE ROAD AND HIT THE TIPPER AND THE VICTIM,MALE,32,29.0,PEDESTRIAN,1.0,2017-07-08 00:00:00,NAROK,M,PEDESTRIAN,32,32.0,NUMERIC AGE,25-34,07/08,2017,7,July,8,Saturday,400,4.0,0.0,NIGHT,29.0,DRIVER / CYCLIST BEHAVIOUR,KBT 569P ISUZU & KCC 189P ASHOK LEYLAND TIPPER,False,False,False,True,False,False,False,False,False,True,False,False,False,
785,1130,NAKURU,NAKURU,BISMAK MURRAM ROAD,RANGE VIEW AREA,KBJ 695B TOYOTA MATATU,THE VEHICLE KNOCKED DOWN THE VICTIM,UNKNOWN,2,98.0,PEDESTRIAN,1.0,2017-07-08 00:00:00,NAKURU,J,PEDESTRIAN,2,2.0,NUMERIC AGE,0-17,07/08,2017,7,July,8,Saturday,1130,11.0,30.0,MORNING,98.0,CAUSE NOT TRACED,KBJ 695B TOYOTA MATATU,False,True,False,False,False,False,False,False,False,True,False,False,False,
786,1730,MAKONGENI,NAIROBI,JOGOO ROAD,NEAR MOGAS PETROL STATION,KBP 438A ISUZU MINI BUS,THE VEHICLE KNOCKED DOWN THE VICTIM,MALE,A,98.0,PEDESTRIAN,1.0,2017-07-08 00:00:00,NAIROBI,M,PEDESTRIAN,A,,ADULT,,07/08,2017,7,July,8,Saturday,1730,17.0,30.0,EVENING,98.0,CAUSE NOT TRACED,KBP 438A ISUZU MINI BUS,False,False,True,False,False,False,False,False,False,True,False,False,False,
787,1900,OLKALAU,NYANDARUA,OLKALAU NYAHURURU,KIRIA AREA,KCA 701C TOYOTA ISIS & KMDT 852P SHINERY,HEAD ON COLLISION,MALE,A,37.0,MOTORCYCLIST,1.0,2017-07-08 00:00:00,NYANDARUA,M,M/CYCLIST,A,,ADULT,,07/08,2017,7,July,8,Saturday,1900,19.0,0.0,EVENING,37.0,DRIVER / CYCLIST BEHAVIOUR,KCA 701C TOYOTA ISIS & KMDT 852P SHINERY,False,False,False,False,False,False,True,False,False,True,False,False,False,
788,1940,SIAYA,SIAYA,KISUMU BONDO,KAUDHA AREA,KAH 811R M/BENZ,THE VEHICLE KNOCKED DOWN THE VICTIM,MALE,80,98.0,PEDAL CYCLIST,1.0,2017-07-08 00:00:00,SIAYA,M,P/CYCLIST,80,80.0,NUMERIC AGE,65+,07/08,2017,7,July,8,Saturday,1940,19.0,40.0,EVENING,98.0,CAUSE NOT TRACED,KAH 811R M/BENZ,False,False,False,False,False,False,False,False,False,False,False,True,False,
789,2030,NAIVASHA,NAKURU,NAIROBI NAKURU,MITHURI AREA,KCH 132E TOYOTA HIACE,THE VEHICLE KNOCKED DOWN THE VICTIM,FEMALE,50,63.0,PEDESTRIAN,1.0,2017-07-08 00:00:00,NAKURU,F,PEDESTRIAN,50,50.0,NUMERIC AGE,45-54,07/08,2017,7,July,8,Saturday,2030,20.0,30.0,EVENING,63.0,PEDESTRIAN BEHAVIOUR,KCH 132E TOYOTA HIACE,False,False,False,False,False,False,False,False,False,True,True,False,False,
790,2040,INDO AREA,NAIROBI,LUNGALUNGA ROAD,NEAR KENOLY FACTORY,UNKNOWN,HIT AND RUN,MALE,A,98.0,PEDESTRIAN,1.0,2017-07-08 00:00:00,NAIROBI,M,PEDESTRIAN,A,,ADULT,,07/08,2017,7,July,8,Saturday,2040,20.0,40.0,EVENING,98.0,CAUSE NOT TRACED,UNKNOWN,False,False,False,False,False,False,False,True,False,True,False,False,False,
791,2200,STAREHE,NAIROBI,OUTERING ROAD,NEAR KIAMAIKO,KAX 769P TATA LORRY,THE VEHICLE KNOCKED DOWN THE VICTIM,MALE,A,98.0,PEDESTRIAN,1.0,2017-07-08 00:00:00,NAIROBI,M,PEDESTRIAN,A,,ADULT,,07/08,2017,7,July,8,Saturday,2200,22.0,0.0,NIGHT,98.0,CAUSE NOT TRACED,KAX 769P TATA LORRY,False,False,False,True,False,False,False,False,False,True,False,False,False,
792,2330,OTHAYA,NYERI,OTHAYA NYERI,GURA BRIDGE,KBU 644L TOYOTA HILUX P/UP,THE VEHICLE LOST CONTROL VEERED OFF THE ROAD AND LANDED INTO THE RIVER,MALE,A,26.0,DRIVER,1.0,2017-07-08 00:00:00,NYERI,M,DRIVER,A,,ADULT,,07/08,2017,7,July,8,Saturday,2330,23.0,30.0,NIGHT,26.0,DRIVER / CYCLIST BEHAVIOUR,KBU 644L TOYOTA HILUX P/UP,False,False,False,False,True,False,False,False,False,True,False,False,False,
793,2330,OTHAYA,NYERI,OTHAYA NYERI,GURA BRIDGE,KBU 644L TOYOTA HILUX P/UP,THE VEHICLE LOST CONTROL VEERED OFF THE ROAD AND LANDED INTO THE RIVER,MALE,A,26.0,PASSENGER,1.0,2017-07-08 00:00:00,NYERI,M,PASSENGER,A,,ADULT,,07/08,2017,7,July,8,Saturday,2330,23.0,30.0,NIGHT,26.0,DRIVER / CYCLIST BEHAVIOUR,KBU 644L TOYOTA HILUX P/UP,False,False,False,False,True,False,False,False,False,True,False,False,False,
774,2120,KISUMU,KISUMU,KISUMU NAIROBI,KASAGAM,KBM 558F TOYOTA MATATU AND GKB 347R LAND CRUISER,THE CRUISER HIT THE MATATU,MALE,A,26.0,PASSENGER,1.0,2017-07-09 00:00:00,KISUMU,M,PASSENGER,A,,ADULT,,07/09,2017,7,July,9,Sunday,2120,21.0,20.0,NIGHT,26.0,DRIVER / CYCLIST BEHAVIOUR,KBM 558F TOYOTA MATATU AND GKB 347R LAND CRUISER,False,True,False,False,False,False,True,False,False,True,False,False,False,
775,1120,MAKINDU,MAKUENI,NAIROBI MOMBASA,NDOGOTE,KBC 367S TOYOTA COROLLA AND KBE 431Y/ZC 4131 MERCEDES BENZ,HEAD ON COLLISION,MALE,A,10.0,DRIVER,1.0,2017-07-09 00:00:00,MAKUENI,M,DRIVER,A,,ADULT,,07/09,2017,7,July,9,Sunday,1120,11.0,20.0,MORNING,10.0,DRIVER / CYCLIST BEHAVIOUR,KBC 367S TOYOTA COROLLA AND KBE 431Y/ZC 4131 MERCEDES BENZ,False,False,False,False,False,False,True,False,False,True,False,False,False,
776,2155,DAGORETTI,NAIROBI,WAIYAKI WAY,N MARKET,KBE 040P SCANIA BUS,THE VEHICLE KNOCKED DOWN THE VICTIM,MALE,49,7.0,PEDESTRIAN,1.0,2017-07-09 00:00:00,NAIROBI,M,PEDESTRIAN,49,49.0,NUMERIC AGE,45-54,07/09,2017,7,July,9,Sunday,2155,21.0,55.0,NIGHT,7.0,DRIVER / CYCLIST BEHAVIOUR,KBE 040P SCANIA BUS,False,False,True,False,False,False,False,False,False,True,False,False,False,
777,2145,DAGORETTI,NAIROBI,WAIYAKI WAY,WARUGU,KBN 333C MERCEDES BENZ,THE VEHICLE KNOCKED DOWN THE VICTIM,MALE,A,7.0,PEDESTRIAN,1.0,2017-07-09 00:00:00,NAIROBI,M,PEDESTRIAN,A,,ADULT,,07/09,2017,7,July,9,Sunday,2145,21.0,45.0,NIGHT,7.0,DRIVER / CYCLIST BEHAVIOUR,KBN 333C MERCEDES BENZ,False,False,False,False,False,False,False,False,False,False,False,True,False,
778,1800,KAPENGURIA,WEST POKOT,MAKUTANO LODWAR,BENDERA,KCK 004Q LORRY AND KMDZ 656F BOXER,THE VEHICLE HIT THE MOTOR CYCLE,MALE,A,10.0,MOTORCYCLIST,1.0,2017-07-09 00:00:00,WEST POKOT,M,M/CYCLIST,A,,ADULT,,07/09,2017,7,July,9,Sunday,1800,18.0,0.0,EVENING,10.0,DRIVER / CYCLIST BEHAVIOUR,KCK 004Q LORRY AND KMDZ 656F BOXER,True,False,False,True,False,False,False,False,False,True,False,False,False,
779,1730,NYERI,NYERI,MUGANI MURIGURU,KAGUMO RIVER BRIDGE,KAP 630Y TOYOTA COROLLA,THE VEHICLE LOST CONTROL AND THE VICTIM DIED ON THE SPOT,MALE,34,26.0,DRIVER,1.0,2017-07-09 00:00:00,NYERI,M,DRIVER,34,34.0,NUMERIC AGE,25-34,07/09,2017,7,July,9,Sunday,1730,17.0,30.0,EVENING,26.0,DRIVER / CYCLIST BEHAVIOUR,KAP 630Y TOYOTA COROLLA,False,False,False,False,False,False,True,False,False,True,False,False,False,
780,1730,OTHAYA,NYERI,OTHAYA KARIMA,OTHAYA TOWN,KMSB 993K MAKE TIGER,THE CYCLE LOST CONTROL AND VEERED OFF THE ROAD HITTING A CULVERT,MALE,A,26.0,MOTORCYCLIST,1.0,2017-07-09 00:00:00,NYERI,M,M/CYCLIST,A,,ADULT,,07/09,2017,7,July,9,Sunday,1730,17.0,30.0,EVENING,26.0,DRIVER / CYCLIST BEHAVIOUR,KMSB 993K MAKE TIGER,False,False,False,False,False,False,False,False,False,False,False,True,False,
781,800,EMBU,EMBU,KATHENGE SIAKAGO,SIAKAGO,KCK 029C ISUZU LORRY,THE VEHICLE KNOCKED DOWN THE VICTIM,MALE,J,7.0,PEDESTRIAN,1.0,2017-07-09 00:00:00,EMBU,M,PEDESTRIAN,J,,JUVENILE,,07/09,2017,7,July,9,Sunday,800,8.0,0.0,MORNING,7.0,DRIVER / CYCLIST BEHAVIOUR,KCK 029C ISUZU LORRY,False,False,False,True,False,False,False,False,False,True,False,False,False,
782,1350,LANGATA,NAIROBI,SOUTHERN BY PASS,KIBERA,UNKNOWN,HIT AND RUN,MALE,A,98.0,PEDESTRIAN,1.0,2017-07-09 00:00:00,NAIROBI,M,PEDESTRIAN,A,,ADULT,,07/09,2017,7,July,9,Sunday,1350,13.0,50.0,AFTERNOON,98.0,CAUSE NOT TRACED,UNKNOWN,False,False,False,False,False,False,False,True,False,True,False,False,False,
771,1000,KABRAS,KAKAMEGA,KAKAMEGA-WEBUYE,MATSAKHA AREA,KAL 326L T/G-TOURING & KMED 965G SKYGO,THE VEHICLE KNOCKED DOWN THE M/CYCLE,MALE,44,29.0,MOTORCYCLIST,1.0,2017-07-10 00:00:00,KAKAMEGA,M,M/CYCLIST,44,44.0,NUMERIC AGE,35-44,07/10,2017,7,July,10,Monday,1000,10.0,0.0,MORNING,29.0,DRIVER / CYCLIST BEHAVIOUR,KAL 326L T/G-TOURING & KMED 965G SKYGO,True,False,False,False,False,False,False,False,False,True,False,False,False,
772,2100,KIAMBU,KIAMBU,KIAMBU-RUIRU,NEAR KIU RIVER,KBK 873D TOYOTA MATATU,THE VEHICLE KNOCKED DOWN A VICTIM,MALE,A,7.0,PEDESTRIAN,1.0,2017-07-10 00:00:00,KIAMBU,M,PEDESTRIAN,A,,ADULT,,07/10,2017,7,July,10,Monday,2100,21.0,0.0,NIGHT,7.0,DRIVER / CYCLIST BEHAVIOUR,KBK 873D TOYOTA MATATU,False,True,False,False,False,False,False,False,False,True,False,False,False,
773,2030,BUSIA,BUSIA,KISUMU-BUSIA,MATAYOS AREA,KCK 136C ISUZU LORRY & KMCT 222R BOXER,THE VEHICLE COLLIDED HEAD ON WITH THE M/CYCLE,MALE,26,39.0,MOTORCYCLIST,1.0,2017-07-10 00:00:00,BUSIA,M,M/CYCLIST,26,26.0,NUMERIC AGE,25-34,07/10,2017,7,July,10,Monday,2030,20.0,30.0,EVENING,39.0,DRIVER / CYCLIST BEHAVIOUR,KCK 136C ISUZU LORRY & KMCT 222R BOXER,True,False,False,True,False,False,False,False,False,True,False,False,False,
764,600,KAYOLE,NAIROBI,KANGUNDO ROAD,NEAR SHELL PETROL STATION,KBP MITSUBISH CANTER,THE VEHICLE KNOCKED DOWN A VICTIM,FEMALE,20,60.0,PEDESTRIAN,1.0,2017-07-12 00:00:00,NAIROBI,F,PEDESTRIAN,20,20.0,NUMERIC AGE,18-24,07/12,2017,7,July,12,Wednesday,600,6.0,0.0,MORNING,60.0,PEDESTRIAN BEHAVIOUR,KBP MITSUBISH CANTER,False,False,False,True,False,False,False,False,False,True,False,False,False,
765,1400,GARISSA,GARISSA,GARISSA-KISMAIYO,NEAR SALAMA BAKARY,"KBM 112K T/WISH,KTWB 408J BAJAJ &KMDN 693U",THE VEHICLE KNOCKED THE TUKTUK AND COLLIDED WITH M/CYCLE,MALE,36,7.0,MOTORCYCLIST,1.0,2017-07-12 00:00:00,GARISSA,M,M/CYCLIST,36,36.0,NUMERIC AGE,35-44,07/12,2017,7,July,12,Wednesday,1400,14.0,0.0,AFTERNOON,7.0,DRIVER / CYCLIST BEHAVIOUR,"KBM 112K T/WISH,KTWB 408J BAJAJ &KMDN 693U",True,False,False,False,False,False,True,False,False,True,False,False,False,
766,1520,KAKAMEGA,KAKAMEGA,SISOTE-DOROFU MURRAM ROAD,MATOYI STREAM,KBU 240C/ZC 5232 FORD HOLLAND TRACTOR,THE VICTIM WAS OVER RAN BY THE VEHICLE,MALE,26,70.0,PASSENGER,1.0,2017-07-12 00:00:00,KAKAMEGA,M,PASSENGER,26,26.0,NUMERIC AGE,25-34,07/12,2017,7,July,12,Wednesday,1520,15.0,20.0,AFTERNOON,70.0,PASSENGER / ATTENDANT,KBU 240C/ZC 5232 FORD HOLLAND TRACTOR,False,False,False,False,False,True,False,False,False,True,False,False,False,
767,2130,NAKURU,NAKURU,NAIROBI-NAKURU,FREE AREA,KBS 733N/ZE 2798 ACTROS TRAILER,THE VEHICLE KNOCKED DOWN A VICTIM,FEMALE,A,60.0,PEDESTRIAN,1.0,2017-07-12 00:00:00,NAKURU,F,PEDESTRIAN,A,,ADULT,,07/12,2017,7,July,12,Wednesday,2130,21.0,30.0,NIGHT,60.0,PEDESTRIAN BEHAVIOUR,KBS 733N/ZE 2798 ACTROS TRAILER,False,False,False,True,False,False,False,False,True,True,False,False,False,
768,2330,UKUNDA,KWALE,MSAMBWENI-LUNGALUNGA,LUNGALUNGA AREA,KCB 161G NISSAN UD BUS & KBW 042F NISSAN VAN,THE VEHICLES COLLIDED HEAD ON,MALE,36,26.0,PASSENGER,1.0,2017-07-12 00:00:00,KWALE,M,PASSENGER,36,36.0,NUMERIC AGE,35-44,07/12,2017,7,July,12,Wednesday,2330,23.0,30.0,NIGHT,26.0,DRIVER / CYCLIST BEHAVIOUR,KCB 161G NISSAN UD BUS & KBW 042F NISSAN VAN,False,False,True,False,False,False,False,False,False,True,True,False,False,
769,2345,KITUI,KITUI,KITUI-KANYONYO,KANYONYO AREA,KBX 087A T/MATATU,THE VEHICLE KNOCKED DOWN A VICTIM,MALE,30,61.0,PEDESTRIAN,1.0,2017-07-12 00:00:00,KITUI,M,PEDESTRIAN,30,30.0,NUMERIC AGE,25-34,07/12,2017,7,July,12,Wednesday,2345,23.0,45.0,NIGHT,61.0,PEDESTRIAN BEHAVIOUR,KBX 087A T/MATATU,False,True,False,False,False,False,False,False,False,True,False,False,False,
770,20,ATHI RIVER,MACHAKOS,NAIROBI-MOMBASA,GREENPARK AREA,KCK 401A T/SIENTA & KCD 723Y MITSUBISH CANTER,THE VEHICLES COLLIDED HEAD ON,MALE,25,8.0,DRIVER,1.0,2017-07-12 00:00:00,MACHAKOS,M,DRIVER,25,25.0,NUMERIC AGE,25-34,07/12,2017,7,July,12,Wednesday,20,0.0,20.0,NIGHT,8.0,DRIVER / CYCLIST BEHAVIOUR,KCK 401A T/SIENTA & KCD 723Y MITSUBISH CANTER,False,False,False,True,False,False,True,False,False,True,False,False,False,
762,2140,WEBUYE,BUNGOMA,ELDORET BUNGOMA,FLYOVER,KAV 877Y MITSUBISHI LORRY,THE VEHICLE KNOCKED DOWN A VICTIM,MALE,A,68.0,PEDESTRIAN,1.0,2017-07-13 00:00:00,BUNGOMA,M,PEDESTRIAN,A,,ADULT,,7/13,2017,7,July,13,Thursday,2140,21.0,40.0,NIGHT,68.0,PEDESTRIAN BEHAVIOUR,KAV 877Y MITSUBISHI LORRY,False,False,False,True,False,False,False,False,False,True,False,False,False,
763,100,MTITO ANDEI,MAKUENI,NAIROBI MOMBASA,KYULU,"KCL 440M ACROS,KAW 743K",THE VEHICLE COLLIDED WITH THE OTHER VEHICLE,MALE,A,26.0,DRIVER,1.0,2017-07-13 00:00:00,MAKUENI,M,DRIVER,A,,ADULT,,7/13,2017,7,July,13,Thursday,100,1.0,0.0,NIGHT,26.0,DRIVER / CYCLIST BEHAVIOUR,"KCL 440M ACROS,KAW 743K",False,False,False,False,False,False,False,False,False,False,False,True,False,
755,1030,NAIVASHA,NAKURU,NAIROBI NAKURU,PANDA AREA,KCE 880H NISSAN DUALIS & KMCC 745D SKYO,THE VEHICLE KNOCKED DOWN A VICTIM,MALE,40,10.0,MOTORCYCLIST,1.0,2017-07-14 00:00:00,NAKURU,M,M/CYCLIST,40,40.0,NUMERIC AGE,35-44,7/14,2017,7,July,14,Friday,1030,10.0,30.0,MORNING,10.0,DRIVER / CYCLIST BEHAVIOUR,KCE 880H NISSAN DUALIS & KMCC 745D SKYO,False,False,False,False,False,False,False,False,False,False,False,True,False,
756,1300,LIKONI,KILIFI,LIKONI UKUNDA,KIWERERA AREA,KTWB 541J PIAGGIO,THE VEHICLE KNOCKED DOWN A VICTIM,MALE,55,7.0,PEDESTRIAN,1.0,2017-07-14 00:00:00,KILIFI,M,PEDESTRIAN,55,55.0,NUMERIC AGE,55-64,7/14,2017,7,July,14,Friday,1300,13.0,0.0,AFTERNOON,7.0,DRIVER / CYCLIST BEHAVIOUR,KTWB 541J PIAGGIO,False,False,False,False,False,False,False,False,False,False,False,True,False,
757,1600,KISII,KISII,KISII KISUMU,NYAKOE AREA,KBT 332C TOYOTA PRADO,THE VEHICLE KNOCKED DOWN A VICTIM AND ROLLED,MALE,J,26.0,PEDESTRIAN,1.0,2017-07-14 00:00:00,KISII,M,PEDESTRIAN,J,,JUVENILE,,7/14,2017,7,July,14,Friday,1600,16.0,0.0,AFTERNOON,26.0,DRIVER / CYCLIST BEHAVIOUR,KBT 332C TOYOTA PRADO,False,False,False,False,False,False,True,False,False,True,False,False,False,
758,1600,KISII,KISII,KISII KISUMU,NYAKOE AREA,KBT 332C TOYOTA PRADO,THE VEHICLE KNOCKED DOWN A VICTIM AND ROLLED,MALE,A,26.0,PASSENGER,2.0,2017-07-14 00:00:00,KISII,M,PASSENGER,A,,ADULT,,7/14,2017,7,July,14,Friday,1600,16.0,0.0,AFTERNOON,26.0,DRIVER / CYCLIST BEHAVIOUR,KBT 332C TOYOTA PRADO,False,False,False,False,False,False,True,False,False,True,False,False,False,
759,1945,CHANGAMWE,MOMBASA,NAIROBI MOMBASA,NEAR MAGONGO NIGHT CLUB,KCE 561Y/ZD 1607 MAN TRAILER & KMDU 448S YAMAHA,THE VEHICLE KNOCKED DOWN THE VICTIM,MALE,23,10.0,PILLION PASSENGER,1.0,2017-07-14 00:00:00,MOMBASA,M,P/PASSENGER,23,23.0,NUMERIC AGE,18-24,7/14,2017,7,July,14,Friday,1945,19.0,45.0,EVENING,10.0,DRIVER / CYCLIST BEHAVIOUR,KCE 561Y/ZD 1607 MAN TRAILER & KMDU 448S YAMAHA,True,False,False,False,False,False,False,False,True,True,False,False,False,
760,1830,MATUU,MACHAKOS,MATUU MWINGI,KAVENGE AREA,KCG 893B TOYOTA SUCCEED,THE VEHICLE GOT A TYRE BURST AND ROLLED,MALE,65,79.0,PASSENGER,1.0,2017-07-14 00:00:00,MACHAKOS,M,PASSENGER,65,65.0,NUMERIC AGE,65+,7/14,2017,7,July,14,Friday,1830,18.0,30.0,EVENING,79.0,VEHICLE DEFECT,KCG 893B TOYOTA SUCCEED,False,False,False,False,False,False,True,False,False,True,False,False,False,
761,200,DAGORETTI,NAIROBI,WAIYAKI WAY,SODOM AREA,KCL 640B PEGEOUT,THE VEHICLE KNOCKED DOWN THE VICTIM,MALE,51,98.0,PEDESTRIAN,1.0,2017-07-14 00:00:00,NAIROBI,M,PEDESTRIAN,51,51.0,NUMERIC AGE,45-54,7/14,2017,7,July,14,Friday,200,2.0,0.0,NIGHT,98.0,CAUSE NOT TRACED,KCL 640B PEGEOUT,False,False,False,False,False,False,False,False,False,False,False,True,False,
750,1130,KAKAMEGA,KAKAMEGA,KAKAMEGA KISUMU,NEAR MUKUMU BOYS,KCA 884N/ZE 8132 ACTROS TRAILER & KMCH 608Y TVS STAR,THE VEHICLE KNOCKED DOWN THE VICTIM,MALE,40,22.0,MOTORCYCLIST,1.0,2017-07-15 00:00:00,KAKAMEGA,M,M/CYCLIST,40,40.0,NUMERIC AGE,35-44,7/15,2017,7,July,15,Saturday,1130,11.0,30.0,MORNING,22.0,DRIVER / CYCLIST BEHAVIOUR,KCA 884N/ZE 8132 ACTROS TRAILER & KMCH 608Y TVS STAR,True,False,False,True,False,False,False,False,True,True,False,False,False,
751,1530,GARISSA,GARISSA,GARISSA MWINGI,NEAR MADOGO POLICE STATION,KBY 271K TOYOTA P/UP,THE VEHICLE LOST CONTROL VEERED OFF AND ROLLED SEVERAL TIMES,MALE,25,98.0,PASSENGER,1.0,2017-07-15 00:00:00,GARISSA,M,PASSENGER,25,25.0,NUMERIC AGE,25-34,7/15,2017,7,July,15,Saturday,1530,15.0,30.0,AFTERNOON,98.0,CAUSE NOT TRACED,KBY 271K TOYOTA P/UP,False,False,False,False,True,False,False,False,False,True,False,False,False,
752,1700,KAYOLE,NAIROBI,KANGUNDO ROAD,NEAR SHUJAA SHOPPING CENTRE,KCC 016P LEYALND LORRY,THE VEHICLE KNOCKED DOWN THE VICTIM,MALE,A,98.0,PEDESTRIAN,1.0,2017-07-15 00:00:00,NAIROBI,M,PEDESTRIAN,A,,ADULT,,7/15,2017,7,July,15,Saturday,1700,17.0,0.0,EVENING,98.0,CAUSE NOT TRACED,KCC 016P LEYALND LORRY,False,False,False,True,False,False,False,False,False,True,False,False,False,
753,1730,CENTRAL,NAIROBI,UHURU HIGHWAY,OPPOSITE PARLIAMENT BUILDING,KCA 113G M/BENZ,THE VEHICLE KNOCKED DOWN THE VICTIM,MALE,36,63.0,PEDESTRIAN,1.0,2017-07-15 00:00:00,NAIROBI,M,PEDESTRIAN,36,36.0,NUMERIC AGE,35-44,7/15,2017,7,July,15,Saturday,1730,17.0,30.0,EVENING,63.0,PEDESTRIAN BEHAVIOUR,KCA 113G M/BENZ,False,False,False,False,False,False,False,False,False,False,False,True,False,
754,2000,KAJIADO,KAJIADO,KAJIADO ISINYA,NEAR CHINA TILES FACTORY,T259CNS SUZUKI VITARA,THE VEHICLE KNOCKED DOWN THE VICTIM,MALE,A,98.0,PEDESTRIAN,1.0,2017-07-15 00:00:00,KAJIADO,M,PEDESTRIAN,A,,ADULT,,7/15,2017,7,July,15,Saturday,2000,20.0,0.0,EVENING,98.0,CAUSE NOT TRACED,T259CNS SUZUKI VITARA,False,False,False,False,False,False,False,False,False,False,False,True,False,
741,400,SULTAN HAMUD,MAKUENI,MOMBASA NAIROBI,EMALI TOWN,KBE 276G TOYOTA FIELDER,THE VEHICLE KNOCKED DOWN THE VICTIM,MALE,32,98.0,PEDAL CYCLIST,1.0,2017-07-16 00:00:00,MAKUENI,M,P/CYCLIST,32,32.0,NUMERIC AGE,25-34,7/16,2017,7,July,16,Sunday,400,4.0,0.0,NIGHT,98.0,CAUSE NOT TRACED,KBE 276G TOYOTA FIELDER,False,False,False,False,False,False,True,False,False,True,False,False,False,
742,1730,KERICHO,KERICHO,KERICHO NAKURU,CHAGAIK AREA,KCJ 983W TOYOTA SUCCEED & KMDD 745C RIFAN,THE VEHICLE KNOCKED DOWN THE VICTIM,FEMALE,A,98.0,PILLION PASSENGER,1.0,2017-07-16 00:00:00,KERICHO,F,P/PASSENGER,A,,ADULT,,7/16,2017,7,July,16,Sunday,1730,17.0,30.0,EVENING,98.0,CAUSE NOT TRACED,KCJ 983W TOYOTA SUCCEED & KMDD 745C RIFAN,False,False,False,False,False,False,True,False,False,True,False,False,False,
743,1900,LARI,KIAMBU,NAIROBI NAIVASHA,RAKUMA AREA,UNKNOWN,HIT AND RUN,MALE,26,60.0,PEDESTRIAN,1.0,2017-07-16 00:00:00,KIAMBU,M,PEDESTRIAN,26,26.0,NUMERIC AGE,25-34,7/16,2017,7,July,16,Sunday,1900,19.0,0.0,EVENING,60.0,PEDESTRIAN BEHAVIOUR,UNKNOWN,False,False,False,False,False,False,False,True,False,True,False,False,False,
744,2020,NYERI,NYERI,NYERI MATHARI,HIGHLANDS AREA,KMDY 585T HERO,THE VEHICLE KNOCKED DOWN THE VICTIM,MALE,57,98.0,PEDESTRIAN,1.0,2017-07-16 00:00:00,NYERI,M,PEDESTRIAN,57,57.0,NUMERIC AGE,55-64,7/16,2017,7,July,16,Sunday,2020,20.0,20.0,EVENING,98.0,CAUSE NOT TRACED,KMDY 585T HERO,False,False,False,False,False,False,False,False,False,False,False,True,False,
745,2345,GARISSA,GARISSA,GARISSA MWINGI,MADOGO AREA,KBV 922T V/WAGEN GOLF,THE VEHICLE LOST CONTROL AND PLUGGED INTO TANA RIVER,MALE,A,98.0,PASSENGER,1.0,2017-07-16 00:00:00,GARISSA,M,PASSENGER,A,,ADULT,,7/16,2017,7,July,16,Sunday,2345,23.0,45.0,NIGHT,98.0,CAUSE NOT TRACED,KBV 922T V/WAGEN GOLF,False,False,False,False,False,False,False,False,False,False,False,True,False,
746,2130,MUMIAS,KAKAMEGA,MUMIAS KAKAMEGA,MAKUNGA AREA,UNKNOWN,HIT AND RUN,FEMALE,A,98.0,PEDESTRIAN,1.0,2017-07-16 00:00:00,KAKAMEGA,F,PEDESTRIAN,A,,ADULT,,7/16,2017,7,July,16,Sunday,2130,21.0,30.0,NIGHT,98.0,CAUSE NOT TRACED,UNKNOWN,False,False,False,False,False,False,False,True,False,True,False,False,False,
747,2100,BUSIA,BUSIA,BUTULA MUMIAS,TINGOLO AREA,KBA 189B TOYOTA TOWNACE & KMDX 304F BOXER,HEAD ON COLLISION,MALE,A,79.0,MOTORCYCLIST,1.0,2017-07-16 00:00:00,BUSIA,M,M/CYCLIST,A,,ADULT,,7/16,2017,7,July,16,Sunday,2100,21.0,0.0,NIGHT,79.0,VEHICLE DEFECT,KBA 189B TOYOTA TOWNACE & KMDX 304F BOXER,True,False,False,False,False,False,False,False,False,True,True,False,False,
748,2100,BUSIA,BUSIA,BUTULA MUMIAS,TINGOLO AREA,KBA 189B TOYOTA TOWNACE & KMDX 304F BOXER,HEAD ON COLLISION,MALE,A,79.0,PILLION PASSENGER,1.0,2017-07-16 00:00:00,BUSIA,M,P/PASENGER,A,,ADULT,,7/16,2017,7,July,16,Sunday,2100,21.0,0.0,NIGHT,79.0,VEHICLE DEFECT,KBA 189B TOYOTA TOWNACE & KMDX 304F BOXER,True,False,False,False,False,False,False,False,False,True,True,False,False,
749,30,EMBAKASI,NAIROBI,MOMBASA ROAD,IMARA DAIMA AREA,KBS 702E V/WAGEN,THE VEHICLE KNOCKED DOWN THE VICTIM,MALE,A,98.0,PEDESTRIAN,1.0,2017-07-16 00:00:00,NAIROBI,M,PEDESTRIAN,A,,ADULT,,7/16,2017,7,July,16,Sunday,30,0.0,30.0,NIGHT,98.0,CAUSE NOT TRACED,KBS 702E V/WAGEN,False,False,False,False,False,False,False,False,False,False,False,True,False,
733,2050,KEIYO,ELGEYO MARAKWET,ITEN ELDORET,MOROARIA,KBY 627R TOYOTA HILUX,THE VEHICLE KNOCKED DOWN THE VICTIM,FEMALE,27,61.0,PEDESTRIAN,1.0,2017-07-19 00:00:00,ELGEYO MARAKWET,F,PEDESTRIAN,27,27.0,NUMERIC AGE,25-34,7/19,2017,7,July,19,Wednesday,2050,20.0,50.0,EVENING,61.0,PEDESTRIAN BEHAVIOUR,KBY 627R TOYOTA HILUX,False,False,False,False,True,False,False,False,False,True,False,False,False,
734,2000,GIGIRI,NAIROBI,GETA ROAD,MWAMUTO,KBR 020D ISUZU MINIBUS,THE VICTIM JUMPED OUT OF THE VEHICLE AND WAS RAN OVER,FEMALE,A,73.0,PASSENGER,1.0,2017-07-19 00:00:00,NAIROBI,F,PASSENGER,A,,ADULT,,7/19,2017,7,July,19,Wednesday,2000,20.0,0.0,EVENING,73.0,PASSENGER / ATTENDANT,KBR 020D ISUZU MINIBUS,False,False,False,False,False,False,False,False,False,False,False,True,False,
735,2030,KAPSABET,NANDI,ELDORET KAPSABET,KOSIRAI,KBV 335Y NISSAN VANETTE,THE VEHICLE KNOCKED DOWN THE VICTIM,MALE,A,10.0,PEDESTRIAN,1.0,2017-07-19 00:00:00,NANDI,M,PEDESTRIAN,A,,ADULT,,7/19,2017,7,July,19,Wednesday,2030,20.0,30.0,EVENING,10.0,DRIVER / CYCLIST BEHAVIOUR,KBV 335Y NISSAN VANETTE,False,False,False,False,False,False,False,False,False,False,False,True,False,
736,1830,DAGORETI,NAIROBI,WAIYAKI WAY,UTHIRU,KBM 823C NISSAN MATATU,TH VEHICLE KNOCKED DOWN THE VICTIM,MALE,A,7.0,PEDESTRIAN,1.0,2017-07-19 00:00:00,NAIROBI,M,PEDESTRIAN,A,,ADULT,,7/19,2017,7,July,19,Wednesday,1830,18.0,30.0,EVENING,7.0,DRIVER / CYCLIST BEHAVIOUR,KBM 823C NISSAN MATATU,False,True,False,False,False,False,False,False,False,True,False,False,False,
737,1600,ATHI RIVER,MACHAKOS,NAIROBI MOMBASA,SIMBA CEMENT,KCL 573Y/ZF 6874 FAW,THE VEHICLE KNOCKED DOWN THE VICTIM,MALE,A,98.0,PEDESTRIAN,1.0,2017-07-19 00:00:00,MACHAKOS,M,PEDESTRIAN,A,,ADULT,,7/19,2017,7,July,19,Wednesday,1600,16.0,0.0,AFTERNOON,98.0,CAUSE NOT TRACED,KCL 573Y/ZF 6874 FAW,False,False,False,False,False,False,False,False,False,False,False,True,False,
738,1500,BONDO,SIAYA,BONDO USENGE,GOT MATAR,KCF 278S ISUZU FRR & MOTOR CYCLE,HEAD ON COLLISION,MALE,A,10.0,MOTORCYCLIST,1.0,2017-07-19 00:00:00,SIAYA,M,M/CYCLIST,A,,ADULT,,7/19,2017,7,July,19,Wednesday,1500,15.0,0.0,AFTERNOON,10.0,DRIVER / CYCLIST BEHAVIOUR,KCF 278S ISUZU FRR & MOTOR CYCLE,True,False,False,False,False,False,False,False,False,True,False,False,False,
739,1500,BONDO,SIAYA,BONDO USENGE,GOT MATAR,KCF 278S ISUZU FRR & MOTOR CYCLE,HEAD ON COLLISION,MALE,A,10.0,PILLION PASSENGER,1.0,2017-07-19 00:00:00,SIAYA,M,P/PASSENGER,A,,ADULT,,7/19,2017,7,July,19,Wednesday,1500,15.0,0.0,AFTERNOON,10.0,DRIVER / CYCLIST BEHAVIOUR,KCF 278S ISUZU FRR & MOTOR CYCLE,True,False,False,False,False,False,False,False,False,True,False,False,False,
740,1600,KEROKA,KISII,KISII KEROKA,NYAKEROMO,KCH 988Z TOYOTA MATATU,THE VEHICLE KNOCKED DOWN THE VICTIM,MALE,J,7.0,PEDESTRIAN,1.0,2017-07-19 00:00:00,KISII,M,PEDESTRIAN,J,,JUVENILE,,7/19,2017,7,July,19,Wednesday,1600,16.0,0.0,AFTERNOON,7.0,DRIVER / CYCLIST BEHAVIOUR,KCH 988Z TOYOTA MATATU,False,True,False,False,False,False,False,False,False,True,False,False,False,
724,2300,KITUI,KITUI,KITUI-KABATI,KATHIVO,BICYCLE,THE UNKNOWN M/V HIT THE PEDAL CYCLE,MALE,A,98.0,PEDAL CYCLIST,1.0,2017-07-21 00:00:00,KITUI,M,P/CYCLIST,A,,ADULT,,7/21,2017,7,July,21,Friday,2300,23.0,0.0,NIGHT,98.0,CAUSE NOT TRACED,BICYCLE,False,False,False,False,False,False,False,False,False,False,False,True,False,
725,2330,ATHI RIVER,MACHAKOS,MOMBASA -NAIROBIU,MLOLONGO,KCA 754X SUZUKI SWIFT,THE VEHICLE KNOCKED DOWN THE VICTIM,MALE,A,29.0,PEDESTRIAN,1.0,2017-07-21 00:00:00,MACHAKOS,M,PEDESTRIAN,A,,ADULT,,7/21,2017,7,July,21,Friday,2330,23.0,30.0,NIGHT,29.0,DRIVER / CYCLIST BEHAVIOUR,KCA 754X SUZUKI SWIFT,False,False,False,False,False,False,False,False,False,False,False,True,False,
726,215,SALGAA,NAKURU,NAKURU-ELDORET,NAKURU TEACHERS COLLEGE,KBJ 007H TOYOTA ALLION & TRAILER,HEAD ON COLLISION,MALE,A,10.0,DRIVER & PASSENGER,2.0,2017-07-21 00:00:00,NAKURU,M,DRIVER & PASSENGER,A,,ADULT,,7/21,2017,7,July,21,Friday,215,2.0,15.0,NIGHT,10.0,DRIVER / CYCLIST BEHAVIOUR,KBJ 007H TOYOTA ALLION & TRAILER,False,False,False,False,False,False,True,False,True,True,False,False,False,
727,2100,KAJIADO,KAJIADO,NAMANGA-NAIROBI,DOLEGESHI,"T934CMS TOYOTA SPACIO, KCF 188R MITSUBISHI CANTER & KCJ 968H TOWNACE",THE VEHICLE HIT THE CANTER,MALE,A,10.0,DRIVER,1.0,2017-07-21 00:00:00,KAJIADO,M,DRIVER,A,,ADULT,,7/21,2017,7,July,21,Friday,2100,21.0,0.0,NIGHT,10.0,DRIVER / CYCLIST BEHAVIOUR,"T934CMS TOYOTA SPACIO, KCF 188R MITSUBISHI CANTER & KCJ 968H TOWNACE",False,False,False,True,False,False,False,False,False,True,True,False,False,
728,1800,KIRITIRI,EMBU,KIVAA-KIRITIRI,KIRITIRI,KBL 392Z TOYOTA PROBOX,THE VEHICLE KNOCKED DOWN THE VICTIM,MALE,J,10.0,PEDESTRIAN,1.0,2017-07-21 00:00:00,EMBU,M,PEDESTRIAN,J,,JUVENILE,,7/21,2017,7,July,21,Friday,1800,18.0,0.0,EVENING,10.0,DRIVER / CYCLIST BEHAVIOUR,KBL 392Z TOYOTA PROBOX,False,False,False,False,False,False,True,False,False,True,False,False,False,
729,2030,RUIRU,KIAMBU,THIKA SUPERHIGH WAY,WAKI STAGE,KBX 398S TOYOTA HIACE,THE VEHICLE HIT ANOTHER M/V,MALE,A,60.0,PASSENGER,1.0,2017-07-21 00:00:00,KIAMBU,M,PASSENGER,A,,ADULT,,7/21,2017,7,July,21,Friday,2030,20.0,30.0,EVENING,60.0,PEDESTRIAN BEHAVIOUR,KBX 398S TOYOTA HIACE,False,False,False,False,False,False,False,False,False,True,True,False,False,
730,1800,MWINGI,KITUI,MWINGI-KYUSO,MUUNGU,KCJ 291M TOYOTA PROBOX,THE VEHICLE KNOCKED DOWN THE VICTIM,MALE,A,98.0,PEDAL CYCLIST,1.0,2017-07-21 00:00:00,KITUI,M,P/CYCLIST,A,,ADULT,,7/21,2017,7,July,21,Friday,1800,18.0,0.0,EVENING,98.0,CAUSE NOT TRACED,KCJ 291M TOYOTA PROBOX,False,False,False,False,False,False,True,False,False,True,False,False,False,
731,1830,MUTHANGARI,NAIROBI,NAIVASHA ROAD,TRITON,KBY 638K ISUZU BUS,THE PEDESTRIAN FELL DOWN WHILE HE WAS TRYING TO BOARD THE BUS,MALE,A,72.0,PEDESTRIAN,1.0,2017-07-21 00:00:00,NAIROBI,M,PEDESTRIAN,A,,ADULT,,7/21,2017,7,July,21,Friday,1830,18.0,30.0,EVENING,72.0,PASSENGER / ATTENDANT,KBY 638K ISUZU BUS,False,False,True,False,False,False,False,False,False,True,False,False,False,
732,1050,KITUI,KITUI,KITUI-MACHAKOS,KAVINDANI,KBW 718W TOYOTA PROBOX,THE VEHICLE HIT ANOTHER M/V,MALE,A,98.0,DRIVER,1.0,2017-07-21 00:00:00,KITUI,M,DRIVER,A,,ADULT,,7/21,2017,7,July,21,Friday,1050,10.0,50.0,MORNING,98.0,CAUSE NOT TRACED,KBW 718W TOYOTA PROBOX,False,False,False,False,False,False,True,False,False,True,False,False,False,
718,800,BOMET,BOMET,BOMET KAPLONG,NEAR BOMET TOWN,UNKNOWN,HIT AND RUN,MALE,48,98.0,PEDESTRIAN,1.0,2017-07-22 00:00:00,BOMET,M,PEDESTRIAN,48,48.0,NUMERIC AGE,45-54,7/22,2017,7,July,22,Saturday,800,8.0,0.0,MORNING,98.0,CAUSE NOT TRACED,UNKNOWN,False,False,False,False,False,False,False,True,False,True,False,False,False,
719,1815,NYAMIRA,NYAMIRA,NYAMIRA KISII,RIAMARANGA AREA,KBH 134M TOYOTA NADIA,THE VEHICLE KNOCKED DOWN THE VICTIM,MALE,7,29.0,PEDESTRIAN,1.0,2017-07-22 00:00:00,NYAMIRA,M,PEDESTRIAN,7,7.0,NUMERIC AGE,0-17,7/22,2017,7,July,22,Saturday,1815,18.0,15.0,EVENING,29.0,DRIVER / CYCLIST BEHAVIOUR,KBH 134M TOYOTA NADIA,False,False,False,False,False,False,False,False,False,False,False,True,False,
720,2030,MAKINDU,MAKUENI,MOMBASA NAIROBI,MAKINDU TOWN BRIDGE,KMCN 050S SKYGO & P/CYCLIST,THE CYCLE RAMMED INTO THE P/CYCLIST,MALE,43,36.0,MOTORCYCLIST,1.0,2017-07-22 00:00:00,MAKUENI,M,M/CYCLIST,43,43.0,NUMERIC AGE,35-44,7/22,2017,7,July,22,Saturday,2030,20.0,30.0,EVENING,36.0,DRIVER / CYCLIST BEHAVIOUR,KMCN 050S SKYGO & P/CYCLIST,True,False,False,False,False,False,False,False,False,True,False,False,False,
721,1930,VIHIGA,VIHIGA,CHAVAKALI KAPSABET,JEPTULU TRADING CENTRE,KBV 072X SCANIA BUS & UNKNOWN M/CYCLE,THE VICTIM JUMPED FROM THE MOVING CYCLE AND WAS OVERAN BY THE VEHICLE,FEMALE,13,71.0,PILLION PASSENGER,1.0,2017-07-22 00:00:00,VIHIGA,F,P/PASSENGER,13,13.0,NUMERIC AGE,0-17,7/22,2017,7,July,22,Saturday,1930,19.0,30.0,EVENING,71.0,PASSENGER / ATTENDANT,KBV 072X SCANIA BUS & UNKNOWN M/CYCLE,True,False,True,False,False,False,False,True,False,True,False,False,False,
722,2230,BONDO,HOMA BAY,BONDO AGIGO,AGIGO AREA,KMDU 117D BOXER,THE CYCLE LOST CONTROL AND VEERED OFF THE ROAD AND LANDED INTO A DITCH,MALE,33,29.0,MOTORCYCLIST,1.0,2017-07-22 00:00:00,HOMA BAY,M,M/CYCLIST,33,33.0,NUMERIC AGE,25-34,7/22,2017,7,July,22,Saturday,2230,22.0,30.0,NIGHT,29.0,DRIVER / CYCLIST BEHAVIOUR,KMDU 117D BOXER,True,False,False,False,False,False,False,False,False,True,False,False,False,
723,2230,NYERI,NYERI,NYERI TETU,KAGUNDUNI AREA,UNKNOWN M/V & KMCZ 899B,HEAD ON COLLISION,MALE,45,98.0,PILLION PASSENGER,1.0,2017-07-22 00:00:00,NYERI,M,P/PASSENGER,45,45.0,NUMERIC AGE,45-54,7/22,2017,7,July,22,Saturday,2230,22.0,30.0,NIGHT,98.0,CAUSE NOT TRACED,UNKNOWN M/V & KMCZ 899B,False,False,False,False,False,False,False,True,False,True,False,False,False,
709,UNKNOWN,SULTAN HAMUD,MAKUENI,MOMBASA NAIROBI,HOLY GHOST HIGH SCHOOL,KBL 876F/ZD 4373 M/BENZ ACTROSS,THE VEHICLE LOST CONTROL AND LANDED INTO A DITCH,MALE,A,11.0,DRIVER,1.0,2017-07-24 00:00:00,MAKUENI,M,DRIVER,A,,ADULT,,7/24,2017,7,July,24,Monday,UNKNOWN,,,UNKNOWN,11.0,DRIVER / CYCLIST BEHAVIOUR,KBL 876F/ZD 4373 M/BENZ ACTROSS,False,False,False,True,False,False,False,False,False,True,False,False,False,
710,UNKNOWN,SULTAN HAMUD,MAKUENI,MOMBASA NAIROBI,HOLY GHOST HIGH SCHOOL,KBL 876F/ZD 4373 M/BENZ ACTROSS,THE VEHICLE LOST CONTROL AND LANDED INTO A DITCH,FEMALE,A,11.0,PASSENGER,1.0,2017-07-24 00:00:00,MAKUENI,F,PASSENGER,A,,ADULT,,7/24,2017,7,July,24,Monday,UNKNOWN,,,UNKNOWN,11.0,DRIVER / CYCLIST BEHAVIOUR,KBL 876F/ZD 4373 M/BENZ ACTROSS,False,False,False,True,False,False,False,False,False,True,False,False,False,
711,600,MAUA,MERU,MAUA KIUTUNI,KWA NJIRU STAGE,KCH 169S & KMDF 598G MAKE TIGER,THE VEHICLE LOST CONTROL AND HIT THE M/CYCLIST,MALE,30,26.0,MOTORCYCLIST,1.0,2017-07-24 00:00:00,MERU,M,M/CYCLIST,30,30.0,NUMERIC AGE,25-34,7/24,2017,7,July,24,Monday,600,6.0,0.0,MORNING,26.0,DRIVER / CYCLIST BEHAVIOUR,KCH 169S & KMDF 598G MAKE TIGER,False,False,False,False,False,False,False,False,False,False,False,True,False,
712,1730,KISII,KISII,KISII MIGORI,DARAJA MBILI AREA,KBQ 419C SCANIA BUS & KBW 286H ISUZU CANTER & KMDA 105W,THE BUS LOT CONTROL DUE TO BRAKE FAILURE AND RAMMED INTO THE CANTER WHICH HIT THE M/CYCLE,MALE,A,78.0,MOTORCYCLIST,1.0,2017-07-24 00:00:00,KISII,M,M/CYCLIST,A,,ADULT,,7/24,2017,7,July,24,Monday,1730,17.0,30.0,EVENING,78.0,VEHICLE DEFECT,KBQ 419C SCANIA BUS & KBW 286H ISUZU CANTER & KMDA 105W,False,False,True,True,False,False,False,False,False,True,False,False,False,
713,1530,KAKAMEGA,KAKAMEGA,SIGALAGALA BUTERE,BUSHANGALA AREA,GKB 363E T/L/CRUISER & KMDL 532D M/CYCLE,THE VEHICLE KNOCKED DOWN THE VICTIM,MALE,69,25.0,PILLION PASSENGER,1.0,2017-07-24 00:00:00,KAKAMEGA,M,P/PASSENGER,69,69.0,NUMERIC AGE,65+,7/24,2017,7,July,24,Monday,1530,15.0,30.0,AFTERNOON,25.0,DRIVER / CYCLIST BEHAVIOUR,GKB 363E T/L/CRUISER & KMDL 532D M/CYCLE,True,False,False,False,False,False,True,False,False,True,False,False,False,
714,830,SAGANA SUB BASE,KIRINYAGA,MAKUTANO SAGANA,KWA V AREA,KAZ 784M N/SALOON,THE VEHICLE KNOCKED DOWN THE VICTIM,FEMALE,45,,PEDESTRIAN,1.0,2017-07-24 00:00:00,KIRINYAGA,F,PEDESTRIAN,45,45.0,NUMERIC AGE,45-54,7/24,2017,7,July,24,Monday,830,8.0,30.0,MORNING,,NOT RECORDED,KAZ 784M N/SALOON,False,False,False,False,False,False,True,False,False,True,False,False,False,
715,2000,AHERO,KISUMU,AWASI KERICHO,PALA AREA,KAZ 142A T/DUET & KCG 375Y,HEAD ON COLLISION,MALE,A,37.0,DRIVER,1.0,2017-07-24 00:00:00,KISUMU,M,DRIVER,A,,ADULT,,7/24,2017,7,July,24,Monday,2000,20.0,0.0,EVENING,37.0,DRIVER / CYCLIST BEHAVIOUR,KAZ 142A T/DUET & KCG 375Y,False,False,False,False,False,False,False,False,False,False,False,True,False,
716,UNKNOWN,NYAHURURU,NYANDARUA,OLKALAU NYAHURURU,NYAKARIANGA AREA,UNKNOWN,HIT AND RUN,MALE,A,38.0,PEDESTRIAN,1.0,2017-07-24 00:00:00,NYANDARUA,M,PEDESTRIAN,A,,ADULT,,7/24,2017,7,July,24,Monday,UNKNOWN,,,UNKNOWN,38.0,DRIVER / CYCLIST BEHAVIOUR,UNKNOWN,False,False,False,False,False,False,False,True,False,True,False,False,False,
717,230,KITIRIRI,EMBU,KAMURUGU IRIAMURAI,KAMTUA,KMDX 465W SKYGO M/CYCLE,THE CYCLE LOST CONTROL AND LANDED INTO THE DITCH,MALE,40,,DRIVER,1.0,2017-07-24 00:00:00,EMBU,M,DRIVER,40,40.0,NUMERIC AGE,35-44,7/24,2017,7,July,24,Monday,230,2.0,30.0,NIGHT,,NOT RECORDED,KMDX 465W SKYGO M/CYCLE,True,False,False,False,False,False,False,False,False,True,False,False,False,
702,730,MTITO ANDEI,MAKUENI,NAIROBI-MOMBASA,KYULU AREA,KBZ 281B MITSUBISHI FH & KBQ 917K/ZC 6082 FAW TRAILER,HEAD ON COLLISION,MALE,33,10.0,DRIVER,1.0,2017-07-25 00:00:00,MAKUENI,M,DRIVER,33,33.0,NUMERIC AGE,25-34,7/25,2017,7,July,25,Tuesday,730,7.0,30.0,MORNING,10.0,DRIVER / CYCLIST BEHAVIOUR,KBZ 281B MITSUBISHI FH & KBQ 917K/ZC 6082 FAW TRAILER,False,False,False,False,False,False,False,False,True,True,False,False,False,
703,1540,TURBO,KAKAMEGA,ELDORET-WEBUYE,MABANGA,KAK 882T/ZB 6337 M/BENZTRAILER & UAQ 977N /UAQ 722C TANKER,HEAD ON COLLISION,MALE,33,26.0,PASSENGER,1.0,2017-07-25 00:00:00,KAKAMEGA,M,PASSENGER,33,33.0,NUMERIC AGE,25-34,7/25,2017,7,July,25,Tuesday,1540,15.0,40.0,AFTERNOON,26.0,DRIVER / CYCLIST BEHAVIOUR,KAK 882T/ZB 6337 M/BENZTRAILER & UAQ 977N /UAQ 722C TANKER,False,False,False,False,False,False,False,False,True,True,False,False,False,
704,1445,NYERI,NYERI,NYAHURURU-MWEIGA,NEAR KIMATHI UNIVERSITY,"KBQ 014P ISUZU CANTER, KAJ 785Z TOYOTA SALOON, KAU 558M TOYOTA COROLLA & KCJ 254S T/LCRUISER",HEAD ON COLLISION,MIXED,A,66.0,DRIVER & PASSENGER,4.0,2017-07-25 00:00:00,NYERI,M & F,2 DRIVER & 2 PASSENGER,A,,ADULT,,7/25,2017,7,July,25,Tuesday,1445,14.0,45.0,AFTERNOON,66.0,PEDESTRIAN BEHAVIOUR,"KBQ 014P ISUZU CANTER, KAJ 785Z TOYOTA SALOON, KAU 558M TOYOTA COROLLA & KCJ 254S T/LCRUISER",False,False,False,True,False,False,True,False,False,True,False,False,False,
705,1710,MAKONGENI,NAIROBI,FIRST AVENUE,NEAR HESHIMA JUNCTION,KAR 128J TOYOTA MATATU,THE VEHICLE KNOCKED DOWN THE VICTIM,FEMALE,25,68.0,PEDESTRIAN,1.0,2017-07-25 00:00:00,NAIROBI,F,PEDESTRIAN,25,25.0,NUMERIC AGE,25-34,7/25,2017,7,July,25,Tuesday,1710,17.0,10.0,EVENING,68.0,PEDESTRIAN BEHAVIOUR,KAR 128J TOYOTA MATATU,False,True,False,False,False,False,False,False,False,True,False,False,False,
706,1830,EMBU,EMBU,EMBU-KIBUKU,NDUNDA AREA,KCJ 804W TOYOTA PROBOX,"THE VEHICLE LOST CONTROL, VEERING OFF THE ROAD AND HIT A CALVERT",FEMALE,4,26.0,PASSENGER,1.0,2017-07-25 00:00:00,EMBU,F,PASSENGER,4,4.0,NUMERIC AGE,0-17,7/25,2017,7,July,25,Tuesday,1830,18.0,30.0,EVENING,26.0,DRIVER / CYCLIST BEHAVIOUR,KCJ 804W TOYOTA PROBOX,False,False,False,False,False,False,True,False,False,True,False,False,False,
707,2200,KISUMU,KISUMU,KISUMU-BUSIA,MOLASSES PLANT AREA,KBW 510P ISUZU BUS & KMEA 050T BAJAJ BOXER,HEAD ON COLLISION,MALE,A,39.0,MOTORCYCLIST,1.0,2017-07-25 00:00:00,KISUMU,M,M/CYCLIST,A,,ADULT,,7/25,2017,7,July,25,Tuesday,2200,22.0,0.0,NIGHT,39.0,DRIVER / CYCLIST BEHAVIOUR,KBW 510P ISUZU BUS & KMEA 050T BAJAJ BOXER,True,False,True,False,False,False,False,False,False,True,False,False,False,
708,230,OTHAYA,NYERI,IRINDI-GATUGI,NEAR IRINDI PRIMARY SCHOOL,KMCA 456U KINGBIRD,"THE M/CYCLE LOST CONTROL, VEERING OFF THE ROAD AND HIT A CALVERT",MALE,32,26.0,MOTORCYCLIST,1.0,2017-07-25 00:00:00,NYERI,M,M/CYCLIST,32,32.0,NUMERIC AGE,25-34,7/25,2017,7,July,25,Tuesday,230,2.0,30.0,NIGHT,26.0,DRIVER / CYCLIST BEHAVIOUR,KMCA 456U KINGBIRD,False,False,False,False,False,False,False,False,False,False,False,True,False,
697,700,KITALE,TRANS NZOIA,KITALE ELDORET,SIYENGA AREA,KCC 945W MITSUBISHI TANKER & KMDH 259P HONDA,THE VEHICLE COLLIDED HEAD ON WITH MOTOR CYCLE,MALE,52,10.0,MOTORCYCLIST,1.0,2017-07-26 00:00:00,TRAN NZOIA,M,M/CYCLIST,52,52.0,NUMERIC AGE,45-54,7/26,2017,7,July,26,Wednesday,700,7.0,0.0,MORNING,10.0,DRIVER / CYCLIST BEHAVIOUR,KCC 945W MITSUBISHI TANKER & KMDH 259P HONDA,False,False,False,False,False,False,False,False,True,True,False,False,False,
698,1100,GIGIRI,NAIROBI,FIRST PARKLANDS AVENUE,AVENUE HOSPITAL,KBD 938P M/BENZ LORRY,THE VEHICLE KNOCKED DOWN THE VICTIM,MALE,A,,PEDESTRIAN,2.0,2017-07-26 00:00:00,NAIROBI,M,PEDESTRIAN,A,,ADULT,,7/26,2017,7,July,26,Wednesday,1100,11.0,0.0,MORNING,,NOT RECORDED,KBD 938P M/BENZ LORRY,False,False,False,True,False,False,False,False,False,True,False,False,False,
699,1130,KEROKA,NYAMIRA,KEROKA SOTIK,KIJAURI TRADING CENTRE,KBJ 478H T/HIACE & KMCM 439M,THE VEHICLE KNOCKED DOWN THE VICTIM,MALE,23,52.0,MOTORCYCLIST,1.0,2017-07-26 00:00:00,NYAMIRA,M,M/CYCLIST,23,23.0,NUMERIC AGE,18-24,7/26,2017,7,July,26,Wednesday,1130,11.0,30.0,MORNING,52.0,DRIVER / CYCLIST BEHAVIOUR,KBJ 478H T/HIACE & KMCM 439M,False,False,False,False,False,False,False,False,False,True,True,False,False,
700,1810,BURUBURU,NAIROBI,OUTERING ROAD,DONHOLM SHELL PETROL STATION,KCB 215U T/HIACE,THE VEHICLE KNOCKED DOWN THE VICTIM,MALE,45,,PEDESTRIAN,1.0,2017-07-26 00:00:00,NAIROBI,M,PEDESTRIAN,45,45.0,NUMERIC AGE,45-54,7/26,2017,7,July,26,Wednesday,1810,18.0,10.0,EVENING,,NOT RECORDED,KCB 215U T/HIACE,False,False,False,False,False,False,False,False,False,True,True,False,False,
701,2050,MTITO ANDEI,MAKUENI,NAIROBI MOMBASA ROAD,TALEH HOTEL,KBU 627F T/CRUISER,THE VEHICLE KNOCKED DOWN THE VICTIM,MALE,31,60.0,PEDESTRIAN,1.0,2017-07-26 00:00:00,MAKUENI,M,PEDESTRIAN,31,31.0,NUMERIC AGE,25-34,7/26,2017,7,July,26,Wednesday,2050,20.0,50.0,EVENING,60.0,PEDESTRIAN BEHAVIOUR,KBU 627F T/CRUISER,False,False,False,False,False,False,False,False,False,False,False,True,False,
687,630,KERICHO,KERICHO,KERICHO-KISUMU,KIPSITET AREA,KBB 178K/ZC 9861 M/BENZ TAILER,THE TRAILER BREAK FAILED AND LOST CONTROL VEERING OFF THE ROAD AND OVERTURNED,MALE,A,78.0,DRIVER & PASSENGER,2.0,2017-07-27 00:00:00,KERICHO,M,DRIVER & PASSENGER,A,,ADULT,,7/27,2017,7,July,27,Thursday,630,6.0,30.0,MORNING,78.0,VEHICLE DEFECT,KBB 178K/ZC 9861 M/BENZ TAILER,False,False,False,False,False,False,False,False,False,False,False,True,False,
688,530,TIMBOROA,BARINGO,NAKURU - ELDORET,HILL TOP AREA,KBT 126T SCANIA BUS & KBK 893E ACTROS,THE BUS RAMMED INTO THE RARE PART OF THE TRAILER,MIXED,A&J,98.0,PASSENGER,8.0,2017-07-27 00:00:00,BARINGO,M&F,PASSENGERS,A&J,,ADULT & JUVENILE,,7/27,2017,7,July,27,Thursday,530,5.0,30.0,MORNING,98.0,CAUSE NOT TRACED,KBT 126T SCANIA BUS & KBK 893E ACTROS,False,False,True,True,False,False,False,False,False,True,False,False,False,
689,1500,INDO AREA,NAIROBI,ENTERPRISE ROAD,NEAR KARATASI INDUSTRY,KAG 921R MITSUBISHI LORRY,"THE LORRY LOST CONTROL, VEERING OFF THE ROAD AND ROLLED",MALE,A,98.0,DRIVER,1.0,2017-07-27 00:00:00,NAIROBI,M,DRIVER,A,,ADULT,,7/27,2017,7,July,27,Thursday,1500,15.0,0.0,AFTERNOON,98.0,CAUSE NOT TRACED,KAG 921R MITSUBISHI LORRY,False,False,False,True,False,False,False,False,False,True,False,False,False,
690,1500,CHANGAMWE,MOMBASA,NAIROBI-MOMBASA,BAHATI AREA,KJU 765 FIAT LORRY,THE LORRY OVERAN A PEDESTRIAN WHO TRIED TO STEAL A RIDE,MALE,30,72.0,PEDESTRIAN,1.0,2017-07-27 00:00:00,MOMBASA,M,PEDESTRIAN,30,30.0,NUMERIC AGE,25-34,7/27,2017,7,July,27,Thursday,1500,15.0,0.0,AFTERNOON,72.0,PASSENGER / ATTENDANT,KJU 765 FIAT LORRY,False,False,False,True,False,False,False,False,False,True,False,False,False,
691,1520,KISII,KISII,KISII-KILGORIS,KIOGORO AREA,"KBN 617C T/PROBOX ,KCD 290D T/MATATU & KMDB 316A TVS",THE PROBOX BREAKS FAILED LOST CONTROL HITTING THE MATATU AND THE MATATU COLLIDED WITH THE M/CYCLE,MALE,A,78.0,PASSENGER & PILLION PASSENGER,3.0,2017-07-27 00:00:00,KISII,M,2 PASSENGERS & P/PASSENGER,A,,ADULT,,7/27,2017,7,July,27,Thursday,1520,15.0,20.0,AFTERNOON,78.0,VEHICLE DEFECT,"KBN 617C T/PROBOX ,KCD 290D T/MATATU & KMDB 316A TVS",True,True,False,False,False,False,True,False,False,True,False,False,False,
692,1500,MAUA,MERU,MAUA-KIENGU,NEAR FARM AREA,KMDH 793Z CAPTAIN & KMDY 556Q DAYUN,THE M/CYCLE OVERAN THE OTHER ONE WHICH FELL DOWN,MALE,A,39.0,MOTORCYCLIST,1.0,2017-07-27 00:00:00,MERU,M,M/CYCLIST,A,,ADULT,,7/27,2017,7,July,27,Thursday,1500,15.0,0.0,AFTERNOON,39.0,DRIVER / CYCLIST BEHAVIOUR,KMDH 793Z CAPTAIN & KMDY 556Q DAYUN,True,False,False,False,False,False,False,False,False,True,False,False,False,
693,1130,CENTRAL,NAIROBI,KENYATTA AVENUE,NEAR SHELL PETROL STATION,KCL 661J L/ROVER,THE VEHICLE KNOCKED DOWN THE VICTIM,MALE,45,98.0,PEDESTRIAN,1.0,2017-07-27 00:00:00,NAIROBI,M,PEDESTRIAN,45,45.0,NUMERIC AGE,45-54,7/27,2017,7,July,27,Thursday,1130,11.0,30.0,MORNING,98.0,CAUSE NOT TRACED,KCL 661J L/ROVER,False,False,False,False,False,False,False,False,False,False,False,True,False,
694,1840,KONDELE,KISUMU,KAKAMEGA-KISUMU,RIAT AREA,KBZ 763G T/MATATU AND UNKNOWN M/CYCLE,THE MATATU OVERAN TWO P/PASSENGERS WHO FELL FROM THE M/CYCLE,MALE,A,39.0,PILLION PASSENGER,2.0,2017-07-27 00:00:00,KISUMU,M,P/PASSENGERS,A,,ADULT,,7/27,2017,7,July,27,Thursday,1840,18.0,40.0,EVENING,39.0,DRIVER / CYCLIST BEHAVIOUR,KBZ 763G T/MATATU AND UNKNOWN M/CYCLE,True,True,False,False,False,False,False,True,False,True,False,False,False,
695,2245,NYAMIRA,NYAMIRA,MOGOMBO-KEMERA,TOMBE AREA,KBS 432X T/SALOON,THE VEHICLE LOST CONTROL VEERING OFF THE ROAD AND KNOCKED DOWN THE VICTIM,MALE,A,26.0,PEDESTRIAN,1.0,2017-07-27 00:00:00,NYAMIRA,M,PEDESTRIAN,A,,ADULT,,7/27,2017,7,July,27,Thursday,2245,22.0,45.0,NIGHT,26.0,DRIVER / CYCLIST BEHAVIOUR,KBS 432X T/SALOON,False,False,False,False,False,False,True,False,False,True,False,False,False,
696,240,SALGAA,NAKURU,NAURU-ELDORET,MUKINYAI AREA,KBJ 771J MITSUBISHI FH & UAZ 971Y/ZE 5278 M/BENZ TRAILER,THE FH RAMMED INTO THE REAR OF THE TRAILER,MALE,A,17.0,PASSENGER,1.0,2017-07-27 00:00:00,NAKURU,M,PASSENGER,A,,ADULT,,7/27,2017,7,July,27,Thursday,240,2.0,40.0,NIGHT,17.0,DRIVER / CYCLIST BEHAVIOUR,KBJ 771J MITSUBISHI FH & UAZ 971Y/ZE 5278 M/BENZ TRAILER,False,False,False,False,False,False,False,False,True,True,False,False,False,
682,630,KIKUYU,KIAMBU,KIKUYU-WANGIGE ROAD,GITARU SLIP,KAA 405Y M/CANTER & KBG 358N T/MATATU,THE CANTER BRAKES FAILED AND HIT THE MATATU,MALE,A,68.0,PASSENGER,1.0,2017-07-28 00:00:00,KIAMBU,M,PASSENGER,A,,ADULT,,7/28,2017,7,July,28,Friday,630,6.0,30.0,MORNING,68.0,PEDESTRIAN BEHAVIOUR,KAA 405Y M/CANTER & KBG 358N T/MATATU,False,True,False,True,False,False,False,False,False,True,False,False,False,
683,20,DAGORETTI,NAIROBI,KABIRIA ROAD,SATELITE,UAQ 390S T/SPACIO & KMDT 901N,HEAD ON COLLISION,MALE,28,8.0,MOTORCYCLIST,1.0,2017-07-28 00:00:00,NAIROBI,M,M/CYCLIST,28,28.0,NUMERIC AGE,25-34,7/28,2017,7,July,28,Friday,20,0.0,20.0,NIGHT,8.0,DRIVER / CYCLIST BEHAVIOUR,UAQ 390S T/SPACIO & KMDT 901N,False,False,False,False,False,False,False,False,False,False,False,True,False,
684,1050,BARINGO,BARINGO,ITEN-KARBANET,AINAMOI,KBN 702G T/PROBOX,THE VEHICLE KNOCKED DOWN THE VICTIM,FEMALE,J,7.0,PEDESTRIAN,1.0,2017-07-28 00:00:00,BARINGO,F,PEDESTRIAN,J,,JUVENILE,,7/28,2017,7,July,28,Friday,1050,10.0,50.0,MORNING,7.0,DRIVER / CYCLIST BEHAVIOUR,KBN 702G T/PROBOX,False,False,False,False,False,False,True,False,False,True,False,False,False,
685,1200,NTULELE,NAROK,NAROK-MAHIMAHIU,MALTAURO,KCG 803T N/MATATU & KCE 885Z TATA LORRY,THE LORRY LOST CONTROL AND HIT THE MATATU,FEMALE,A,26.0,PASSENGER,5.0,2017-07-28 00:00:00,NAROK,F,PASSENGERS,A,,ADULT,,7/28,2017,7,July,28,Friday,1200,12.0,0.0,AFTERNOON,26.0,DRIVER / CYCLIST BEHAVIOUR,KCG 803T N/MATATU & KCE 885Z TATA LORRY,False,True,False,True,False,False,False,False,False,True,False,False,False,
686,1750,THIKA BASE,KIAMBU,NGOIGWA-THIKA ROAD,THIKA FLY OVER,KAX 366P TATA LORRY & KMEE 316M,THE M/CYCLE RAMMED INTO THE RARE OF THE LORRY,MALE,A,10.0,MOTORCYCLIST,1.0,2017-07-28 00:00:00,KIAMBU,M,M/CYCLIST,A,,ADULT,,7/28,2017,7,July,28,Friday,1750,17.0,50.0,EVENING,10.0,DRIVER / CYCLIST BEHAVIOUR,KAX 366P TATA LORRY & KMEE 316M,False,False,False,True,False,False,False,False,False,True,False,False,False,
673,600,KAYOLE,NAIROBI,SPINE ROAD,KAYOLE JUNCTION,KAX 096K NISSAN MATATU & KMDY 096Y HONDA,THE VEHICLE COLLIDED HEAD ON WITH THE MOTOR CYCLE,MALE,A,29.0,MOTORCYCLIST,1.0,2017-07-29 00:00:00,NAIROBI,M,M/CYCLIST,A,,ADULT,,7/29,2017,7,July,29,Saturday,600,6.0,0.0,MORNING,29.0,DRIVER / CYCLIST BEHAVIOUR,KAX 096K NISSAN MATATU & KMDY 096Y HONDA,False,True,False,False,False,False,False,False,False,True,False,False,False,
674,1400,KERICHO,KERICHO,KERICHO-LONDAINI,CHEPSIR AREA,KBY 939F ISUZU &KCG 343Y MITSUBISH FH TANKER,THEVEHICLE WAS ON A HILL AND STARTED MOVING BACKWARD AND HIT THE TANKER,MALE,31,81.0,DRIVER,1.0,2017-07-29 00:00:00,KERICHO,M,DRIVER,31,31.0,NUMERIC AGE,25-34,7/29,2017,7,July,29,Saturday,1400,14.0,0.0,AFTERNOON,81.0,VEHICLE DEFECT,KBY 939F ISUZU &KCG 343Y MITSUBISH FH TANKER,False,False,False,False,False,False,False,False,True,True,False,False,False,
675,1730,CHUKA,MERU,CHOGORIA-MERU,MARA RIVER BRIGDGE,KBX 937H/ZE 5581 &UNKNOWN M/CYCLE,THE VEHICLE COLLIDED HEAD ON WITH THE MOTOR CYCLE,MALE,42,98.0,MOTORCYCLIST,1.0,2017-07-29 00:00:00,MERU,M,M/CYCLIST,42,42.0,NUMERIC AGE,35-44,7/29,2017,7,July,29,Saturday,1730,17.0,30.0,EVENING,98.0,CAUSE NOT TRACED,KBX 937H/ZE 5581 &UNKNOWN M/CYCLE,True,False,False,False,False,False,False,True,False,True,False,False,False,
676,1900,LONDIANI,KERICHO,KERICHO-LONDIANI,KEDOWA AREA,KCH 153B/ZF 5207M/BENZ TRAILER,THE VEHICLE LOST CONTOL AND VEERED OFF THE ROAD,MALE,A,26.0,PASSENGER,2.0,2017-07-29 00:00:00,KERICHO,M,PASSENGER,A,,ADULT,,7/29,2017,7,July,29,Saturday,1900,19.0,0.0,EVENING,26.0,DRIVER / CYCLIST BEHAVIOUR,KCH 153B/ZF 5207M/BENZ TRAILER,False,False,False,False,False,False,False,False,True,True,False,False,False,
677,1845,KARATINA,NYERI,KERUGOYA-KARATINA,KARATINA AREA,KCE 325Q T/MATATU & KMDB 952H CAPTAIN,THE VEHICLE COLLIDED HEAD ON WITH THE MOTOR CYCLE,MALE,25,10.0,MOTORCYCLIST,1.0,2017-07-29 00:00:00,NYERI,M,M/CYCLIST,25,25.0,NUMERIC AGE,25-34,7/29,2017,7,July,29,Saturday,1845,18.0,45.0,EVENING,10.0,DRIVER / CYCLIST BEHAVIOUR,KCE 325Q T/MATATU & KMDB 952H CAPTAIN,False,True,False,False,False,False,False,False,False,True,False,False,False,
678,1900,NAKURU,NAKURU,NAKURU-NAIROBI,FREE AREA,GKB 813D FORD RANGER,THE VEHICLE KNOCKED DOWN A VICTIM,MALE,A,90.0,PEDESTRIAN,1.0,2017-07-29 00:00:00,NAKURU,M,PEDSTIRAN,A,,ADULT,,7/29,2017,7,July,29,Saturday,1900,19.0,0.0,EVENING,90.0,ROAD CONDITION,GKB 813D FORD RANGER,False,False,False,False,False,False,False,False,False,False,False,True,False,
679,1830,MIGORI,MIGORI,OGWEDHI-OYANI MASAI MURRAM RD,TITINA AREA,KMCN 544N TVS STAR & KCK 396Y & MITSUBISH TANKER,THE VEHICLE KNOCKED THE M/CYCLE,MALE,A,98.0,PILLION PASSENGER,1.0,2017-07-29 00:00:00,MIGORI,M,P/PASSENGER,A,,ADULT,,7/29,2017,7,July,29,Saturday,1830,18.0,30.0,EVENING,98.0,CAUSE NOT TRACED,KMCN 544N TVS STAR & KCK 396Y & MITSUBISH TANKER,True,False,False,False,False,False,False,False,True,True,False,False,False,
680,2050,RUIRU,KIAMBU,THIKA SUPER HIGHWAY,CLAYWORKS AREA,KBY 113K T/MATATU,THE VEHICE KNOCKED DOWN A VICTIO\M,MALE,A,60.0,PEDESTRIAN,1.0,2017-07-29 00:00:00,KIAMBU,M,PEDSTIRAN,A,,ADULT,,7/29,2017,7,July,29,Saturday,2050,20.0,50.0,EVENING,60.0,PEDESTRIAN BEHAVIOUR,KBY 113K T/MATATU,False,True,False,False,False,False,False,False,False,True,False,False,False,
681,2230,CHANGAMWE,MOMBASA,POTREITZ ROAD,CORNER SOWETO AREA,KMDR 133S HAKIM &KWTB 685C/ZD 4022 HOLLAND TRACTOR,THE VICTIM WAS RAN OVER BY THE SAID VEHICLE,MALE,37,51.0,MOTORCYCLIST,1.0,2017-07-29 00:00:00,MOMBASA,M,M/CYCLIST,37,37.0,NUMERIC AGE,35-44,7/29,2017,7,July,29,Saturday,2230,22.0,30.0,NIGHT,51.0,DRIVER / CYCLIST BEHAVIOUR,KMDR 133S HAKIM &KWTB 685C/ZD 4022 HOLLAND TRACTOR,False,False,False,False,False,True,False,False,False,True,False,False,False,
661,UNKNOWN TIME,KOIBATEK,BARINGO,NAKURU-ELDORET,GATARAKWA,UNKNOWN M/V PEDESTRIAN,M/V HIT A PEDESTRIAN CROSSING THE ROAD,MALE,60,68.0,PEDESTRIAN,1.0,2017-07-30 00:00:00,BARINGO,M,PEDESTRIAN,60,60.0,NUMERIC AGE,55-64,7/30,2017,7,July,30,Sunday,UNKNOWN TIME,,,UNKNOWN,68.0,PEDESTRIAN BEHAVIOUR,UNKNOWN M/V PEDESTRIAN,False,False,False,False,False,False,False,True,False,True,False,False,False,
662,UNKNOWN TIME,MURANGA,MURANG'A,KAHAGAINI,MURANGA KANGEMA,UNKNOWN M/V PEDESTRIAN,HIT AND RUN,MALE,42,98.0,PEDESTRIAN,1.0,2017-07-30 00:00:00,MURANGA,M,PEDESTRIAN,42,42.0,NUMERIC AGE,35-44,7/30,2017,7,July,30,Sunday,UNKNOWN TIME,,,UNKNOWN,98.0,CAUSE NOT TRACED,UNKNOWN M/V PEDESTRIAN,False,False,False,False,False,False,False,True,False,True,False,False,False,
663,1130,KENDU BAY,HOMA BAY,KENDU BAY TOWN SHIP,KENDU BAY/OYUGIS JUNCTION,KCA 220R M/TIPPER & PEDESTRIAN & KBX 265H N/SALOON,LOST CONTROL AND RAMMED ON ANOTHER VEHICLE,MALE,28,63.0,PEDESTRIAN,1.0,2017-07-30 00:00:00,HOMABAY,M,PEDESTRIAN,28,28.0,NUMERIC AGE,25-34,7/30,2017,7,July,30,Sunday,1130,11.0,30.0,MORNING,63.0,PEDESTRIAN BEHAVIOUR,KCA 220R M/TIPPER & PEDESTRIAN & KBX 265H N/SALOON,False,False,False,True,False,False,True,False,False,True,False,False,False,
664,UNKNOWN TIME,MAGUMU,NYANDARUA,KINYATTA ROAD,FLY-OVER NJABINI,KBW 459Y/PROBOX & PEDAL CYCLIST,HIT AND KNOCKED DOWN THE PEDAL CYCLIST,MALE,70,47.0,MOTORCYCLIST,1.0,2017-07-30 00:00:00,NYANDARUA,M,M/CYCLIST,70,70.0,NUMERIC AGE,65+,7/30,2017,7,July,30,Sunday,UNKNOWN TIME,,,UNKNOWN,47.0,DRIVER / CYCLIST BEHAVIOUR,KBW 459Y/PROBOX & PEDAL CYCLIST,False,False,False,False,False,False,True,False,False,True,False,False,False,
665,845,HOMABAY,HOMA BAY,KENDU BAY KATITU ROAD,SEKA AREA,KCG 647N T/PROBOX &PEDESTRIAN,HIT AND KNONCKED DOWN A PEDESTRIAN,MALE,30,68.0,MOTORCYCLIST,1.0,2017-07-30 00:00:00,HOMABAY,M,M/CYCLIST,30,30.0,NUMERIC AGE,25-34,7/30,2017,7,July,30,Sunday,845,8.0,45.0,MORNING,68.0,PEDESTRIAN BEHAVIOUR,KCG 647N T/PROBOX &PEDESTRIAN,False,False,False,False,False,False,True,False,False,True,False,False,False,
666,1930,KABRAS,KAKAMEGA,KUVASALI-IKOLI,KUVASALI AREA,KMDA 603D M/C &PEDAL CYCLIST,M/V COLLIDED HEAD ON WITH M/CYCLE,MALE,15,26.0,PEDAL CYCLIST,1.0,2017-07-30 00:00:00,KAKAMEGA,M,P/CYCLIST,15,15.0,NUMERIC AGE,0-17,7/30,2017,7,July,30,Sunday,1930,19.0,30.0,EVENING,26.0,DRIVER / CYCLIST BEHAVIOUR,KMDA 603D M/C &PEDAL CYCLIST,True,False,False,False,False,False,False,False,False,True,False,False,False,
667,2145,KERICHO,KERICHO,SOTIK-KERICHO,CHEBAON TRADING CENTER,KAZ 727R T/PREMIO SELF INVOLVED,M/V AVOIDED HITTING A M/CYCLIST HENCE LANDING ON A DITCH,MALE,33,10.0,DRIVER,1.0,2017-07-30 00:00:00,KERICHO,M,DRIVER,33,33.0,NUMERIC AGE,25-34,7/30,2017,7,July,30,Sunday,2145,21.0,45.0,NIGHT,10.0,DRIVER / CYCLIST BEHAVIOUR,KAZ 727R T/PREMIO SELF INVOLVED,False,False,False,False,False,False,True,False,False,True,False,False,False,
668,2100,SALGAA,NAKURU,NAKURU-ELDORET,MIGAA AREA,KCK 444Y R/ROVER & RAC 704L SCANIA BUS &KBZ 717/ZF 5442 SCANIA S/TRAILER KBA 970Z/ZD 1091 M/BENZ ACTROSS KAW 849L T/DX,M/V HIT OTHER VIHICLES THROWING THEM OFF THE ROAD,MALE,A,63.0,DRIVER,1.0,2017-07-30 00:00:00,NAKURU,M,DRIVER,A,,ADULT,,7/30,2017,7,July,30,Sunday,2100,21.0,0.0,NIGHT,63.0,PEDESTRIAN BEHAVIOUR,KCK 444Y R/ROVER & RAC 704L SCANIA BUS &KBZ 717/ZF 5442 SCANIA S/TRAILER KBA 970Z/ZD 1091 M/BENZ ACTROSS KAW 849L T/DX,False,False,True,True,False,False,False,False,True,True,False,False,False,
669,1630,MAKINDU,MAKUENI,NAIROBI MOMBASA ROAD,KIBOKO AREA,KCM 570L M/LANCER PEDESTRIAN,M/V HIT A PEDESTRIAN CROSSING THE ROAD,MALE,70,60.0,PEDESTRIAN,1.0,2017-07-30 00:00:00,MAKUENI,M,PEDESTRIAN,70,70.0,NUMERIC AGE,65+,7/30,2017,7,July,30,Sunday,1630,16.0,30.0,AFTERNOON,60.0,PEDESTRIAN BEHAVIOUR,KCM 570L M/LANCER PEDESTRIAN,False,False,False,False,False,False,False,False,False,False,False,True,False,
670,1700,VOI,TAITA TAVETA,KASIGU-MAUNGU,BONDENI AREA,KBB812H N/MATATU PEDESTRIAN,M/V HIT A PEDESTRIAN CROSSING THE ROAD,MALE,J,98.0,PEDESTRIAN,1.0,2017-07-30 00:00:00,TAITA TAVETA,M,PEDESTRIAN,J,,JUVENILE,,7/30,2017,7,July,30,Sunday,1700,17.0,0.0,EVENING,98.0,CAUSE NOT TRACED,KBB812H N/MATATU PEDESTRIAN,False,True,False,False,False,False,False,False,False,True,False,False,False,
671,2000,chuka,THARAKA NITHI,KIRIANE MUTINDWA ROAD,GIANGIRI AREA,"UNREGISTERED M/CYCLE, PEDESTRIAN",RIDDER HIT A PEDESTRIAN CROSSING THE ROAD,MALE,J,,RIDER,1.0,2017-07-30 00:00:00,THARAKA NITHI,M,RIDER,J,,JUVENILE,,7/30,2017,7,July,30,Sunday,2000,20.0,0.0,EVENING,,NOT RECORDED,"UNREGISTERED M/CYCLE, PEDESTRIAN",True,False,False,False,False,False,False,False,False,True,False,False,False,
672,UNKNOWN TIME,LEISAMIS,MARSABIT,ILL OUT AREA,ILL OUT AREA,KCF T/HILLUX M/CYCLE,M/V KNOCKED DOWN THE M/CYCLIST,MALE,A,,RIDER,1.0,2017-07-30 00:00:00,MARSABIT,M,RIDER,A,,ADULT,,7/30,2017,7,July,30,Sunday,UNKNOWN TIME,,,UNKNOWN,,NOT RECORDED,KCF T/HILLUX M/CYCLE,True,False,False,False,True,False,False,False,False,True,False,False,False,
660,1700,KISUMU,KISUMU,KISUMU BUSIA,KISIANI,KBR 891S TOYOTA LANDCRUISER,THE VEHICLE KNOCKED DOWN THE VICTIM,MALE,A,98.0,MOTORCYCLIST,1.0,2017-07-31 00:00:00,KISUMU,M,M/CYCLIST,A,,ADULT,,7/31,2017,7,July,31,Monday,1700,17.0,0.0,EVENING,98.0,CAUSE NOT TRACED,KBR 891S TOYOTA LANDCRUISER,False,False,False,False,False,False,False,False,False,False,False,True,False,
653,UNKNOWN,NYERI,NYERI,NYERI-IHURURU,98 AREA,UNKNOWN,HIT AND RUN,MALE,38,98.0,PEDESTRIAN,1.0,2017-08-01 00:00:00,NYERI,M,PEDSTRIAN,38,38.0,NUMERIC AGE,35-44,08/01,2017,8,August,1,Tuesday,UNKNOWN,,,UNKNOWN,98.0,CAUSE NOT TRACED,UNKNOWN,False,False,False,False,False,False,False,True,False,True,False,False,False,
654,930,OYUGIS,HOMA BAY,OYUGIS-KISUMU,SIKRI AREA,KMDV 961Q BOXER & KCG 425R/ZD 7568 MAN TRAILER,THE VICTIM WAS RAN OVER BY THE SAID VEHICLE,MALE,19,98.0,MOTORCYCLIST,1.0,2017-08-01 00:00:00,HOMA BAY,M,M/CYCLIST,19,19.0,NUMERIC AGE,18-24,08/01,2017,8,August,1,Tuesday,930,9.0,30.0,MORNING,98.0,CAUSE NOT TRACED,KMDV 961Q BOXER & KCG 425R/ZD 7568 MAN TRAILER,True,False,False,False,False,False,False,False,True,True,False,False,False,
655,1045,NYERI,NYERI,TAGWA-NDATHI MURRAM ROAD,MBIRIRI SHOPPING CENTER,KBX 888U MITSUBISH LORRY,THE VICTIM TRIED TO BOARD THE MOVING VEHICLE AND FELL OFF,MALE,A,67.0,PEDESTRIAN,1.0,2017-08-01 00:00:00,NYERI,M,PEDESTRIAN,A,,ADULT,,08/01,2017,8,August,1,Tuesday,1045,10.0,45.0,MORNING,67.0,PEDESTRIAN BEHAVIOUR,KBX 888U MITSUBISH LORRY,False,False,False,True,False,False,False,False,False,True,False,False,False,
656,1430,MALINDI,KILIFI,MALINDI-MOMBASA,MSABAHA AREA,KAV 645S MITSUBISH CANTER KMDA 080C BAJAJ,THE VEHICLE COLLIDED HEAD ON WITH THE MOTOR CYCLE,MALE,A,10.0,MOTORCYCLIST,1.0,2017-08-01 00:00:00,KILFI,M,M/CYCLIST,A,,ADULT,,08/01,2017,8,August,1,Tuesday,1430,14.0,30.0,AFTERNOON,10.0,DRIVER / CYCLIST BEHAVIOUR,KAV 645S MITSUBISH CANTER KMDA 080C BAJAJ,True,False,False,True,False,False,False,False,False,True,False,False,False,
657,1400,VOI,TAITA TAVETA,MOMBASA-NAIROBI,NDARA AREA,KAW 084P NISSAN MATATU & KAQ 268U/ZC 0678 AXOR,THE VEHICLE COLLIDED HEAD ON WITH THE TRAILER,MIXED,A&J,10.0,PASSENGER,4.0,2017-08-01 00:00:00,TAITA TAVETA,M&f,PASSENGERS,A&J,,ADULT & JUVENILE,,08/01,2017,8,August,1,Tuesday,1400,14.0,0.0,AFTERNOON,10.0,DRIVER / CYCLIST BEHAVIOUR,KAW 084P NISSAN MATATU & KAQ 268U/ZC 0678 AXOR,False,True,False,False,False,False,False,False,False,True,False,False,False,
658,2010,TAVETA,TAITA TAVETA,TAVETA-MWATATE,MURKA AREA,GKA 314Z TOYOTA PRADO,THE VEHICLE LOST CONTROL AND VEERED OF THE ROAD,MALE,A,79.0,DRIVER,1.0,2017-08-01 00:00:00,TAITA TAVETA,M,DRIVER,A,,ADULT,,08/01,2017,8,August,1,Tuesday,2010,20.0,10.0,EVENING,79.0,VEHICLE DEFECT,GKA 314Z TOYOTA PRADO,False,False,False,False,False,False,True,False,False,True,False,False,False,
659,2000,SUBUIGA,MERU,MERU-NANYUKI,NEAR ELEPHANT CORRIDOR,KAR 465Z/ZB 9852 ACTROS TRAILER,THE VEHICLE LOST CONTROL AND VEERED OF THE ROAD,MALE,A,78.0,DRIVER & PASSENGER,2.0,2017-08-01 00:00:00,MERU,M,DRIVER & PASSENGER,A,,ADULT,,08/01,2017,8,August,1,Tuesday,2000,20.0,0.0,EVENING,78.0,VEHICLE DEFECT,KAR 465Z/ZB 9852 ACTROS TRAILER,False,False,False,True,False,False,False,False,True,True,False,False,False,
646,600,DTEO LANGATA,NAIROBI,SOUTHERN BY-PASS,NEAR LANGATA NATIONAL HOUSING,M/V KAD 956W PEUGEOT 504 &F/A/PED,M/V KNOCKED DOWN A PEDESTRIAN WHILE CROSSING THE ROAD,FEMALE,41,98.0,PEDESTRIAN,1.0,2017-08-02 00:00:00,NAIROBI,F,PEDESTRIAN,41,41.0,NUMERIC AGE,35-44,08/02,2017,8,August,2,Wednesday,600,6.0,0.0,MORNING,98.0,CAUSE NOT TRACED,M/V KAD 956W PEUGEOT 504 &F/A/PED,False,False,False,False,False,False,True,False,False,True,False,False,False,
647,830,BOMET,BOMET,SILIBWET KIPTAGICH RD,NEAR KIPTAGICH MARKET,M/TRACTOR KTCB 590J/ZA 1797 NEW HOLLAND & M/A/PAX,LOST CONTROL AND OVERTURNED,MALE,A,26.0,PASSENGER,1.0,2017-08-02 00:00:00,BOMET,M,PASSENGER,A,,ADULT,,08/02,2017,8,August,2,Wednesday,830,8.0,30.0,MORNING,26.0,DRIVER / CYCLIST BEHAVIOUR,M/TRACTOR KTCB 590J/ZA 1797 NEW HOLLAND & M/A/PAX,False,False,False,False,False,True,False,False,False,True,False,False,False,
648,1330,KAPSABET,NANDI,MOSORIOT-KABIYET RDD,AT KAMOIYWO ARE,M/V KAK 484H I/CANTER & P/CYCLIST,M/V HIT FROM REAR A CYCLIST,MALE,13,29.0,PEDAL CYCLIST,1.0,2017-08-02 00:00:00,NANDI,M,P/CYCLIST,13,13.0,NUMERIC AGE,0-17,08/02,2017,8,August,2,Wednesday,1330,13.0,30.0,AFTERNOON,29.0,DRIVER / CYCLIST BEHAVIOUR,M/V KAK 484H I/CANTER & P/CYCLIST,False,False,False,True,False,False,False,False,False,True,False,False,False,
649,1250,NYERI,NYERI,MUTHINGA GATITU RD,AT KANGUBIINI AREA,M/CYCLE KMDZ 202T SHINERY,LOST CONTROL OF M/CYCLE AND THROWN TO THE SHAMBA,MALE,18,54.0,MOTORCYCLIST,1.0,2017-08-02 00:00:00,NYERI,M,M/CYCLIST,18,18.0,NUMERIC AGE,18-24,08/02,2017,8,August,2,Wednesday,1250,12.0,50.0,AFTERNOON,54.0,DRIVER / CYCLIST BEHAVIOUR,M/CYCLE KMDZ 202T SHINERY,True,False,False,False,False,False,False,False,False,True,False,False,False,
650,1530,CENTRAL,NAIROBI,KOMBO MUNYIRI RD,NEAR BARCLAYS BANK,M/V KBH 361KBEDFORD LORRY B/DOWN & M/A/PAX,HIT A PEDESTRIAN WHILE REVERSING,MALE,59,,PEDESTRIAN,1.0,2017-08-02 00:00:00,NAIROBI,M,PEDESTRIAN,59,59.0,NUMERIC AGE,55-64,08/02,2017,8,August,2,Wednesday,1530,15.0,30.0,AFTERNOON,,NOT RECORDED,M/V KBH 361KBEDFORD LORRY B/DOWN & M/A/PAX,False,False,False,True,False,False,False,False,False,True,False,False,False,
651,1830,KEROKA,NYAMIRA,KEROKA-SOTIK RD,AT REONZUNE AREA,M/V/KCA 257B I/M/BUS & M/A/PAX,SLIPPED WHILE NEGOTIATING A CORNER AND LANDED ON THE LEFT SIDE,MALE,28,12.0,PASSENGER,1.0,2017-08-02 00:00:00,NYAMIRA,M,PASSANGER,28,28.0,NUMERIC AGE,25-34,08/02,2017,8,August,2,Wednesday,1830,18.0,30.0,EVENING,12.0,DRIVER / CYCLIST BEHAVIOUR,M/V/KCA 257B I/M/BUS & M/A/PAX,False,False,True,False,False,False,False,False,False,True,False,False,False,
652,2200,SULTAN HAMUD,MAKUENI,EMALI MATILIKU MURRAM RD,KWAKAKULU,M/C KMDV 873V SKYGO & M/V/KCF 771D MITSUBISH,M/CYCLE WAS HIT BY THE M/V,MALE,12,8.0,PILLION PASSENGER,1.0,2017-08-02 00:00:00,MAKUENI,M/J,P/PASSENGER,12,12.0,NUMERIC AGE,0-17,08/02,2017,8,August,2,Wednesday,2200,22.0,0.0,NIGHT,8.0,DRIVER / CYCLIST BEHAVIOUR,M/C KMDV 873V SKYGO & M/V/KCF 771D MITSUBISH,True,False,False,False,False,False,False,False,False,True,False,False,False,
640,320,RUIRU,KIAMBU,THIKA SUPER HIGHWAY,KWA KAIRO,KAQ494X TOYOTA LEXUS AND KAH042X TOYOTA LAND CRUISER,LOST CONTROL AND RAMMED INTO THE OTHER M/V,MALE,A,26.0,DRIVER & PASSENGER,3.0,2017-08-03 00:00:00,KIAMBU,M,DRIVER 2 PASSANGERS,A,,ADULT,,08/03,2017,8,August,3,Thursday,320,3.0,20.0,NIGHT,26.0,DRIVER / CYCLIST BEHAVIOUR,KAQ494X TOYOTA LEXUS AND KAH042X TOYOTA LAND CRUISER,False,False,False,False,False,False,True,False,False,True,False,False,False,
641,2140,MATUU,MACHAKOS,MATUU-MWINGI,EKALAKALA,KAZ587Q TOYOTA DUET,KNOCKED DOWN A PEDESTRIAN,MALE,A,8.0,PEDESTRIAN,1.0,2017-08-03 00:00:00,MACHAKOS,M,PEDESTRIAN,A,,ADULT,,08/03,2017,8,August,3,Thursday,2140,21.0,40.0,NIGHT,8.0,DRIVER / CYCLIST BEHAVIOUR,KAZ587Q TOYOTA DUET,False,False,False,False,False,False,False,False,False,False,False,True,False,
642,2030,VIHIGA VIHIGA,VIHIGA,LUANDA-MAJENGO,IKUMBA,KAM394W TOYOTA MATATU,KNOCKED DOWN A PEDESTRIAN,MALE,A,59.0,PEDESTRIAN,1.0,2017-08-03 00:00:00,VIHIGA,M,PEDESTRIAN,A,,ADULT,,08/03,2017,8,August,3,Thursday,2030,20.0,30.0,EVENING,59.0,PEDESTRIAN BEHAVIOUR,KAM394W TOYOTA MATATU,False,True,False,False,False,False,False,False,False,True,False,False,False,
643,1800,NAKURU,NAKURU,NAKURU-RAVINE,OLIVE INN,KBJ615S TOYOTA HIACE,KNOCKED DOWN A J/PEDESTRIAN,MALE,J,98.0,PEDESTRIAN,1.0,2017-08-03 00:00:00,NAKURU,M,PEDESTRIAN,J,,JUVENILE,,08/03,2017,8,August,3,Thursday,1800,18.0,0.0,EVENING,98.0,CAUSE NOT TRACED,KBJ615S TOYOTA HIACE,False,False,False,False,False,False,False,False,False,True,True,False,False,
644,1900,SUBA,HOMA BAY,MBITA-HOMABAY,OGONGO,UNKNOWN MOTOR CYCLE,HIT AND RUN,MALE,J,26.0,PEDESTRIAN,1.0,2017-08-03 00:00:00,HOMABAY,M,PEDESTRIAN,J,,JUVENILE,,08/03,2017,8,August,3,Thursday,1900,19.0,0.0,EVENING,26.0,DRIVER / CYCLIST BEHAVIOUR,UNKNOWN MOTOR CYCLE,True,False,False,False,False,False,False,True,False,True,False,False,False,
645,1400,NANDI,NANDI,NANDI HILL-KIMAKI,SEPTON,KBN126N ISUZU CANTER,LOST CONTROL AND LANDED IN A DITCH,MALE,A,26.0,PASSENGER,1.0,2017-08-03 00:00:00,NANDI,M,PASSANGER,A,,ADULT,,08/03,2017,8,August,3,Thursday,1400,14.0,0.0,AFTERNOON,26.0,DRIVER / CYCLIST BEHAVIOUR,KBN126N ISUZU CANTER,False,False,False,True,False,False,False,False,False,True,False,False,False,
632,1000,NYARI,MOMBASA,OLD MOIYNE DRIVE,NEAR SIMBA ROAD JUNCTION,KBU666Q T/L/C/PRADO $M/CY KMDM 324D SIMBA,LOST CONTROL AND RAMMED FROM REAR ONTO M/CYCE,MALE,A,16.0,RIDER & PILLION PASSENGER,2.0,2017-08-04 00:00:00,MOMBASA,M,RIDER P/PASSANGER,A,,ADULT,,08/04,2017,8,August,4,Friday,1000,10.0,0.0,MORNING,16.0,DRIVER / CYCLIST BEHAVIOUR,KBU666Q T/L/C/PRADO $M/CY KMDM 324D SIMBA,False,False,False,False,False,False,True,False,False,True,False,False,False,
633,700,MARSABIT,MARSABIT,MARSABIT MOYALE RD,NEAR BUBISA,M/V KCC 021A ISUZU BUS,M/V PUSHE BY WIND HENCE LOOSING CONTROL AND OVERTURNED,MALE,A,97.0,PASSENGER,1.0,2017-08-04 00:00:00,MARSABIT,M,PASSENGER,A,,ADULT,,08/04,2017,8,August,4,Friday,700,7.0,0.0,MORNING,97.0,CAUSE NOT TRACED,M/V KCC 021A ISUZU BUS,False,False,True,False,False,False,False,False,False,True,False,False,False,
634,1630,NYAMIRA,NYAMIRA,NYAMIRA-MIRUKA RD,AT RANGENYO AREA,M/V KCF 014L PROBOX $ M/CY KMED 081R TVS,M/V LOST CONTROL HITTING PEDESTRIANS,MALE,A,26.0,PEDESTRIAN,1.0,2017-08-04 00:00:00,NYAMIRA,M,PEDESTRIAN,A,,ADULT,,08/04,2017,8,August,4,Friday,1630,16.0,30.0,AFTERNOON,26.0,DRIVER / CYCLIST BEHAVIOUR,M/V KCF 014L PROBOX $ M/CY KMED 081R TVS,True,False,False,False,False,False,True,False,False,True,False,False,False,
635,2130,NYAHURURU,NYANDARUA,NYAHURURU BOIMAN RD,KERISON AREA,M/V KAK 806M T/MATATU $M/CY MDS 739S BOXER,HEAD ON COLLISION,MALE,A,39.0,RIDER,1.0,2017-08-04 00:00:00,NYANDARUA,M,RIDER,A,,ADULT,,08/04,2017,8,August,4,Friday,2130,21.0,30.0,NIGHT,39.0,DRIVER / CYCLIST BEHAVIOUR,M/V KAK 806M T/MATATU $M/CY MDS 739S BOXER,True,True,False,False,False,False,False,False,False,True,False,False,False,
636,2120,DTEO CENTRAL,NAIROBI,TOM MBOYA STREET,NEAR WORLD BUSINESS CENTER,M/V/KAS 326G I/M/BUS $ PEDS,M/V HIT PEDESTRIANS CROSSING THE ROAD,FEMALE,35,10.0,PEDESTRIAN,1.0,2017-08-04 00:00:00,NAIROBI,F,PEDESTRIAN,35,35.0,NUMERIC AGE,35-44,08/04,2017,8,August,4,Friday,2120,21.0,20.0,NIGHT,10.0,DRIVER / CYCLIST BEHAVIOUR,M/V/KAS 326G I/M/BUS $ PEDS,False,False,True,False,False,False,False,False,False,True,False,False,False,
637,1700,MOYALE P/STN,MARSABIT,,NEAR WATITI MARKET,M/V KAU092U T/HILLUX P/UP,LOST CONTROL AND ROLLED SEVERALLY AND LANDED INTO A DITCH,MALE,30,26.0,DRIVER,1.0,2017-08-04 00:00:00,MARSABIT,M,DRIVER,30,30.0,NUMERIC AGE,25-34,08/04,2017,8,August,4,Friday,1700,17.0,0.0,EVENING,26.0,DRIVER / CYCLIST BEHAVIOUR,M/V KAU092U T/HILLUX P/UP,False,False,False,False,True,False,False,False,False,True,False,False,False,
638,30,KITUI,KITUI,KITUNGATI-KATWALA RD,MANGANI VILLAGE,M/CYCLE KMDY 325S YAMAHA $F/J/PED,HIT A PEDESTRIAN CROSSING THE ROAD,FEMALE,6,61.0,PEDESTRIAN,1.0,2017-08-04 00:00:00,KITUI,F/J,PEDESTRIAN,6,6.0,NUMERIC AGE,0-17,08/04,2017,8,August,4,Friday,30,0.0,30.0,NIGHT,61.0,PEDESTRIAN BEHAVIOUR,M/CYCLE KMDY 325S YAMAHA $F/J/PED,True,False,False,False,False,False,False,False,False,True,False,False,False,
639,2300,NAKURU,NAKURU,MOGOTHE KIRIMA,WANYORORO,M/CYC KMDX 644H HAUJON,M/CYCLE KNONCKED ADOWN A JUNIOR PLAYING,FEMALE,6,62.0,PEDESTRIAN,1.0,2017-08-04 00:00:00,NAKURU,F/J,P/PEDESTRIAN,6,6.0,NUMERIC AGE,0-17,08/04,2017,8,August,4,Friday,2300,23.0,0.0,NIGHT,62.0,PEDESTRIAN BEHAVIOUR,M/CYC KMDX 644H HAUJON,False,False,False,False,False,False,False,False,False,False,False,True,False,
626,400,NAIVASHA,NAKURU,NAKURU-NAIROBI,MALEWA BRIDGE,"KBW 509 ISUZU BUS, KCH 982B ISUZU LORRY & KCC241P TOYOTA MATATU",HEAD ON COLLISION,MALE,40,10.0,DRIVER,1.0,2017-08-05 00:00:00,NAKURU,M,DRIVER,40,40.0,NUMERIC AGE,35-44,08/05,2017,8,August,5,Saturday,400,4.0,0.0,NIGHT,10.0,DRIVER / CYCLIST BEHAVIOUR,"KBW 509 ISUZU BUS, KCH 982B ISUZU LORRY & KCC241P TOYOTA MATATU",False,True,True,True,False,False,False,False,False,True,False,False,False,
627,630,EMBAKASI,NAIROBI,MOMBASA ROAD,NEAR JKIA,KCC638N TOYOTA FIELDER,M/V KNOCKED DOWN A PEDESTRIAN,MALE,39,98.0,PEDESTRIAN,1.0,2017-08-05 00:00:00,NAIROBI,M,PEDESTRIAN,39,39.0,NUMERIC AGE,35-44,08/05,2017,8,August,5,Saturday,630,6.0,30.0,MORNING,98.0,CAUSE NOT TRACED,KCC638N TOYOTA FIELDER,False,False,False,False,False,False,True,False,False,True,False,False,False,
628,1230,NAIVASHA,NAKURU,MAAI-MAHIU NAIVASHA,GOVERNER AREA,KBK 287U/ZC 3921 AXOR TRAILER,M/V KNOCKED DOWN A PEDESTRIAN,MALE,39,68.0,PEDESTRIAN,1.0,2017-08-05 00:00:00,NAKURU,M,PEDESTRIAN,39,39.0,NUMERIC AGE,35-44,08/05,2017,8,August,5,Saturday,1230,12.0,30.0,AFTERNOON,68.0,PEDESTRIAN BEHAVIOUR,KBK 287U/ZC 3921 AXOR TRAILER,False,False,False,False,False,False,False,False,True,True,False,False,False,
629,2230,GUCHA,KISII,KEROKA-NYANGUSU,HOTELI AREA,KCJ 814M TOYOTA PROBOX,M/V KNOCKED DOWN A M/JPEDESTRIAN,MALE,J,98.0,PEDESTRIAN,1.0,2017-08-05 00:00:00,KISII,M,PEDESTRIAN,J,,JUVENILE,,08/05,2017,8,August,5,Saturday,2230,22.0,30.0,NIGHT,98.0,CAUSE NOT TRACED,KCJ 814M TOYOTA PROBOX,False,False,False,False,False,False,True,False,False,True,False,False,False,
630,1800,RUNYENJES,EMBU,KYENI KARURUMO,KARARARI AREA,KMDK 663M SKYGO & KCB 900T TOYOTA,M/CYCE WAS HIT BY M/V KILLING THE PASSENGER,FEMALE,28,30.0,PASSENGER,1.0,2017-08-05 00:00:00,EMBU,F,PASSENGER,28,28.0,NUMERIC AGE,25-34,08/05,2017,8,August,5,Saturday,1800,18.0,0.0,EVENING,30.0,DRIVER / CYCLIST BEHAVIOUR,KMDK 663M SKYGO & KCB 900T TOYOTA,True,False,False,False,False,False,False,False,False,True,False,False,False,
631,2320,MAKINDU,MAKUENI,WOTE MAKINDU,KISINGIONI AREA,KMDS561W HONDA,M/CYCLE RAMMED AT THE REAR OF A P/CYCLIST,MALE,A,7.0,PEDAL CYCLIST,1.0,2017-08-05 00:00:00,MAKUENI,M,P/CYCLIST,A,,ADULT,,08/05,2017,8,August,5,Saturday,2320,23.0,20.0,NIGHT,7.0,DRIVER / CYCLIST BEHAVIOUR,KMDS561W HONDA,False,False,False,False,False,False,False,False,False,False,False,True,False,
619,545,DTEO EMBAKAZI,NAIROBI,EASTERN BY PASS,NEAR GSU TRAINING SCHOOL,KBY 312U PRADO & KMDM 955G SHYNREY,THE PRADO HIT THE M/CYCLE,MALE,28,50.0,MOTORCYCLIST,1.0,2017-08-07 00:00:00,NAIROBI,M,M/CYCLIST,28,28.0,NUMERIC AGE,25-34,08/07,2017,8,August,7,Monday,545,5.0,45.0,MORNING,50.0,DRIVER / CYCLIST BEHAVIOUR,KBY 312U PRADO & KMDM 955G SHYNREY,False,False,False,False,False,False,True,False,False,True,False,False,False,
620,620,KIRITIRI,EMBU,KIVAA-EMBU,KIRITIRI MARKET,KAV 417C N/SALOON,"THE VEHICLE HAD A TYRE BBURST, LOSING CONTROL AND ROLLED",FEMALE,33,79.0,PASSENGER,1.0,2017-08-07 00:00:00,EMBU,F,PASSENGER,33,33.0,NUMERIC AGE,25-34,08/07,2017,8,August,7,Monday,620,6.0,20.0,MORNING,79.0,VEHICLE DEFECT,KAV 417C N/SALOON,False,False,False,False,False,False,True,False,False,True,False,False,False,
621,1300,NYERI,NYERI,MARWA-KIGANJO,AT KAGUMO HIGH SCHOOL,83 KA 84 LORRY,"THE VEHICLE HAD A TYRE BBURST, LOSING CONTROL AND LANDED",MALE,A,79.0,PASSENGER,1.0,2017-08-07 00:00:00,NYERI,M,PASSENGER,A,,ADULT,,08/07,2017,8,August,7,Monday,1300,13.0,0.0,AFTERNOON,79.0,VEHICLE DEFECT,83 KA 84 LORRY,False,False,False,True,False,False,False,False,False,True,False,False,False,
622,1830,DTEO STAREHE,NAIROBI,FIRST AVENUE,AT JUNCTION OF THIRD STREET EISTLEIGH,KBA 255A I/M/BUS,THE VEHICLE KNOCKED DOWN THE VICTIM,MALE,30,98.0,PEDESTRIAN,1.0,2017-08-07 00:00:00,NAIROBI,M,PEDESTRIAN,30,30.0,NUMERIC AGE,25-34,08/07,2017,8,August,7,Monday,1830,18.0,30.0,EVENING,98.0,CAUSE NOT TRACED,KBA 255A I/M/BUS,False,False,True,False,False,False,False,False,False,True,False,False,False,
623,1800,KISII,KISII,KISII-KISUMU,AT MOSOCHO AREA,GKB 557R T/L/CRUISER & KMEC 349T BAJAJ,HEAD ON COLLISION,MALE,A,37.0,MOTORCYCLIST,1.0,2017-08-07 00:00:00,KISII,M,M/CYCLIST,A,,ADULT,,08/07,2017,8,August,7,Monday,1800,18.0,0.0,EVENING,37.0,DRIVER / CYCLIST BEHAVIOUR,GKB 557R T/L/CRUISER & KMEC 349T BAJAJ,True,False,False,False,False,False,True,False,False,True,False,False,False,
624,2200,ISINYA,KAJIADO,ISINYA-KITENGELA,KENCHIC NEAR KENOL PETROL STATION,KCH 968N I/M/BUS,THE PASSENGER FELL DOWN WHILE THE VEHICLE WAS IN MOTION,MALE,27,70.0,PASSENGER,1.0,2017-08-07 00:00:00,KAJIADO,M,PASSENGER,27,27.0,NUMERIC AGE,25-34,08/07,2017,8,August,7,Monday,2200,22.0,0.0,NIGHT,70.0,PASSENGER / ATTENDANT,KCH 968N I/M/BUS,False,False,True,False,False,False,False,False,False,True,False,False,False,
625,2200,NAROMORU,NYERI,NYERI-NANYUKI,NATIONAL OIL PETROL STATION,KBZ 835Q FIELDER & KMCN 376Y TIGER,HEAD ON COLLISION,MALE,40,40.0,MOTORCYCLIST,1.0,2017-08-07 00:00:00,NYERI,M,M/CYCLIST,40,40.0,NUMERIC AGE,35-44,08/07,2017,8,August,7,Monday,2200,22.0,0.0,NIGHT,40.0,DRIVER / CYCLIST BEHAVIOUR,KBZ 835Q FIELDER & KMCN 376Y TIGER,False,False,False,False,False,False,True,False,False,True,False,False,False,
613,1830,KITUI,KITUI,KYUSINI-MUTHA,NDAKANI,KBA 487G ISUZU CANTER,THE VEHICLE ROLLED,MALE,A,7.0,PASSENGER,1.0,2017-08-08 00:00:00,KITUI,M,PASSENGER,A,,ADULT,,08/08,2017,8,August,8,Tuesday,1830,18.0,30.0,EVENING,7.0,DRIVER / CYCLIST BEHAVIOUR,KBA 487G ISUZU CANTER,False,False,False,True,False,False,False,False,False,True,False,False,False,
614,2300,LARI,KIAMBU,NAIVASHA-NAIROBI,NYAMBANE,KBP 875X TOYOTA PROBOX & KMCY 276J TIGER,THE VEHICLE HIT THE MOTOR CYCLE,MALE,A,29.0,MOTORCYCLIST,1.0,2017-08-08 00:00:00,KIAMBU,M,M/CYCLIST,A,,ADULT,,08/08,2017,8,August,8,Tuesday,2300,23.0,0.0,NIGHT,29.0,DRIVER / CYCLIST BEHAVIOUR,KBP 875X TOYOTA PROBOX & KMCY 276J TIGER,False,False,False,False,False,False,True,False,False,True,False,False,False,
615,1730,KENDU BAY,HOMA BAY,KENDU BAY-KATITO,NYAKWERE,KCK 444J TOYOTA HIACE,THE VEHICLE LOST CONTROL AND ROLLED SEVERALLY,MALE,A,26.0,DRIVER,1.0,2017-08-08 00:00:00,HOMA BAY,M,DRIVER,A,,ADULT,,08/08,2017,8,August,8,Tuesday,1730,17.0,30.0,EVENING,26.0,DRIVER / CYCLIST BEHAVIOUR,KCK 444J TOYOTA HIACE,False,False,False,False,False,False,False,False,False,True,True,False,False,
616,1830,INDO AREA,NAIROBI,UHURU HIGH WAY,BUNYALA ROUND ABOUT,KBW 086T ISUZU BUS,THE VEHICLE LOST CONTROL AND ROLLED SEVERALLY,MALE,A,26.0,DRIVER,1.0,2017-08-08 00:00:00,NAIROBI,M,DRIVER,A,,ADULT,,08/08,2017,8,August,8,Tuesday,1830,18.0,30.0,EVENING,26.0,DRIVER / CYCLIST BEHAVIOUR,KBW 086T ISUZU BUS,False,False,True,False,False,False,False,False,False,True,False,False,False,
617,1630,BUSIA,BUSIA,BUSIA-MUMIAS,OCHUDE,KBU 987R NISSAN AD,THE VEHICLE HIT A PEDAL CYCLIST,MALE,J,7.0,PEDAL CYCLIST,1.0,2017-08-08 00:00:00,BUSIA,M,PEDAL CYCLIST,J,,JUVENILE,,08/08,2017,8,August,8,Tuesday,1630,16.0,30.0,AFTERNOON,7.0,DRIVER / CYCLIST BEHAVIOUR,KBU 987R NISSAN AD,False,False,False,False,False,False,False,False,False,False,False,True,False,
618,1740,KERICHO,KERICHO,KERICHO-NAKURU,CHEPSIR,KAK 020E T/COROLLA,THE VEHICLE LOST CONTROL AND ROLLED SEVERALLY,MALE,A,26.0,DRIVER,1.0,2017-08-08 00:00:00,KERICHO,M,DRIVER,A,,ADULT,,08/08,2017,8,August,8,Tuesday,1740,17.0,40.0,EVENING,26.0,DRIVER / CYCLIST BEHAVIOUR,KAK 020E T/COROLLA,False,False,False,False,False,False,True,False,False,True,False,False,False,
610,810,MAKONGENI,NAIROBI,JOGOO,NEAR DC STAGE,KBQ 194J ISUZU BUS (EMBASSAVA SACCO),THE PASSENGER FELL DOWN WHILE THE VEHICLE WAS IN MOTION,MALE,36,70.0,PASSENGER,1.0,2017-08-09 00:00:00,NAIROBI,M,PASSENGER,36,36.0,NUMERIC AGE,35-44,08/09,2017,8,August,9,Wednesday,810,8.0,10.0,MORNING,70.0,PASSENGER / ATTENDANT,KBQ 194J ISUZU BUS (EMBASSAVA SACCO),False,False,True,False,False,False,False,False,False,True,False,False,False,
611,900,MATUU,MACHAKOS,KIVAA-EMBU,NEAR KIVAA SECONDARY SCHOOL,UNKNOWN,HIT & RUN,MALE,42,98.0,PEDESTRIAN,1.0,2017-08-09 00:00:00,MACHAKOS,M,PEDESTRIAN,42,42.0,NUMERIC AGE,35-44,08/09,2017,8,August,9,Wednesday,900,9.0,0.0,MORNING,98.0,CAUSE NOT TRACED,UNKNOWN,False,False,False,False,False,False,False,True,False,True,False,False,False,
612,2130,GITHUNGURI,KIAMBU,,KWA MAIKO TRADING CENTRE,KBG 733R I/D/ MAX,THE VEHICLE KNOCKED DOWN THE VICTIM,MALE,31,38.0,PEDESTRIAN,1.0,2017-08-09 00:00:00,KIAMBU,M,PEDESTRIAN,31,31.0,NUMERIC AGE,25-34,08/09,2017,8,August,9,Wednesday,2130,21.0,30.0,NIGHT,38.0,DRIVER / CYCLIST BEHAVIOUR,KBG 733R I/D/ MAX,False,False,False,False,False,False,False,False,False,False,False,True,False,
609,1730,BUSIA,BUSIA,BUTULA-MUMIAS,TONGILO,KCL 801U TOYOTA PROBOX,THE VEHICLE KNOCKED DOWN THE VICTIM,FEMALE,5,98.0,PEDESTRIAN,1.0,2017-08-10 00:00:00,BUSIA,F,PEDESTRIAN,5,5.0,NUMERIC AGE,0-17,08/10,2017,8,August,10,Thursday,1730,17.0,30.0,EVENING,98.0,CAUSE NOT TRACED,KCL 801U TOYOTA PROBOX,False,False,False,False,False,False,True,False,False,True,False,False,False,
596,430,JUJA,KIAMBU,NAIROBI THIKA,JUJA FLY OVER,KCA 105M ISUZU CANTER,THE VEHICLE KNOCKED DOWN THE VICTIM,MALE,A,60.0,PEDESTRIAN,1.0,2017-08-11 00:00:00,KIAMBU,M,PEDESTRIAN,A,,ADULT,,08/11,2017,8,August,11,Friday,430,4.0,30.0,NIGHT,60.0,PEDESTRIAN BEHAVIOUR,KCA 105M ISUZU CANTER,False,False,False,True,False,False,False,False,False,True,False,False,False,
597,1900,DAGORETTI,NAIROBI,WAIYAKI WAY,MOUNTAIN VIEW,UNKNOWN,HIT AND RUN,MALE,A,,PEDESTRIAN,1.0,2017-08-11 00:00:00,NAIROBI,M,PEDESTRIAN,A,,ADULT,,08/11,2017,8,August,11,Friday,1900,19.0,0.0,EVENING,,NOT RECORDED,UNKNOWN,False,False,False,False,False,False,False,True,False,True,False,False,False,
598,2000,ATHI RIVER,MACHAKOS,,,KCL 549H TOYOTA PASSO AND KMCP 129J,THE VEHICLE KNOCKED DOWN THE VICTIM,UNKNOWN,J,8.0,PILLION PASSENGER,1.0,2017-08-11 00:00:00,MACHAKOS,J,PILLION PASSENGER,J,,JUVENILE,,08/11,2017,8,August,11,Friday,2000,20.0,0.0,EVENING,8.0,DRIVER / CYCLIST BEHAVIOUR,KCL 549H TOYOTA PASSO AND KMCP 129J,False,False,False,False,False,False,True,False,False,True,False,False,False,
599,2230,KIKUYU,KIAMBU,THOGOTO GIKAMBURA,SOUTHERN BY PASS FLY OVER,GKB 743E AND KCB 867E/KAX 965Z T/SALOON,THE VEHICLE KNOCKED DOWN THE VICTIM,MALE,A,7.0,PEDESTRIAN,1.0,2017-08-11 00:00:00,KIAMBU,M,PEDESTRIAN,A,,ADULT,,08/11,2017,8,August,11,Friday,2230,22.0,30.0,NIGHT,7.0,DRIVER / CYCLIST BEHAVIOUR,GKB 743E AND KCB 867E/KAX 965Z T/SALOON,False,False,False,False,False,False,True,False,False,True,False,False,False,
600,2330,RUIRU,KIAMBU,NAIROBI THIKA SERVICE LANE,KIHUNGURO SHELL PETROL STATION,UNKNOWN,HIT AND RUN,MALE,30,60.0,PEDESTRIAN,1.0,2017-08-11 00:00:00,KIAMBU,M,PEDESTRIAN,30,30.0,NUMERIC AGE,25-34,08/11,2017,8,August,11,Friday,2330,23.0,30.0,NIGHT,60.0,PEDESTRIAN BEHAVIOUR,UNKNOWN,False,False,False,False,False,False,False,True,False,True,False,False,False,
601,,KIKUYU,KIAMBU,GIKAMBURA NDEIYA ROAD,GIKAMBURA SHOPPING CENTRE,UNKNOWN,HIT AND RUN,MALE,A,98.0,PEDESTRIAN,1.0,2017-08-11 00:00:00,KIAMBU,M,PEDESTRIAN,A,,ADULT,,08/11,2017,8,August,11,Friday,,,,UNKNOWN,98.0,CAUSE NOT TRACED,UNKNOWN,False,False,False,False,False,False,False,True,False,True,False,False,False,
602,2300,MAGUMU,NYANDARUA,FLYOVER NJAMBINI ROAD,MWENDANDU TRADIND CENTRE,KMCL 800W,THE CYCLE KNOCKED DOWN THE VICTIM AND LANDED INTO A DITCH,MALE,A,68.0,MOTORCYCLIST,1.0,2017-08-11 00:00:00,NYANDARUA,M,M/CYCLIST,A,,ADULT,,08/11,2017,8,August,11,Friday,2300,23.0,0.0,NIGHT,68.0,PEDESTRIAN BEHAVIOUR,KMCL 800W,False,False,False,False,False,False,False,False,False,False,False,True,False,
603,2300,MAGUMU,NYANDARUA,FLYOVER NJAMBINI ROAD,MWENDANDU TRADIND CENTRE,KMCL 800W,THE CYCLE KNOCKED DOWN THE VICTIM AND LANDED INTO A DITCH,MALE,A,68.0,PEDESTRIAN,1.0,2017-08-11 00:00:00,NYANDARUA,M,PEDESTRIAN,A,,ADULT,,08/11,2017,8,August,11,Friday,2300,23.0,0.0,NIGHT,68.0,PEDESTRIAN BEHAVIOUR,KMCL 800W,False,False,False,False,False,False,False,False,False,False,False,True,False,
604,10,MOLO,NAKURU,MOLO TOWNSHIP,MOLO TOWNSHIP,UNKNOWN,HIT AND RUN,MALE,A,98.0,PEDESTRIAN,1.0,2017-08-11 00:00:00,NAKURU,M,PEDESTRIAN,A,,ADULT,,08/11,2017,8,August,11,Friday,10,0.0,10.0,NIGHT,98.0,CAUSE NOT TRACED,UNKNOWN,False,False,False,False,False,False,False,True,False,True,False,False,False,
605,2000,MAI MAHIU,NAKURU,MAI MAHIU,MAI MAHIU TOWNSHIP,KCC 844W TANKER,THE VICTIM FELL FROM THE TANKER,MALE,A,67.0,PEDESTRIAN,1.0,2017-08-11 00:00:00,NAKURU,M,PEDESTRIAN,A,,ADULT,,08/11,2017,8,August,11,Friday,2000,20.0,0.0,EVENING,67.0,PEDESTRIAN BEHAVIOUR,KCC 844W TANKER,False,False,False,False,False,False,False,False,True,True,False,False,False,
606,,NAKURU,NAKURU,NAKURU ELEMENTAITA,NGOROFA AREA,KCJ 155W T/MATATU,THE VEHICLE KNOCKED DOWN THE VICTIM,UNKNOWN,15,98.0,PEDESTRIAN,1.0,2017-08-11 00:00:00,NAKURU,J,PEDESTRIAN,15,15.0,NUMERIC AGE,0-17,08/11,2017,8,August,11,Friday,,,,UNKNOWN,98.0,CAUSE NOT TRACED,KCJ 155W T/MATATU,False,True,False,False,False,False,False,False,False,True,False,False,False,
607,230,GATUNDU,KIAMBU,GATUNDU KENYATTA,MUTOMO,UNKNOWN,THE VEHICLE KNOCKED DOWN THE VICTIM,MALE,A,,PEDESTRIAN,1.0,2017-08-11 00:00:00,KIAMBU,M,PEDESTRIAN,A,,ADULT,,08/11,2017,8,August,11,Friday,230,2.0,30.0,NIGHT,,NOT RECORDED,UNKNOWN,False,False,False,False,False,False,False,True,False,True,False,False,False,
608,40,STAREHE,NAIROBI,THIKA ROAD,MUTHAIGA,UNKNOWN,HIT AND RUN,MALE,A,98.0,PEDESTRIAN,1.0,2017-08-11 00:00:00,NAIROBI,M,PEDESTRIAN,A,,ADULT,,08/11,2017,8,August,11,Friday,40,0.0,40.0,NIGHT,98.0,CAUSE NOT TRACED,UNKNOWN,False,False,False,False,False,False,False,True,False,True,False,False,False,
590,440,KILIMANI,NAIROBI,NGONG ROAD,ADAMS ARCADE,KCK 383K TOYOTA BELTA,THE VEHICLE KNOCKED DOWN THE VICTIM,FEMALE,40,7.0,PEDESTRIAN,1.0,2017-08-12 00:00:00,NAIROBI,F,PEDESTRIAN,40,40.0,NUMERIC AGE,35-44,08/12,2017,8,August,12,Saturday,440,4.0,40.0,NIGHT,7.0,DRIVER / CYCLIST BEHAVIOUR,KCK 383K TOYOTA BELTA,False,False,False,False,False,False,True,False,False,True,False,False,False,
591,2100,ATHI RIVER,MACHAKOS,NAIROBI MOMBASA,NATION CENTRE,KCF 629Q SUBARU FORESTER,THE VEHICLE KNOCKED DOWN THE VICTIM,MALE,30,60.0,PEDESTRIAN,1.0,2017-08-12 00:00:00,MACHAKOS,M,PEDESTRIAN,30,30.0,NUMERIC AGE,25-34,08/12,2017,8,August,12,Saturday,2100,21.0,0.0,NIGHT,60.0,PEDESTRIAN BEHAVIOUR,KCF 629Q SUBARU FORESTER,False,False,False,False,False,False,False,False,False,False,False,True,False,
592,1430,MERU,MERU,MERU NKUBU,NGONYI,KCL 205P ISUZU LORRY,THE VEHICLE KNOCKED DOWN THE VICTIM,MALE,A,8.0,PEDESTRIAN,1.0,2017-08-12 00:00:00,MERU,M,PEDESTRIAN,A,,ADULT,,08/12,2017,8,August,12,Saturday,1430,14.0,30.0,AFTERNOON,8.0,DRIVER / CYCLIST BEHAVIOUR,KCL 205P ISUZU LORRY,False,False,False,True,False,False,False,False,False,True,False,False,False,
593,1430,KAYOLE,NAIROBI,JOGOO ROAD,RASTA STAGE,KBL 253E ISUZU CANTER,THE VEHICLE KNOCKED DOWN THE VICTIM,FEMALE,J,7.0,PEDESTRIAN,1.0,2017-08-12 00:00:00,NAIROBI,F,PEDESTRIAN,J,,JUVENILE,,08/12,2017,8,August,12,Saturday,1430,14.0,30.0,AFTERNOON,7.0,DRIVER / CYCLIST BEHAVIOUR,KBL 253E ISUZU CANTER,False,False,False,True,False,False,False,False,False,True,False,False,False,
594,1200,LAIKIPIA,LAIKIPIA,NANYUKI BARAKA,SLAUGHTER HOUSE,KMEA 640C TIGER,THE CYCLE KNOCKED DOWN THE VICTIM,FEMALE,A,63.0,PEDESTRIAN,1.0,2017-08-12 00:00:00,LAIKIPIA,F,PEDESTRIAN,A,,ADULT,,08/12,2017,8,August,12,Saturday,1200,12.0,0.0,AFTERNOON,63.0,PEDESTRIAN BEHAVIOUR,KMEA 640C TIGER,False,False,False,False,False,False,False,False,False,False,False,True,False,
595,,LARI,KIAMBU,LARI,LARI KIAMBU,KBL 326K SALOON,THE VEHICLE LOST CONTROL AND ROLLED SEVERAL TIMES,MALE,A,26.0,PASSENGER,1.0,2017-08-12 00:00:00,KIAMBU,M,PASSENGER,A,,ADULT,,08/12,2017,8,August,12,Saturday,,,,UNKNOWN,26.0,DRIVER / CYCLIST BEHAVIOUR,KBL 326K SALOON,False,False,False,False,False,False,True,False,False,True,False,False,False,
585,1630,RUNYENJES,EMBU,EMBU-MERU,AT MUFU AREA,KBF 474S MATATU,THE VEHICLE KNOCKED DOWN THE VICTIM,MALE,60,60.0,PEDESTRIAN,1.0,2017-08-13 00:00:00,EMBU,M,PEDESTRIAN,60,60.0,NUMERIC AGE,55-64,8/13/2017,2017,8,August,13,Sunday,1630,16.0,30.0,AFTERNOON,60.0,PEDESTRIAN BEHAVIOUR,KBF 474S MATATU,False,True,False,False,False,False,False,False,False,True,False,False,False,
586,1745,MAKINDU,MAKUENI,NAIROBI-MOMBASA,AT MAKINDU TOWN NEAR BRIDGE,KBV 514L/ZE 5732 VOLKSWAGEN TRAILER,THE VEHICLE KNOCKED DOWN THE VICTIM,MALE,28,64.0,PEDESTRIAN,1.0,2017-08-13 00:00:00,MAKUENI,M,PEDESTRIAN,28,28.0,NUMERIC AGE,25-34,8/13/2017,2017,8,August,13,Sunday,1745,17.0,45.0,EVENING,64.0,PEDESTRIAN BEHAVIOUR,KBV 514L/ZE 5732 VOLKSWAGEN TRAILER,False,False,False,False,False,False,False,False,True,True,False,False,False,
587,2030,NGOLIBA,KIAMBU,THIKA-MATUU,AT MAGOGONI AREA,KBN 146D MATATU,THE VEHICLE KNOCKED DOWN THE VICTIM,MALE,60,60.0,PEDESTRIAN,1.0,2017-08-13 00:00:00,KIAMBU,M,PEDESTRIAN,60,60.0,NUMERIC AGE,55-64,8/13/2017,2017,8,August,13,Sunday,2030,20.0,30.0,EVENING,60.0,PEDESTRIAN BEHAVIOUR,KBN 146D MATATU,False,True,False,False,False,False,False,False,False,True,False,False,False,
588,50,DTEO STAREHE,NAIROBI,THIKA SUPERHIGH WAY,NEAR UTALII COLLEGE,KBL 325J FIELDER & KBT 596K T/ISIS,THE TOYOTA ISIS HIT THE TOYOTA FIELDER WHICH STALLED ON THE ROAD DUE TO MECHANICAL PROBLEMS,MALE,A,76.0,DRIVER,1.0,2017-08-13 00:00:00,NAIROBI,M,DRIVER,A,,ADULT,,8/13/2017,2017,8,August,13,Sunday,50,0.0,50.0,NIGHT,76.0,OBSTRUCTION,KBL 325J FIELDER & KBT 596K T/ISIS,False,False,False,False,False,False,True,False,False,True,False,False,False,
589,30,CHANGAMWE,MOMBASA,AIRPORT ROAD,NEAR BOMU AREA,KBZ 397L T/PREMIO,THE VEHICLE LOST CONTROL AND LANDED OFF THE ROAD,MALE,51,26.0,DRIVER,1.0,2017-08-13 00:00:00,MOMBASA,M,DRIVER,51,51.0,NUMERIC AGE,45-54,8/13/2017,2017,8,August,13,Sunday,30,0.0,30.0,NIGHT,26.0,DRIVER / CYCLIST BEHAVIOUR,KBZ 397L T/PREMIO,False,False,False,False,False,False,True,False,False,True,False,False,False,
583,1930,KISERIAN,KAJIADO,KISERIAN MAGADI,MLIMA CHAIR LADY AREA,KBW 931Z MITSUBISHI FUSO LORRY & KCD 890S TOYOTA PROBOX,HEAD ON COLLSION,MALE,16,8.0,PASSENGER,1.0,2017-08-14 00:00:00,KAJIADO,M,PASSENGER,16,16.0,NUMERIC AGE,0-17,8/14/2017,2017,8,August,14,Monday,1930,19.0,30.0,EVENING,8.0,DRIVER / CYCLIST BEHAVIOUR,KBW 931Z MITSUBISHI FUSO LORRY & KCD 890S TOYOTA PROBOX,False,False,False,True,False,False,True,False,False,True,False,False,False,
584,1800,VOI,TAITA TAVETA,SOFIA ST BARANABUS CHURCH,NEAR SOFIA AREA,06CG03 FORD RANGER P/UP,THE VEHICLE KNOCKED DOWN THE VICTIM,MALE,8,62.0,PEDESTRIAN,1.0,2017-08-14 00:00:00,TAITA TAVETA,M,PEDESTRIAN,8,8.0,NUMERIC AGE,0-17,8/14/2017,2017,8,August,14,Monday,1800,18.0,0.0,EVENING,62.0,PEDESTRIAN BEHAVIOUR,06CG03 FORD RANGER P/UP,False,False,False,False,True,False,False,False,False,True,False,False,False,
581,2200,DIANI,KWALE,UKUNDA LIKONI ROAD,TIWI SPOTT AREA,KBS 351L PROBOX & TUKTUK KTWB 799G,HEAD ON COLLSION,MALE,27,10.0,DRIVER,1.0,2017-08-15 00:00:00,KWALE,M,DRIVER,27,27.0,NUMERIC AGE,25-34,8/15/2017,2017,8,August,15,Tuesday,2200,22.0,0.0,NIGHT,10.0,DRIVER / CYCLIST BEHAVIOUR,KBS 351L PROBOX & TUKTUK KTWB 799G,False,False,False,False,False,False,True,False,False,True,False,False,False,
582,1150,NAROMORU,NYERI,NYERI NANYUKI ROAD,AT AIRSTRIP AREA,KAM 084N L/ROVER & KMCL 787D,HEAD ON COLLSION,MALE,45,79.0,MOTORCYCLIST,1.0,2017-08-15 00:00:00,NYERI,M,M/CYCLIT,45,45.0,NUMERIC AGE,45-54,8/15/2017,2017,8,August,15,Tuesday,1150,11.0,50.0,MORNING,79.0,VEHICLE DEFECT,KAM 084N L/ROVER & KMCL 787D,False,False,False,False,False,False,False,False,False,False,False,True,False,
578,1840,KERICHO,KERICHO,KERICHO-KISUMU,SAMUTET AREA,UNREGISTERED M/CYCLE,THE M/CYCLE LOST CONTROL AND LANDED INTO A DITCH,MALE,25,54.0,PILLION PASSENGER,1.0,2017-08-16 00:00:00,KERICHO,M,P/PASSENGER,25,25.0,NUMERIC AGE,25-34,8/16/2017,2017,8,August,16,Wednesday,1840,18.0,40.0,EVENING,54.0,DRIVER / CYCLIST BEHAVIOUR,UNREGISTERED M/CYCLE,True,False,False,False,False,False,False,False,False,True,False,False,False,
579,2130,NYAHURURU,NYANDARUA,NYAHURURU-OLKALOU,OLJOROROK BRIDGE,KMCY 043P & KBN 806F MITSUBISHI CANTER,HEAD ON COLLISION,MALE,A,10.0,MOTORCYCLIST,1.0,2017-08-16 00:00:00,NYANDARUA,M,M/CYCLIST,A,,ADULT,,8/16/2017,2017,8,August,16,Wednesday,2130,21.0,30.0,NIGHT,10.0,DRIVER / CYCLIST BEHAVIOUR,KMCY 043P & KBN 806F MITSUBISHI CANTER,False,False,False,True,False,False,False,False,False,True,False,False,False,
580,2100,LANGATA,NAIROBI,SOUTHERN BY PASS,NEAR RAILA ESTATE,KCJ 344N TOYOTA SALOON,THE VEHICLE KNOCKED DOWN THE VICTIM,MALE,14,98.0,PEDESTRIAN,1.0,2017-08-16 00:00:00,NAIROBI,M,PEDESTRIAN,14,14.0,NUMERIC AGE,0-17,8/16/2017,2017,8,August,16,Wednesday,2100,21.0,0.0,NIGHT,98.0,CAUSE NOT TRACED,KCJ 344N TOYOTA SALOON,False,False,False,False,False,False,True,False,False,True,False,False,False,
573,715,LONDIANI,KERICHO,KERICHO NAKURU ROAD,AT JUBERT AREA,UAN 174S SCANIA TRAILER & KCG 863Z FH TANKER,THE VEHICLE RAMMED ON THE REAR OF THE TANKER LORRY,MALE,A,7.0,DRIVER,1.0,2017-08-18 00:00:00,KERICHO,M,DRIVER,A,,ADULT,,8/18/2017,2017,8,August,18,Friday,715,7.0,15.0,MORNING,7.0,DRIVER / CYCLIST BEHAVIOUR,UAN 174S SCANIA TRAILER & KCG 863Z FH TANKER,False,False,False,False,False,False,False,False,True,True,False,False,False,
574,700,SALAMA,MAKUENI,MOMBASA NAIROBI,NEAR KIIMA JUNCTION,KCL 879M & KBR 759P MITSUBISHI FH LORRIES,HEAD ON COLLISION,MALE,A,10.0,DRIVER,1.0,2017-08-18 00:00:00,MAKUENI,M,DRIVER,A,,ADULT,,8/18/2017,2017,8,August,18,Friday,700,7.0,0.0,MORNING,10.0,DRIVER / CYCLIST BEHAVIOUR,KCL 879M & KBR 759P MITSUBISHI FH LORRIES,False,False,False,True,False,False,False,False,False,True,False,False,False,
575,700,SALAMA,MAKUENI,MOMBASA NAIROBI,NEAR KIIMA JUNCTION,KCL 879M & KBR 759P MITSUBISHI FH LORRIES,HEAD ON COLLISION,MALE,A,10.0,PASSENGER,1.0,2017-08-18 00:00:00,MAKUENI,M,PASSENGER,A,,ADULT,,8/18/2017,2017,8,August,18,Friday,700,7.0,0.0,MORNING,10.0,DRIVER / CYCLIST BEHAVIOUR,KCL 879M & KBR 759P MITSUBISHI FH LORRIES,False,False,False,True,False,False,False,False,False,True,False,False,False,
576,1200,RUNYENJES,EMBU,UGWERI RUNYEJES ROAD,MWANANDEGA AREA,KAN 817A MATATU,THE VEHICLE KNOCKED DOWN THE VICTIM,MALE,8,98.0,PEDESTRIAN,1.0,2017-08-18 00:00:00,EMBU,M,PEDESTRIAN,8,8.0,NUMERIC AGE,0-17,8/18/2017,2017,8,August,18,Friday,1200,12.0,0.0,AFTERNOON,98.0,CAUSE NOT TRACED,KAN 817A MATATU,False,True,False,False,False,False,False,False,False,True,False,False,False,
577,1630,KARURI,KIAMBU,LIMURU NAIROBI,KIANJOGU AREA,KAP 238A FUSO LORRY & KCC 179H/ZE 8738 FAW,HEAD ON COLLISION,MALE,35,72.0,DRIVER,2.0,2017-08-18 00:00:00,KIAMBU,M,DRIVER,35,35.0,NUMERIC AGE,35-44,8/18/2017,2017,8,August,18,Friday,1630,16.0,30.0,AFTERNOON,72.0,PASSENGER / ATTENDANT,KAP 238A FUSO LORRY & KCC 179H/ZE 8738 FAW,False,False,False,True,False,False,False,False,False,True,False,False,False,
567,800,KISERIAN,KAJIADO,NGONG KISERIAN,ROIMEN AREA,KBK 835M TOYOTA COROLLA,THE VEHICLE KNOCKED DOWN THE VICTIM,MALE,A,7.0,PEDESTRIAN,1.0,2017-08-19 00:00:00,KAJIADO,M,PEDESTRIAN,A,,ADULT,,8/19/2017,2017,8,August,19,Saturday,800,8.0,0.0,MORNING,7.0,DRIVER / CYCLIST BEHAVIOUR,KBK 835M TOYOTA COROLLA,False,False,False,False,False,False,True,False,False,True,False,False,False,
568,930,MTITO ANDEI,MAKUENI,MOMBASA NAIROBI,KYULU AREA,UNKNOWN M/V,HIT & RUN,MALE,A,63.0,PEDESTRIAN,1.0,2017-08-19 00:00:00,MAKUENI,M,PEDESTRIAN,A,,ADULT,,8/19/2017,2017,8,August,19,Saturday,930,9.0,30.0,MORNING,63.0,PEDESTRIAN BEHAVIOUR,UNKNOWN M/V,False,False,False,False,False,False,False,True,False,True,False,False,False,
569,1030,VOI,TAITA TAVETA,MOMBASA NAIROBI,NDARA AREA,KCM 108P TOYOTA PASSO & KBU 656L TOYOTA HARRIER,HEAD ON COLLISION,FEMALE,A,10.0,PASSENGER,1.0,2017-08-19 00:00:00,TAITA TAVETA,F,PASSENGER,A,,ADULT,,8/19/2017,2017,8,August,19,Saturday,1030,10.0,30.0,MORNING,10.0,DRIVER / CYCLIST BEHAVIOUR,KCM 108P TOYOTA PASSO & KBU 656L TOYOTA HARRIER,False,False,False,False,False,False,True,False,False,True,False,False,False,
570,1100,MAKUENI,MAKUENI,MUMBINI WOTE,MUMBINI AREA,UNKNOWN M/V,HIT & RUN,MALE,A,98.0,PEDESTRIAN,1.0,2017-08-19 00:00:00,MAKUENI,M,PEDESTRIAN,A,,ADULT,,8/19/2017,2017,8,August,19,Saturday,1100,11.0,0.0,MORNING,98.0,CAUSE NOT TRACED,UNKNOWN M/V,False,False,False,False,False,False,False,True,False,True,False,False,False,
571,1720,KAYOLE,NAIROBI,KANGUNDO ROAD,KOMAROCK PETROL STATION,KBS 338L ISUZU MINI BUS,THE VEHICLE KNOCKED DOWN THE VICTIM,MALE,35,72.0,PEDESTRIAN,1.0,2017-08-19 00:00:00,NAIROBI,M,PEDESTRIAN,35,35.0,NUMERIC AGE,35-44,8/19/2017,2017,8,August,19,Saturday,1720,17.0,20.0,EVENING,72.0,PASSENGER / ATTENDANT,KBS 338L ISUZU MINI BUS,False,False,True,False,False,False,False,False,False,True,False,False,False,
572,1400,GARISSA,GARISSA,GARISSA IJARA,LUKA AREA,GKB 402S TOYOTA L/CRUISER,THE VEHICLE LOST CONTROL AND OVERTURNED,MALE,A,29.0,PASSENGER,2.0,2017-08-19 00:00:00,GARISSA,M,PASSENGER,A,,ADULT,,8/19/2017,2017,8,August,19,Saturday,1400,14.0,0.0,AFTERNOON,29.0,DRIVER / CYCLIST BEHAVIOUR,GKB 402S TOYOTA L/CRUISER,False,False,False,False,False,False,True,False,False,True,False,False,False,
563,700,BURUBURU,NAIROBI,OUTERING,SHELL PETROL STATION,KCK 032F MINI BUS,THE VEHICLE LOST CONTROL AND LANDED INTO A DITCH,MALE,37,26.0,PASSENGER,1.0,2017-08-20 00:00:00,NAIROBI,M,PASSENGER,37,37.0,NUMERIC AGE,35-44,8/20/2017,2017,8,August,20,Sunday,700,7.0,0.0,MORNING,26.0,DRIVER / CYCLIST BEHAVIOUR,KCK 032F MINI BUS,False,False,True,False,False,False,False,False,False,True,False,False,False,
564,830,GIGIRI,NAIROBI,WAIYAKI WAY,ABC AREA,KBS 142K ISUZU M/BUS,THE PASSENGER JUMPED OUT OFF THE VEHICLE AND FELL DOWN,MALE,A,58.0,PASSENGER,1.0,2017-08-20 00:00:00,NAIROBI,M,PASSENGER,A,,ADULT,,8/20/2017,2017,8,August,20,Sunday,830,8.0,30.0,MORNING,58.0,DRIVER / CYCLIST BEHAVIOUR,KBS 142K ISUZU M/BUS,False,False,True,False,False,False,False,False,False,True,False,False,False,
565,1440,NYERI,NYERI,KARATINA-NYERI,KIANJOGU DAM,KCB 381C T/HILUX P/UP,THE VEHICLE KNOCKED DOWN THE VICTIM,MALE,A,26.0,PEDESTRIAN,1.0,2017-08-20 00:00:00,NYERI,M,PEDESTRIAN,A,,ADULT,,8/20/2017,2017,8,August,20,Sunday,1440,14.0,40.0,AFTERNOON,26.0,DRIVER / CYCLIST BEHAVIOUR,KCB 381C T/HILUX P/UP,False,False,False,False,True,False,False,False,False,True,False,False,False,
566,1645,MAKONGENI,NAIROBI,MUTHURWA,MUTHURWA,KBS 910K MITSUBISHI FH MATATU,THE VEHICLE KNOCKED DOWN THE VICTIM,MALE,A,63.0,PEDESTRIAN,1.0,2017-08-20 00:00:00,NAIROBI,M,PEDESTRIAN,A,,ADULT,,8/20/2017,2017,8,August,20,Sunday,1645,16.0,45.0,AFTERNOON,63.0,PEDESTRIAN BEHAVIOUR,KBS 910K MITSUBISHI FH MATATU,False,True,False,False,False,False,False,False,False,True,False,False,False,
560,930,KAKAMEGA,KAKAMEGA,SIGALAGALA-BUKURA,MALINYA,KAE 722E NISSAN SUNNY,THE VEHICLE KNOCKED DOWN THE VICTIM,FEMALE,4,29.0,PEDESTRIAN,1.0,2017-08-21 00:00:00,KAKAMEGA,F,PEDESTRIAN,4,4.0,NUMERIC AGE,0-17,8/21/2017,2017,8,August,21,Monday,930,9.0,30.0,MORNING,29.0,DRIVER / CYCLIST BEHAVIOUR,KAE 722E NISSAN SUNNY,False,False,False,False,False,False,False,False,False,False,False,True,False,
561,1240,DTEO CENTRAL,NAIROBI,NEW PUMWANI ROAD,ECHO ROUNDABOUT,KMCK 374E BAJAJ,THE M/CYCLE LOST CONTROL AND ROLLED,MALE,A,26.0,MOTORCYCLIST,1.0,2017-08-21 00:00:00,NAIROBI,M,M/CYCLIST,A,,ADULT,,8/21/2017,2017,8,August,21,Monday,1240,12.0,40.0,AFTERNOON,26.0,DRIVER / CYCLIST BEHAVIOUR,KMCK 374E BAJAJ,True,False,False,False,False,False,False,False,False,True,False,False,False,
562,1440,KENDU BAY,HOMA BAY,KENDU BAY-HOMA BAY,ADIEDO,GKB 068E T/L/CRUISER,THE PASSENGER FELL FROM THE VEHICLE WHILE ON MOTION,MALE,A,70.0,PASSENGER,1.0,2017-08-21 00:00:00,HOMA BAY,M,PASSENGER,A,,ADULT,,8/21/2017,2017,8,August,21,Monday,1440,14.0,40.0,AFTERNOON,70.0,PASSENGER / ATTENDANT,GKB 068E T/L/CRUISER,False,False,False,False,False,False,True,False,False,True,False,False,False,
538,940,EMBU,EMBU,EMBU MANYATTA,LIANJOGU,KBV 887E NISSAN AD,THE VEHICLE KNOCKED DOWN THE VICTIM,MALE,60,26.0,PEDESTRIAN,1.0,2017-08-27 00:00:00,EMBU,M,PEDESTRIAN,60,60.0,NUMERIC AGE,55-64,8/27/2017,2017,8,August,27,Sunday,940,9.0,40.0,MORNING,26.0,DRIVER / CYCLIST BEHAVIOUR,KBV 887E NISSAN AD,False,False,False,False,False,False,False,False,False,False,False,True,False,
539,1130,KAYOLE,NAIROBI,KAYOLE,MASIMBA,KBZ 916P MITSUBISHI BUS,THE VICTIM FELL DOWN WHILE THE VEHICLE WAS IN MOTION AND WAS OVER RAN,MALE,25,53.0,PASSENGER,1.0,2017-08-27 00:00:00,NAIROBI,M,PASSENGER,25,25.0,NUMERIC AGE,25-34,8/27/2017,2017,8,August,27,Sunday,1130,11.0,30.0,MORNING,53.0,DRIVER / CYCLIST BEHAVIOUR,KBZ 916P MITSUBISHI BUS,False,False,True,False,False,False,False,False,False,True,False,False,False,
540,1230,NYERI,NYERI,NYERI KARATINA,WAMBUGU FARM,"KBV 288Y,KMEC 177M CAPTAIN",THE VEHICLE KNOCKED DOWN THE VICTIM,MALE,A,10.0,MOTORCYCLIST,1.0,2017-08-27 00:00:00,NYERI,M,M/CYCLIST,A,,ADULT,,8/27/2017,2017,8,August,27,Sunday,1230,12.0,30.0,AFTERNOON,10.0,DRIVER / CYCLIST BEHAVIOUR,"KBV 288Y,KMEC 177M CAPTAIN",False,False,False,False,False,False,False,False,False,False,False,True,False,
541,1150,GILGIL,NAKURU,GILGIL NAKURU,SOYSAMBU,"KCM 315S T/LAND CRUISER,UEC 668 HONDA",THE VEHICLE KNOCKED DOWN THE VICTIM,MALE,34,10.0,MOTORCYCLIST,1.0,2017-08-27 00:00:00,NAKURU,M,M/CYCLIST,34,34.0,NUMERIC AGE,25-34,8/27/2017,2017,8,August,27,Sunday,1150,11.0,50.0,MORNING,10.0,DRIVER / CYCLIST BEHAVIOUR,"KCM 315S T/LAND CRUISER,UEC 668 HONDA",False,False,False,False,False,False,True,False,False,True,False,False,False,
542,1600,NYAMIRA,NYAMIRA,NYAMIRA IKONGE,IBARA,KCH 076B ISUZU P/UP,THE VEHICLE KNOCKED DOWN THE VICTIM,MALE,40,98.0,PEDESTRIAN,1.0,2017-08-27 00:00:00,NYAMIRA,M,PEDESTRIAN,40,40.0,NUMERIC AGE,35-44,8/27/2017,2017,8,August,27,Sunday,1600,16.0,0.0,AFTERNOON,98.0,CAUSE NOT TRACED,KCH 076B ISUZU P/UP,False,False,False,False,True,False,False,False,False,True,False,False,False,
543,1600,KAKAMEGA,KAKAMEGA,KAKAMEGA WEBUYE,ANDITI,KBV 039H P/UP,THE VEHICLE KNOCKED DOWN THE VICTIM,MALE,A,63.0,PEDESTRIAN,1.0,2017-08-27 00:00:00,KAKAMEGA,M,PEDESTRIAN,A,,ADULT,,8/27/2017,2017,8,August,27,Sunday,1600,16.0,0.0,AFTERNOON,63.0,PEDESTRIAN BEHAVIOUR,KBV 039H P/UP,False,False,False,False,True,False,False,False,False,True,False,False,False,
544,1700,MUMIAS,KAKAMEGA,MUMIAS EBUYANGU,EBBWARIRO,KCL 624X TOYOTA PROBOX,THE VEHICLE GOT A TYRE BURST AND ROLLED SEVERAL TIMES,FEMALE,A,54.0,PASSENGER,2.0,2017-08-27 00:00:00,KAKAMEGA,F,PASSENGER,A,,ADULT,,8/27/2017,2017,8,August,27,Sunday,1700,17.0,0.0,EVENING,54.0,DRIVER / CYCLIST BEHAVIOUR,KCL 624X TOYOTA PROBOX,False,False,False,False,False,False,True,False,False,True,False,False,False,
545,1740,MANDERA,MANDERA,MANDERA MALKA SUFTU,DUAN,KAR 668P NISSAN MATATU,THE VICTIM FELL DOWN WHILE THE VEHICLE WAS IN MOTION AND WAS OVER RAN,MALE,A,28.0,PASSENGER,1.0,2017-08-27 00:00:00,MANDERA,M,PASSENGER,A,,ADULT,,8/27/2017,2017,8,August,27,Sunday,1740,17.0,40.0,EVENING,28.0,DRIVER / CYCLIST BEHAVIOUR,KAR 668P NISSAN MATATU,False,True,False,False,False,False,False,False,False,True,False,False,False,
546,1810,GILGIL,NAKURU,NAIVASHA GILGIL,RAILWAY FLYOVER,KMDC 647X K SONGYI,THE CYCLE WAS HIT FROM BEHIND BY UNKNOWN VEHICLE,MALE,A,98.0,MOTORCYCLIST,1.0,2017-08-27 00:00:00,NAKURU,M,M/CYCLIST,A,,ADULT,,8/27/2017,2017,8,August,27,Sunday,1810,18.0,10.0,EVENING,98.0,CAUSE NOT TRACED,KMDC 647X K SONGYI,False,False,False,False,False,False,False,False,False,False,False,True,False,
547,1845,OYUGIS,HOMA BAY,OYUGIS KISUMU,ATELA,KCG 758N TOYOTA MATATU,THE VEHICLE KNOCKED DOWN THE VICTIM,MALE,J,9.0,PEDESTRIAN,1.0,2017-08-27 00:00:00,HOMA BAY,M,PEDESTRIAN,J,,JUVENILE,,8/27/2017,2017,8,August,27,Sunday,1845,18.0,45.0,EVENING,9.0,DRIVER / CYCLIST BEHAVIOUR,KCG 758N TOYOTA MATATU,False,True,False,False,False,False,False,False,False,True,False,False,False,
548,1930,KIAMBU,KIAMBU,NAIROBI NAIVASHA,KIMENDE,UNKNOWN,HIT AND RUN,FEMALE,50,98.0,PEDESTRIAN,1.0,2017-08-27 00:00:00,KIAMBU,F,PEDESTRIAN,50,50.0,NUMERIC AGE,45-54,8/27/2017,2017,8,August,27,Sunday,1930,19.0,30.0,EVENING,98.0,CAUSE NOT TRACED,UNKNOWN,False,False,False,False,False,False,False,True,False,True,False,False,False,
549,2000,BUTERE,KAKAMEGA,SHIATSALA MANYULIA,SHIANDA,"KCJ 688X NISSAN MATATU,KMCF 736F TVS",THE VEHICLE KNOCKED DOWN THE VICTIM,MALE,A,8.0,PILLION PASSENGER,1.0,2017-08-27 00:00:00,KAKAMEGA,M,P/PASSENGER,A,,ADULT,,8/27/2017,2017,8,August,27,Sunday,2000,20.0,0.0,EVENING,8.0,DRIVER / CYCLIST BEHAVIOUR,"KCJ 688X NISSAN MATATU,KMCF 736F TVS",True,True,False,False,False,False,False,False,False,True,False,False,False,
550,2000,BUTERE,KAKAMEGA,SHIATSALA MANYULIA,SHIANDA,"KCJ 688X NISSAN MATATU,KMCF 736F TVS",THE VEHICLE KNOCKED DOWN THE VICTIM,MALE,A,8.0,MOTORCYCLIST,1.0,2017-08-27 00:00:00,KAKAMEGA,M,M/CYCLIST,A,,ADULT,,8/27/2017,2017,8,August,27,Sunday,2000,20.0,0.0,EVENING,8.0,DRIVER / CYCLIST BEHAVIOUR,"KCJ 688X NISSAN MATATU,KMCF 736F TVS",True,True,False,False,False,False,False,False,False,True,False,False,False,
551,2130,NYERI,NYERI,NYERI NANUKI,BANTU,KBM 967N PPTR COMPRESSOR/KBX 141T T/MATATU,HEAD ON COLLISION,MALE,,7.0,PASSENGER,3.0,2017-08-27 00:00:00,NYERI,M,PASSENGER,,,UNKNOWN,,8/27/2017,2017,8,August,27,Sunday,2130,21.0,30.0,NIGHT,7.0,DRIVER / CYCLIST BEHAVIOUR,KBM 967N PPTR COMPRESSOR/KBX 141T T/MATATU,False,True,False,False,False,False,False,False,False,True,False,False,False,
552,1900,SOTIK,BOMET,KAPLETUNDO CHEBOLE,KAPLETUNDO,KBA 036V TOYOTA SALOON,THE VEHICLE LOST CONTROL AND KNOCKED DOWN THE VICTIM,MALE,71,26.0,PEDESTRIAN,1.0,2017-08-27 00:00:00,BOMET,M,PEDESTRIAN,71,71.0,NUMERIC AGE,65+,8/27/2017,2017,8,August,27,Sunday,1900,19.0,0.0,EVENING,26.0,DRIVER / CYCLIST BEHAVIOUR,KBA 036V TOYOTA SALOON,False,False,False,False,False,False,True,False,False,True,False,False,False,
553,2300,KAJIADO,KAJIADO,NGONG KISERIAN,KAURAI JUNCTION,"KBF 633K TOYOTA SALOON,KMDX 282X HAUJIN",THE VEHICLE HIT THE M/CYCLE FROM BEHIND,MALE,A,4.0,MOTORCYCLIST,1.0,2017-08-27 00:00:00,KAJIADO,M,M/CYCLIST,A,,ADULT,,8/27/2017,2017,8,August,27,Sunday,2300,23.0,0.0,NIGHT,4.0,DRIVER / CYCLIST BEHAVIOUR,"KBF 633K TOYOTA SALOON,KMDX 282X HAUJIN",False,False,False,False,False,False,True,False,False,True,False,False,False,
554,2300,SOTIK,BOMET,KAPLONG BOMET,MIGINGO,"KBU 177P ISUZU NPR,KMDZ 239Z BOXER",HEAD ON COLLISION,MALE,A,8.0,PILLION PASSENGER,1.0,2017-08-27 00:00:00,BOMET,M,P/PASSENGER,A,,ADULT,,8/27/2017,2017,8,August,27,Sunday,2300,23.0,0.0,NIGHT,8.0,DRIVER / CYCLIST BEHAVIOUR,"KBU 177P ISUZU NPR,KMDZ 239Z BOXER",True,False,False,False,False,False,False,False,False,True,False,False,False,
555,2300,SOTIK,BOMET,KAPLONG BOMET,MIGINGO,"KBU 177P ISUZU NPR,KMDZ 239Z BOXER",HEAD ON COLLISION,MALE,A,8.0,MOTORCYCLIST,1.0,2017-08-27 00:00:00,BOMET,M,M/CYCLIST,A,,ADULT,,8/27/2017,2017,8,August,27,Sunday,2300,23.0,0.0,NIGHT,8.0,DRIVER / CYCLIST BEHAVIOUR,"KBU 177P ISUZU NPR,KMDZ 239Z BOXER",True,False,False,False,False,False,False,False,False,True,False,False,False,
556,2230,DIANI,KWALE,MSAMBWENI UKUNDA,GASSI,"KAN 551P NISSAN MATATU,KBB 519P NISSAN MATATU",HEAD ON COLLISION,MALE,A,26.0,DRIVER,1.0,2017-08-27 00:00:00,KWALE,M,DRIVER,A,,ADULT,,8/27/2017,2017,8,August,27,Sunday,2230,22.0,30.0,NIGHT,26.0,DRIVER / CYCLIST BEHAVIOUR,"KAN 551P NISSAN MATATU,KBB 519P NISSAN MATATU",False,True,False,False,False,False,False,False,False,True,False,False,False,
557,1630,MAUA,MERU,MERU MAUA,,"KBK 669F TOYOTA HIACE,KBW 178K T/PROBOX",THE CYCLE HIT THE MATATU AND THEN WAS OVERRAN BY THE SAME MATATU,MALE,A,26.0,PILLION PASSENGER,1.0,2017-08-27 00:00:00,MERU,M,P/PASSENGER,A,,ADULT,,8/27/2017,2017,8,August,27,Sunday,1630,16.0,30.0,AFTERNOON,26.0,DRIVER / CYCLIST BEHAVIOUR,"KBK 669F TOYOTA HIACE,KBW 178K T/PROBOX",False,False,False,False,False,False,True,False,False,True,True,False,False,
558,1630,MAUA,MERU,MERU MAUA,,"KBK 669F TOYOTA HIACE,KBW 178K T/PROBOX",THE CYCLE HIT THE MATATU AND THEN WAS OVERRAN BY THE SAME MATATU,MALE,A,26.0,MOTORCYCLIST,1.0,2017-08-27 00:00:00,MERU,M,M/CYCLIST,A,,ADULT,,8/27/2017,2017,8,August,27,Sunday,1630,16.0,30.0,AFTERNOON,26.0,DRIVER / CYCLIST BEHAVIOUR,"KBK 669F TOYOTA HIACE,KBW 178K T/PROBOX",False,False,False,False,False,False,True,False,False,True,True,False,False,
559,1945,MAKUENI,MAKUENI,KITISE KIKOME,KITISE SLAUGHTER,KMDQ 721T SKYGO,THE CYCLE LOST CONTROL AND HIT A TREE,MALE,25,26.0,PASSENGER,1.0,2017-08-27 00:00:00,MAKUENI,M,PASSENGER,25,25.0,NUMERIC AGE,25-34,8/27/2017,2017,8,August,27,Sunday,1945,19.0,45.0,EVENING,26.0,DRIVER / CYCLIST BEHAVIOUR,KMDQ 721T SKYGO,True,False,False,False,False,False,False,False,False,True,False,False,False,
532,600,KEROKA,NYAMIRA,KEROKA-MASIMBA,ICHUNI AREA,KBQ 498P LORRY AND UNKNOWN M/CYCLE,THE MOTOR CYCLE HIT THE REAR OF THE LORRY,MALE,A,37.0,MOTORCYCLIST,1.0,2017-08-30 00:00:00,NYAMIRA,M,M/CYCLIST,A,,ADULT,,8/30/2017,2017,8,August,30,Wednesday,600,6.0,0.0,MORNING,37.0,DRIVER / CYCLIST BEHAVIOUR,KBQ 498P LORRY AND UNKNOWN M/CYCLE,True,False,False,True,False,False,False,True,False,True,False,False,False,
533,630,LONDIANI,KERICHO,MAU SUMMIT -KERICHO,JUBERT AREA,KTCB 622R MESSEY FRRGUSON TRACTOR & KCD 602Y MATATU,THE MATATU RAMMED INTO THE TRACTOR,MALE,A,29.0,DRIVER & PASSENGER,2.0,2017-08-30 00:00:00,KERICHO,M,DRIVER & PASSENGER,A,,ADULT,,8/30/2017,2017,8,August,30,Wednesday,630,6.0,30.0,MORNING,29.0,DRIVER / CYCLIST BEHAVIOUR,KTCB 622R MESSEY FRRGUSON TRACTOR & KCD 602Y MATATU,False,True,False,False,False,True,False,False,False,True,False,False,False,
534,1320,LARI,KIAMBU,NAIROBI-NAIVASHA,KIMENDE STAGE,KBL 976B MATATU (2NK SACCO),THE VEHICLE KNOCKED DOWN THE VICTIM,MALE,69,60.0,PEDESTRIAN,1.0,2017-08-30 00:00:00,KIAMBU,M,PEDESTRIAN,69,69.0,NUMERIC AGE,65+,8/30/2017,2017,8,August,30,Wednesday,1320,13.0,20.0,AFTERNOON,60.0,PEDESTRIAN BEHAVIOUR,KBL 976B MATATU (2NK SACCO),False,True,False,False,False,False,False,False,False,True,False,False,False,
535,1030,MAKINDU,MAKUENI,NAIROBI-MOMBASA,MAKINDU AREA SECTION 4 SGR CAMP,KCJ 962Z/ZF 6613 M/BENZ & KMCF 069Y SKYGO,THE TRAILER HIT THE MOTOR CYCLE,FEMALE,A,10.0,PILLION PASSENGER,1.0,2017-08-30 00:00:00,MAKUENI,F,P/PASSENGER,A,,ADULT,,8/30/2017,2017,8,August,30,Wednesday,1030,10.0,30.0,MORNING,10.0,DRIVER / CYCLIST BEHAVIOUR,KCJ 962Z/ZF 6613 M/BENZ & KMCF 069Y SKYGO,True,False,False,False,False,False,False,False,False,True,False,False,False,
536,1820,DTEO MAKONGENI,NAIROBI,MUTHURWA ACCESS ROAD,NEAR MUTHURWA POLICE POST,KAV 546S MATATU (OUTREACH SACCO),THE VEHICLE KNOCKED DOWN THE VICTIM,MALE,28,98.0,PEDESTRIAN,1.0,2017-08-30 00:00:00,NAIROBI,M,PEDESTRIAN,28,28.0,NUMERIC AGE,25-34,8/30/2017,2017,8,August,30,Wednesday,1820,18.0,20.0,EVENING,98.0,CAUSE NOT TRACED,KAV 546S MATATU (OUTREACH SACCO),False,True,False,False,False,False,False,False,False,True,False,False,False,
537,2055,BUNGOMA,BUNGOMA,BUNGOMA-MUMIAS,MUSKOMA AREA,UNKNOWN,HIT & RUN,MALE,A,98.0,PILLION PASSENGER,1.0,2017-08-30 00:00:00,BUNGOMA,M,P/PASSENGER,A,,ADULT,,8/30/2017,2017,8,August,30,Wednesday,2055,20.0,55.0,EVENING,98.0,CAUSE NOT TRACED,UNKNOWN,False,False,False,False,False,False,False,True,False,True,False,False,False,
530,1420,KEROKA,NYAMIRA,KEROKA SOTIK,KIGOGI,KMDW 895L YAMAHA,THE VEHICLE LOST CONTROL AND LANDED IN A DITCH,MALE,A,26.0,MOTORCYCLIST,1.0,2017-08-31 00:00:00,NYAMIRA,M,M/CYCLIST,A,,ADULT,,8/31/2017,2017,8,August,31,Thursday,1420,14.0,20.0,AFTERNOON,26.0,DRIVER / CYCLIST BEHAVIOUR,KMDW 895L YAMAHA,True,False,False,False,False,False,False,False,False,True,False,False,False,
531,1440,MWINGI,KITUI,MWINGI GARISSA,NGUNI,KCF 803S TOYOTA PROBOX,THE VEHICLE RAMMED INTO A HERD OF CATTLE,MALE,A,29.0,PASSENGER,1.0,2017-08-31 00:00:00,KITUI,M,PASSENGER,A,,ADULT,,8/31/2017,2017,8,August,31,Thursday,1440,14.0,40.0,AFTERNOON,29.0,DRIVER / CYCLIST BEHAVIOUR,KCF 803S TOYOTA PROBOX,False,False,False,False,False,False,True,False,False,True,False,False,False,
520,700,INDO AREA,NAIROBI,MOMBASA,LUSAKA R/ABOUT,"KCJ 765Q NISSAN BLUE BIRD,KCM 875G TOYOTA MARK II",THE TOYOTA MARK II HIT THE NISSAN BLUE,MALE,A,37.0,DRIVER,1.0,2017-09-03 00:00:00,NAIROBI,M,DRIVER,A,,ADULT,,09/03,2017,9,September,3,Sunday,700,7.0,0.0,MORNING,37.0,DRIVER / CYCLIST BEHAVIOUR,"KCJ 765Q NISSAN BLUE BIRD,KCM 875G TOYOTA MARK II",False,False,False,False,False,False,True,False,False,True,False,False,False,
521,400,LARI,KIAMBU,NAIROBI NAIVASHA,VIEW POINT,"KCE 345D TOYOTA PRADO,KCL 082W SCANIA BUS",HEAD ON COLLISION,MALE,47,37.0,DRIVER,1.0,2017-09-03 00:00:00,KIAMBU,M,DRIVER,47,47.0,NUMERIC AGE,45-54,09/03,2017,9,September,3,Sunday,400,4.0,0.0,NIGHT,37.0,DRIVER / CYCLIST BEHAVIOUR,"KCE 345D TOYOTA PRADO,KCL 082W SCANIA BUS",False,False,True,False,False,False,True,False,False,True,False,False,False,
522,UNKNOWN TIME,MURANGA,MURANG'A,MURANGA GITU,GIYAKARENGO,KMDS 434D RANGER,THE CYCLE LOST CONTROL AND RAMMED INTO A HEAP OF MURRAM,MALE,A,7.0,PILLION PASSENGER,1.0,2017-09-03 00:00:00,MURANGA,M,P/PASSENGER,A,,ADULT,,09/03,2017,9,September,3,Sunday,UNKNOWN TIME,,,UNKNOWN,7.0,DRIVER / CYCLIST BEHAVIOUR,KMDS 434D RANGER,False,False,False,False,False,False,False,False,False,False,False,True,False,
523,1000,TIGANIA,MERU,MERU MAUA,NGUNDUNE,KCK 989T MITSUBISHI FUSO,THE VEHICLE KNOCKED DOWN THE VICTIM,MALE,A,98.0,PILLION PASSENGER,1.0,2017-09-03 00:00:00,MERU,M,P/PASSENGER,A,,ADULT,,09/03,2017,9,September,3,Sunday,1000,10.0,0.0,MORNING,98.0,CAUSE NOT TRACED,KCK 989T MITSUBISHI FUSO,False,False,False,True,False,False,False,False,False,True,False,False,False,
524,1230,KITUI,KITUI,KAUMA MATINYANI,MATINYANI,KMCH 914K SKYGO,THE VICTIM FELL DOWN FROM THE CYCLE,FEMALE,4,64.0,PILLION PASSENGER,1.0,2017-09-03 00:00:00,KITUI,F,P/PASSENGER,4,4.0,NUMERIC AGE,0-17,09/03,2017,9,September,3,Sunday,1230,12.0,30.0,AFTERNOON,64.0,PEDESTRIAN BEHAVIOUR,KMCH 914K SKYGO,True,False,False,False,False,False,False,False,False,True,False,False,False,
525,1945,KERUGOYA,KIRINYAGA,KERUGOYA BARICHO,EMMATEX BAR,"KMCP SUZUKI,KBV 563H TOYOTA PROBOX",HEAD ON COLLISION,MALE,A,8.0,MOTORCYCLIST,1.0,2017-09-03 00:00:00,KIRINYAGA,M,M/CYCLIST,A,,ADULT,,09/03,2017,9,September,3,Sunday,1945,19.0,45.0,EVENING,8.0,DRIVER / CYCLIST BEHAVIOUR,"KMCP SUZUKI,KBV 563H TOYOTA PROBOX",False,False,False,False,False,False,True,False,False,True,False,False,False,
526,130,MURANGA,MURANG'A,MURANGA SAGANA,NORKAS,"KBZ 206T PROBOX,KMDL 457A CAPTAIN",HEAD ON COLLISION,MALE,A,7.0,MOTORCYCLIST,1.0,2017-09-03 00:00:00,MURANGA,M,M/CYCLIST,A,,ADULT,,09/03,2017,9,September,3,Sunday,130,1.0,30.0,NIGHT,7.0,DRIVER / CYCLIST BEHAVIOUR,"KBZ 206T PROBOX,KMDL 457A CAPTAIN",False,False,False,False,False,False,True,False,False,True,False,False,False,
527,2200,SULTAN HAMUD,MAKUENI,MOMBASA NAIROBI,LOITOKTOK JUNCTION,KMEA 242A SKYGO,THE VICTIM FELL DOWN FROM THE CYCLE,FEMALE,45,50.0,PILLION PASSENGER,1.0,2017-09-03 00:00:00,MAKUENI,F,P/PASSENGER,45,45.0,NUMERIC AGE,45-54,09/03,2017,9,September,3,Sunday,2200,22.0,0.0,NIGHT,50.0,DRIVER / CYCLIST BEHAVIOUR,KMEA 242A SKYGO,True,False,False,False,False,False,False,False,False,True,False,False,False,
528,2315,KAYOLE,NAIROBI,JOGOO,BURMA,UNKNOWN,HIT AND RUN,MALE,A,98.0,PEDESTRIAN,1.0,2017-09-03 00:00:00,NAIROBI,M,PEDESTRIAN,A,,ADULT,,09/03,2017,9,September,3,Sunday,2315,23.0,15.0,NIGHT,98.0,CAUSE NOT TRACED,UNKNOWN,False,False,False,False,False,False,False,True,False,True,False,False,False,
529,100,DAGORETI,NAIROBI,WAIYAKI,N MARKET,KBX 058J ISUZU LORRY,THE VEHICLE LOST CONTROL AND ROLLED,MALE,A,26.0,PASSENGER,1.0,2017-09-03 00:00:00,NAIROBI,M,PASSENGER,A,,ADULT,,09/03,2017,9,September,3,Sunday,100,1.0,0.0,NIGHT,26.0,DRIVER / CYCLIST BEHAVIOUR,KBX 058J ISUZU LORRY,False,False,False,True,False,False,False,False,False,True,False,False,False,
516,UNKNOWN TIME,MATUU,MACHAKOS,KITHIMANI KIMANGU,KAUMONI AREA,KMDT 253A RANGER,THE CYCLE LOST CONTROL AND LANDED INTO A DITCH,MALE,40,47.0,MOTORCYCLIST,1.0,2017-09-06 00:00:00,MACHAKOS,M,M/CYCLIST,40,40.0,NUMERIC AGE,35-44,09/06,2017,9,September,6,Wednesday,UNKNOWN TIME,,,UNKNOWN,47.0,DRIVER / CYCLIST BEHAVIOUR,KMDT 253A RANGER,False,False,False,False,False,False,False,False,False,False,False,True,False,
517,1530,KASARANI,NAIROBI,THIKA SUPER HIGHWAY,NEAR ROASTERS,"KWN 383 ISUZU LORRY,KCJ 424L ISUZU BUS & KCJ 431M TOYOTA MATATU",THE LORRY GOT A TYRE BURST AND LOST CONTROL HITTING THE BUS WHICH VEERED OFF THE ROAD AND HIT THE MATATU,MALE,A,79.0,DRIVER,1.0,2017-09-06 00:00:00,NAIROBI,M,DRIVER,A,,ADULT,,09/06,2017,9,September,6,Wednesday,1530,15.0,30.0,AFTERNOON,79.0,VEHICLE DEFECT,"KWN 383 ISUZU LORRY,KCJ 424L ISUZU BUS & KCJ 431M TOYOTA MATATU",False,True,True,True,False,False,False,False,False,True,False,False,False,
518,1530,KASARANI,NAIROBI,THIKA SUPER HIGHWAY,NEAR ROASTERS,"KWN 383 ISUZU LORRY,KCJ 424L ISUZU BUS & KCJ 431M TOYOTA MATATU",THE LORRY GOT A TYRE BURST AND LOST CONTROL HITTING THE BUS WHICH VEERED OFF THE ROAD AND HIT THE MATATU,MIXED,A,79.0,PASSENGER,9.0,2017-09-06 00:00:00,NAIROBI,M & F,PASSENGER,A,,ADULT,,09/06,2017,9,September,6,Wednesday,1530,15.0,30.0,AFTERNOON,79.0,VEHICLE DEFECT,"KWN 383 ISUZU LORRY,KCJ 424L ISUZU BUS & KCJ 431M TOYOTA MATATU",False,True,True,True,False,False,False,False,False,True,False,False,False,
519,1900,NAKURU,NAKURU,NAKURU NAIROBI,NEAR LAIKIPIA CAMPUS,KBU 292P BEDFORD LORRY& KBP 307K MITSUBISH CANTER,HEAD ON COLLISION,MALE,A,10.0,DRIVER,1.0,2017-09-06 00:00:00,NAKURU,M,DRIVER,A,,ADULT,,09/06,2017,9,September,6,Wednesday,1900,19.0,0.0,EVENING,10.0,DRIVER / CYCLIST BEHAVIOUR,KBU 292P BEDFORD LORRY& KBP 307K MITSUBISH CANTER,False,False,False,True,False,False,False,False,False,True,False,False,False,
511,1100,MERU,MERU,GATHITHINI LUNATIC,MARIBA,UNKNOWN,HIT & RUN,MALE,70,67.0,PEDESTRIAN,1.0,2017-09-07 00:00:00,TIGANIA,M,PEDESTRIAN,70,70.0,NUMERIC AGE,65+,09/07,2017,9,September,7,Thursday,1100,11.0,0.0,MORNING,67.0,PEDESTRIAN BEHAVIOUR,UNKNOWN,False,False,False,False,False,False,False,True,False,True,False,False,False,
512,1345,KIAMBU,KIAMBU,KIAMBU-THIKA,NGOIWA,KBA 842M T/MATYATU(ISKA INVESTMENTS COMPANY LTD),THE VEHICLE KNOCKED DOWN THE VICTIM,MALE,A,68.0,PEDESTRIAN,1.0,2017-09-07 00:00:00,KIAMBU,M,PEDESTRIAN,A,,ADULT,,09/07,2017,9,September,7,Thursday,1345,13.0,45.0,AFTERNOON,68.0,PEDESTRIAN BEHAVIOUR,KBA 842M T/MATYATU(ISKA INVESTMENTS COMPANY LTD),False,False,False,False,False,False,False,False,False,False,False,True,False,
513,640,KARURI,KIAMBU,LIMURU RUAKA,KIANJOGU,KAR 918Y ISUZU LORRY,THE VEHICLE LOST CONTROL AND KNOCKED DOWN THE VICTIM,FEMALE,10,26.0,PEDESTRIAN,1.0,2017-09-07 00:00:00,KIAMBU,F,PEDESTRIAN,10,10.0,NUMERIC AGE,0-17,09/07,2017,9,September,7,Thursday,640,6.0,40.0,MORNING,26.0,DRIVER / CYCLIST BEHAVIOUR,KAR 918Y ISUZU LORRY,False,False,False,True,False,False,False,False,False,True,False,False,False,
514,2000,KIAMBU,KIAMBU,NORTHERN BY PASS,NJATHAINI,KCF 835E NISSAN BLUEBIRD,THE VEHICLE KNOCKED DOWN THE VICTIM,MALE,A,36.0,PEDESTRIAN,1.0,2017-09-07 00:00:00,KIAMBU,M,PEDESTRIAN,A,,ADULT,,09/07,2017,9,September,7,Thursday,2000,20.0,0.0,EVENING,36.0,DRIVER / CYCLIST BEHAVIOUR,KCF 835E NISSAN BLUEBIRD,False,False,False,False,False,False,False,False,False,False,False,True,False,
515,2010,KIMILILI,BUNGOMA,KIMILILI-MIIKHU,MATILI,KBJ 263X TOYOTA ALLION,THE VEHICLE KNOCKED DOWN THE VICTIM,MALE,A,11.0,PEDESTRIAN,1.0,2017-09-07 00:00:00,BUNGOMA,M,PEDESTRIAN,A,,ADULT,,09/07,2017,9,September,7,Thursday,2010,20.0,10.0,EVENING,11.0,DRIVER / CYCLIST BEHAVIOUR,KBJ 263X TOYOTA ALLION,False,False,False,False,False,False,True,False,False,True,False,False,False,
506,2230,MAKONGENI,NAIROBI,JOGOO ROAD,CHURCH ARMY STAGE,KBW 726Y NISSAN,THE VEHICLE KNOCKED DOWN THE VICTIM,MALE,44,7.0,PEDESTRIAN,1.0,2017-09-11 00:00:00,NAIROBI,M,PEDESTRIAN,44,44.0,NUMERIC AGE,35-44,09/11,2017,9,September,11,Monday,2230,22.0,30.0,NIGHT,7.0,DRIVER / CYCLIST BEHAVIOUR,KBW 726Y NISSAN,False,False,False,False,False,False,False,False,False,False,False,True,False,
507,1945,RUIRU,KIAMBU,EASTERN BY PASS,MEMBLEY,KAC 260H ISUZU MINIBUS,THE VEHICLE KNOCKED DOWN THE VICTIM,MALE,J,63.0,PEDESTRIAN,1.0,2017-09-11 00:00:00,KIAMBU,M,PEDESTRIAN,J,,JUVENILE,,09/11,2017,9,September,11,Monday,1945,19.0,45.0,EVENING,63.0,PEDESTRIAN BEHAVIOUR,KAC 260H ISUZU MINIBUS,False,False,False,False,False,False,False,False,False,False,False,True,False,
508,2000,AHERO,KISUMU,AHERO AWASI,KABONGO,KBE 557Y TOYOTA HILLUX,THE VEHICLE LOST CONTROL AND ROLLED SEVERAL TIMES,MALE,A,26.0,PASSENGER,2.0,2017-09-11 00:00:00,KISUMU,M,PASSENGER,A,,ADULT,,09/11,2017,9,September,11,Monday,2000,20.0,0.0,EVENING,26.0,DRIVER / CYCLIST BEHAVIOUR,KBE 557Y TOYOTA HILLUX,False,False,False,False,True,False,False,False,False,True,False,False,False,
509,1700,RUIRU,KIAMBU,THIKA NAIROBI,GITHURAI,KCA 277W ISUZU BUS,THE CONDUCTOR FELL FROM THE MOVING VEHICLE,MALE,A,73.0,PASSENGER,1.0,2017-09-11 00:00:00,KIAMBU,M,PASSENGER,A,,ADULT,,09/11,2017,9,September,11,Monday,1700,17.0,0.0,EVENING,73.0,PASSENGER / ATTENDANT,KCA 277W ISUZU BUS,False,False,True,False,False,False,False,False,False,True,False,False,False,
510,1545,DIANI,KWALE,MBUGUNI CHECK POINT,KITEJE,KBQ 094K MIT LORRY,THE VEHICLE KNOCKED DOWN THE VICTIM,MALE,A,7.0,PEDESTRIAN,1.0,2017-09-11 00:00:00,KWALE,M,PEDESTRIAN,A,,ADULT,,09/11,2017,9,September,11,Monday,1545,15.0,45.0,AFTERNOON,7.0,DRIVER / CYCLIST BEHAVIOUR,KBQ 094K MIT LORRY,False,False,False,True,False,False,False,False,False,True,False,False,False,
500,1330,MASENO,KISUMU,KISUMU BUSIA,CHULAIMBO AREA,KCK 407Z T/MATATU & KMEA 878P BOXER,HEAD ON COLLISION,MALE,33,39.0,MOTORCYCLIST,1.0,2017-09-13 00:00:00,KISUMU,M,M/CYCLIST,33,33.0,NUMERIC AGE,25-34,9/13/2017,2017,9,September,13,Wednesday,1330,13.0,30.0,AFTERNOON,39.0,DRIVER / CYCLIST BEHAVIOUR,KCK 407Z T/MATATU & KMEA 878P BOXER,True,True,False,False,False,False,False,False,False,True,False,False,False,
501,1330,MASENO,KISUMU,KISUMU BUSIA,CHULAIMBO AREA,KCK 407Z T/MATATU & KMEA 878P BOXER,HEAD ON COLLISION,FEMALE,A,39.0,PILLION PASSENGER,2.0,2017-09-13 00:00:00,KISUMU,F,P/PASSENGER,A,,ADULT,,9/13/2017,2017,9,September,13,Wednesday,1330,13.0,30.0,AFTERNOON,39.0,DRIVER / CYCLIST BEHAVIOUR,KCK 407Z T/MATATU & KMEA 878P BOXER,True,True,False,False,False,False,False,False,False,True,False,False,False,
502,1200,KAPENGURIA,WEST POKOT,MAKUTANO KITALE ROAD,,KCK 447V TOWNACE & KMEA 970L,HEAD ON COLLISION,MALE,A,8.0,MOTORCYCLIST,1.0,2017-09-13 00:00:00,WEST POKOT,M,M/CYCLIST,A,,ADULT,,9/13/2017,2017,9,September,13,Wednesday,1200,12.0,0.0,AFTERNOON,8.0,DRIVER / CYCLIST BEHAVIOUR,KCK 447V TOWNACE & KMEA 970L,False,False,False,False,False,False,False,False,False,True,True,False,False,
503,5,KIRITIRI,EMBU,EMBU KIRITIRI,MUNATHIRI AREA,KCH 662Z I/LORRY,THE LORRY LOST CONTROL AND OVERTURNED,MALE,45,26.0,PASSENGER,1.0,2017-09-13 00:00:00,EMBU,M,PASSENGER,45,45.0,NUMERIC AGE,45-54,9/13/2017,2017,9,September,13,Wednesday,5,0.0,5.0,NIGHT,26.0,DRIVER / CYCLIST BEHAVIOUR,KCH 662Z I/LORRY,False,False,False,True,False,False,False,False,False,True,False,False,False,
504,1730,THIKA,KIAMBU,THIKA SUPER HIGHWAY,TROJAN PETROL STN,KMEC 478U TIGERS,THE CYCLE LOST CONTROL AND ROLLED SEVERAL TIMES,MALE,A,54.0,PILLION PASSENGER,1.0,2017-09-13 00:00:00,KIAMBU,M,P/PASSENGER,A,,ADULT,,9/13/2017,2017,9,September,13,Wednesday,1730,17.0,30.0,EVENING,54.0,DRIVER / CYCLIST BEHAVIOUR,KMEC 478U TIGERS,False,False,False,False,False,False,False,False,False,False,False,True,False,
505,2340,THIKA,KIAMBU,KIBOKO THIKA,UTI JUNCTION,KMED 639Y SANYA,THE CYCLE LOST CONTROL AND HIT A TREE,MALE,A,26.0,MOTORCYCLIST,1.0,2017-09-13 00:00:00,KIAMBU,M,M/CYCLIST,A,,ADULT,,9/13/2017,2017,9,September,13,Wednesday,2340,23.0,40.0,NIGHT,26.0,DRIVER / CYCLIST BEHAVIOUR,KMED 639Y SANYA,False,False,False,False,False,False,False,False,False,False,False,True,False,
487,130,DTEO KILIMANI,NAIROBI,EASTERN BY PASS,NEAR CHINA KENYA,KBX 537N NZE & GKB 556C T/L/CRUISER,HEAD ON COLLISION,MALE,A,26.0,DRIVER,1.0,2017-09-17 00:00:00,NAIROBI,M,DRIVER,A,,ADULT,,9/17/2017,2017,9,September,17,Sunday,130,1.0,30.0,NIGHT,26.0,DRIVER / CYCLIST BEHAVIOUR,KBX 537N NZE & GKB 556C T/L/CRUISER,False,False,False,False,False,False,True,False,False,True,False,False,False,
488,630,THIKA,KIAMBU,MUKARARA KIUNYU,AT A CORNER,KMCJ 620F DAYUN,THE CYCLE LOST CONTROL AND HIT A CULVERT,MALE,A,26.0,MOTORCYCLIST,1.0,2017-09-17 00:00:00,KIAMBU,M,M/CYCLIST,A,,ADULT,,9/17/2017,2017,9,September,17,Sunday,630,6.0,30.0,MORNING,26.0,DRIVER / CYCLIST BEHAVIOUR,KMCJ 620F DAYUN,True,False,False,False,False,False,False,False,False,True,False,False,False,
489,630,THIKA,KIAMBU,MUKARARA KIUNYU,AT A CORNER,KMCJ 620F DAYUN,THE CYCLE LOST CONTROL AND HIT A CULVERT,MALE,A,26.0,PILLION PASSENGER,1.0,2017-09-17 00:00:00,KIAMBU,M,P/PASSENGER,A,,ADULT,,9/17/2017,2017,9,September,17,Sunday,630,6.0,30.0,MORNING,26.0,DRIVER / CYCLIST BEHAVIOUR,KMCJ 620F DAYUN,True,False,False,False,False,False,False,False,False,True,False,False,False,
490,1640,DTEO EMBAKASI,NAIROBI,EASTERN BY PASS,GATE TO 75 TANK BATTALION CAMP,KCA 810N LORRY & M/CYCLE,THE VEHICLE KNOCKED DOWN THE CYCLE,MALE,A,29.0,MOTORCYCLIST,1.0,2017-09-17 00:00:00,NAIROBI,M,M/CYCLIST,A,,ADULT,,9/17/2017,2017,9,September,17,Sunday,1640,16.0,40.0,AFTERNOON,29.0,DRIVER / CYCLIST BEHAVIOUR,KCA 810N LORRY & M/CYCLE,True,False,False,True,False,False,False,False,False,True,False,False,False,
491,1645,WEBUYE,BUNGOMA,MATISI NZOIA,,TRACTOR KTCA 395D FORD NEW HOLLAND,THE VEHICLE KNOCKED DOWN THE VICTIM,MALE,12,98.0,PEDESTRIAN,1.0,2017-09-17 00:00:00,BUNGOMA,M,PEDESTRIAN,12,12.0,NUMERIC AGE,0-17,9/17/2017,2017,9,September,17,Sunday,1645,16.0,45.0,AFTERNOON,98.0,CAUSE NOT TRACED,TRACTOR KTCA 395D FORD NEW HOLLAND,False,False,False,False,False,True,False,False,False,True,False,False,False,
492,2130,ISINYA,KAJIADO,ISINYA KITENGELA,NEAR KOBIL PETROL STN,UNKNOWN M/V & SKATER,HIT AND RUN,MALE,21,63.0,PEDESTRIAN,1.0,2017-09-17 00:00:00,KAJIADO,M,PEDESTRIAN,21,21.0,NUMERIC AGE,18-24,9/17/2017,2017,9,September,17,Sunday,2130,21.0,30.0,NIGHT,63.0,PEDESTRIAN BEHAVIOUR,UNKNOWN M/V & SKATER,False,False,False,False,False,False,False,True,False,True,False,False,False,
493,2345,THIKA,KIAMBU,THIKA MATUU,AT LEATHER,KAT 436M T/COROLLA,THE VEHICLE KNOCKED DOWN THE VICTIM,MALE,A,63.0,PEDESTRIAN,1.0,2017-09-17 00:00:00,KIAMBU,M,PEDESTRIAN,A,,ADULT,,9/17/2017,2017,9,September,17,Sunday,2345,23.0,45.0,NIGHT,63.0,PEDESTRIAN BEHAVIOUR,KAT 436M T/COROLLA,False,False,False,False,False,False,True,False,False,True,False,False,False,
494,5,KERUGOYA,KIRINYAGA,KAGUMO KERUGOYA,GATWE JUNCTION,KBK 564C XTRAIL & KMDA 067C CHINNERY,HEAD ON COLLISION,MALE,A,54.0,MOTORCYCLIST,1.0,2017-09-17 00:00:00,KIRINYAGA,M,M/CYCLIST,A,,ADULT,,9/17/2017,2017,9,September,17,Sunday,5,0.0,5.0,NIGHT,54.0,DRIVER / CYCLIST BEHAVIOUR,KBK 564C XTRAIL & KMDA 067C CHINNERY,False,False,False,False,False,False,True,False,False,True,False,False,False,
495,5,KERUGOYA,KIRINYAGA,KAGUMO KERUGOYA,GATWE JUNCTION,KBK 564C XTRAIL & KMDA 067C CHINNERY,HEAD ON COLLISION,MALE,A,54.0,PILLION PASSENGER,4.0,2017-09-17 00:00:00,KIRINYAGA,M,P/PASSENGER,A,,ADULT,,9/17/2017,2017,9,September,17,Sunday,5,0.0,5.0,NIGHT,54.0,DRIVER / CYCLIST BEHAVIOUR,KBK 564C XTRAIL & KMDA 067C CHINNERY,False,False,False,False,False,False,True,False,False,True,False,False,False,
496,30,MURANGA,MURANG'A,MURANGA KANGEMA,ST MARY AREA,KAD 056H N/SUNNY & KMCK 872N JIALING,HEAD ON COLLISION,MALE,20,8.0,MOTORCYCLIST,1.0,2017-09-17 00:00:00,MURANGA,M,M/CYCLIST,20,20.0,NUMERIC AGE,18-24,9/17/2017,2017,9,September,17,Sunday,30,0.0,30.0,NIGHT,8.0,DRIVER / CYCLIST BEHAVIOUR,KAD 056H N/SUNNY & KMCK 872N JIALING,False,False,False,False,False,False,False,False,False,False,False,True,False,
497,2200,ATHI RIVER,MACHAKOS,NAIROBI MOMBASA,SABAKI AREA,KCA 958P I/LORRY,THE VEHICLE KNOCKED DOWN THE VICTIM,FEMALE,32,60.0,PEDESTRIAN,1.0,2017-09-17 00:00:00,MACHAKOS,F,PEDESTRIAN,32,32.0,NUMERIC AGE,25-34,9/17/2017,2017,9,September,17,Sunday,2200,22.0,0.0,NIGHT,60.0,PEDESTRIAN BEHAVIOUR,KCA 958P I/LORRY,False,False,False,True,False,False,False,False,False,True,False,False,False,
498,2030,MAUA,MERU,MERU MAUA,NEAR KITHARE PRI. SCH,KBS 349U PREMIO,THE VEHICLE KNOCKED DOWN THE VICTIM,MALE,A,29.0,PEDESTRIAN,1.0,2017-09-17 00:00:00,MERU,M,PEDESTRIAN,A,,ADULT,,9/17/2017,2017,9,September,17,Sunday,2030,20.0,30.0,EVENING,29.0,DRIVER / CYCLIST BEHAVIOUR,KBS 349U PREMIO,False,False,False,False,False,False,True,False,False,True,False,False,False,
499,430,SUBUKIA,NAKURU,NYAURURU NAKURU,KIRENGERO BRIDGE,KAX 709E TOYOTA COROLLA,THE VEHICLE LOST CONTROLAND ROLLED SEVERAL TIMES,MALE,A,98.0,DRIVER,1.0,2017-09-17 00:00:00,NAKURU,M,DRIVER,A,,ADULT,,9/17/2017,2017,9,September,17,Sunday,430,4.0,30.0,NIGHT,98.0,CAUSE NOT TRACED,KAX 709E TOYOTA COROLLA,False,False,False,False,False,False,True,False,False,True,False,False,False,
481,430,ONGATA RONGAI,KAJIADO,MAGADI ROAD,MAASAI LODGE STAGE,UNKNOWN,HIT & RUN,FEMALE,32,98.0,PEDESTRIAN,1.0,2017-09-18 00:00:00,KAJIADO,F,PEDESTRIAN,32,32.0,NUMERIC AGE,25-34,9/18/2017,2017,9,September,18,Monday,430,4.0,30.0,NIGHT,98.0,CAUSE NOT TRACED,UNKNOWN,False,False,False,False,False,False,False,True,False,True,False,False,False,
482,600,MAKINDU,MAKUENI,MAKINDU-KOSEWE,MAKINDU AREA,KMDN 833C SKYGO,THE MOTOR CYCLE LOST CONTROL AND HIT A TREE,MALE,A,7.0,MOTORCYCLIST,1.0,2017-09-18 00:00:00,MAKUENI,M,M/CYCLIST,A,,ADULT,,9/18/2017,2017,9,September,18,Monday,600,6.0,0.0,MORNING,7.0,DRIVER / CYCLIST BEHAVIOUR,KMDN 833C SKYGO,True,False,False,False,False,False,False,False,False,True,False,False,False,
483,1630,LONDIANI,KERICHO,LONDIANI-KERICHO,CHEPSEON AREA,KCJ 347G TOYOTA NOAH & KMEC 376Y BOXER,HEAD ON COLLISION,MALE,A,26.0,MOTORCYCLIST,1.0,2017-09-18 00:00:00,KERICHO,M,M/CYCLIST,A,,ADULT,,9/18/2017,2017,9,September,18,Monday,1630,16.0,30.0,AFTERNOON,26.0,DRIVER / CYCLIST BEHAVIOUR,KCJ 347G TOYOTA NOAH & KMEC 376Y BOXER,True,False,False,False,False,False,False,False,False,True,True,False,False,
484,2130,ELDORET,UASIN GISHU,ELDORET-KAPSABET,KAPSABET SHOPPING CENTRE,KBL 530K ISUZU P/UP & KBK 396U TOYOTA MATATU,HEAD ON COLLISION,MALE,70,8.0,PASSENGER,1.0,2017-09-18 00:00:00,UASIN GISHU,M,PASSENGER,70,70.0,NUMERIC AGE,65+,9/18/2017,2017,9,September,18,Monday,2130,21.0,30.0,NIGHT,8.0,DRIVER / CYCLIST BEHAVIOUR,KBL 530K ISUZU P/UP & KBK 396U TOYOTA MATATU,False,True,False,False,True,False,False,False,False,True,False,False,False,
485,2230,KAPSABET,NANDI,KAPSABET-LESSOS,KAMUNJIL AREA,KBL 383Z ISUZU CANTER & KMDU 980U TVS STAR,HEAD ON COLLISION,MALE,35,37.0,MOTORCYCLIST,1.0,2017-09-18 00:00:00,NANDI,M,M/CYCLIST,35,35.0,NUMERIC AGE,35-44,9/18/2017,2017,9,September,18,Monday,2230,22.0,30.0,NIGHT,37.0,DRIVER / CYCLIST BEHAVIOUR,KBL 383Z ISUZU CANTER & KMDU 980U TVS STAR,True,False,False,True,False,False,False,False,False,True,False,False,False,
486,2050,MAKINDU,MAKUENI,NAIROBI - MOMBASA,MASIMBA AREA,KMDL 385T SKYGO,THE MOTOR CYCLE LOST CONTROL AND HIT A HUGE STONE WHERE HE FELL DOWN,MALE,59,7.0,MOTORCYCLIST,1.0,2017-09-18 00:00:00,MAKUENI,M,M/CYCLIST,59,59.0,NUMERIC AGE,55-64,9/18/2017,2017,9,September,18,Monday,2050,20.0,50.0,EVENING,7.0,DRIVER / CYCLIST BEHAVIOUR,KMDL 385T SKYGO,True,False,False,False,False,False,False,False,False,True,False,False,False,
473,2030,KILIFI,KILIFI,KILIFI-MALINDI,KWACHOKWE,KCA 377R FAW LORRY & KCH 952M SALOON,HEAD ON COLLISION,MALE,A,26.0,DRIVER,1.0,2017-09-19 00:00:00,KILIFI,M,DRIVER,A,,ADULT,,9/19/2017,2017,9,September,19,Tuesday,2030,20.0,30.0,EVENING,26.0,DRIVER / CYCLIST BEHAVIOUR,KCA 377R FAW LORRY & KCH 952M SALOON,False,False,False,True,False,False,True,False,False,True,False,False,False,
474,2000,VOI,TAITA TAVETA,MOMBASA-NAIROBI,MASIENYI,KBL 987N P/UP,THE VEHICLE LOST CONTROL AND RAMMED INTO A CULVERT,MALE,A,26.0,DRIVER,1.0,2017-09-19 00:00:00,TAITA TAVETA,M,DRIVER,A,,ADULT,,9/19/2017,2017,9,September,19,Tuesday,2000,20.0,0.0,EVENING,26.0,DRIVER / CYCLIST BEHAVIOUR,KBL 987N P/UP,False,False,False,False,True,False,False,False,False,True,False,False,False,
475,1630,SIAYA,SIAYA,SIAYA-DOMINION,AWELO,KCH 930B & KMDU 770V BAJAJ,THE VEHICLE HIT THE MOTOR CYCLE,MALE,A,26.0,MOTORCYCLIST,1.0,2017-09-19 00:00:00,SIAYA,M,M/CYCLIST,A,,ADULT,,9/19/2017,2017,9,September,19,Tuesday,1630,16.0,30.0,AFTERNOON,26.0,DRIVER / CYCLIST BEHAVIOUR,KCH 930B & KMDU 770V BAJAJ,True,False,False,False,False,False,False,False,False,True,False,False,False,
476,2040,KISUMU,KISUMU,KONDOLE-NYAMASARIA,NYAMASARIA FLY OVER,KMCK 808Z TVS,THE UNKNOWN VEHICLE HIT THE MOTOR CYCLE,MALE,A,98.0,MOTORCYCLIST,1.0,2017-09-19 00:00:00,KISUMU,M,M/CYCLIST,A,,ADULT,,9/19/2017,2017,9,September,19,Tuesday,2040,20.0,40.0,EVENING,98.0,CAUSE NOT TRACED,KMCK 808Z TVS,True,False,False,False,False,False,False,False,False,True,False,False,False,
477,1900,MURANGA,MURANG'A,MURANGA-KIRIANI,GATURI,KMCY 178R RANGER & KBH 666R TOYOTA HIACE,THE MOTOR CYCLE RAMMED INTO THE MOTOR VEHICLE,MALE,A,26.0,MOTORCYCLIST,1.0,2017-09-19 00:00:00,MURANGA,M,M/CYCLIST,A,,ADULT,,9/19/2017,2017,9,September,19,Tuesday,1900,19.0,0.0,EVENING,26.0,DRIVER / CYCLIST BEHAVIOUR,KMCY 178R RANGER & KBH 666R TOYOTA HIACE,False,False,False,False,False,False,False,False,False,True,True,False,False,
478,1800,RUAI,NAIROBI,KANGUNDO ROAD,KAMULU AREA,KBT 583K TOYOTA HIACE,THE VEHICLE HIT A PEDAL CYCLE,MALE,A,7.0,PEDAL CYCLIST,1.0,2017-09-19 00:00:00,NAIROBI,M,PEDAL CYCLIST,A,,ADULT,,9/19/2017,2017,9,September,19,Tuesday,1800,18.0,0.0,EVENING,7.0,DRIVER / CYCLIST BEHAVIOUR,KBT 583K TOYOTA HIACE,False,False,False,False,False,False,False,False,False,True,True,False,False,
479,1820,STAREHE,NAIROBI,JUJA ROAD,STAGE 10,KAV 201Q ISUZU M/BUS,THE VEHICLE KNOCKED DOWN THE VICTIM,MALE,A,7.0,PEDESTRIAN,1.0,2017-09-19 00:00:00,NAIROBI,M,PEDESTRIAN,A,,ADULT,,9/19/2017,2017,9,September,19,Tuesday,1820,18.0,20.0,EVENING,7.0,DRIVER / CYCLIST BEHAVIOUR,KAV 201Q ISUZU M/BUS,False,False,True,False,False,False,False,False,False,True,False,False,False,
480,720,NJORO,NAKURU,ELBURGON-NJORO,NJORO AREA,KBW 310E FH LORRY,THE LORRY LOST CONTROL AND RAMMED INTO A CULVERT,MALE,A,26.0,PASSENGER,1.0,2017-09-19 00:00:00,NAKURU,M,PASSENGER,A,,ADULT,,9/19/2017,2017,9,September,19,Tuesday,720,7.0,20.0,MORNING,26.0,DRIVER / CYCLIST BEHAVIOUR,KBW 310E FH LORRY,False,False,False,True,False,False,False,False,False,True,False,False,False,
464,345,GILGIL,NAKURU,GILGIL NAKURU,KIKOPEY AREA,KCK 440R/ZD 0728 AXOR TRAILER & KBX 430E SCANIA BUS,HEAD ON COLLISION,MALE,A,11.0,DRIVER,1.0,2017-09-21 00:00:00,NAKURU,M,DRIVER,A,,ADULT,,9/21/2017,2017,9,September,21,Thursday,345,3.0,45.0,NIGHT,11.0,DRIVER / CYCLIST BEHAVIOUR,KCK 440R/ZD 0728 AXOR TRAILER & KBX 430E SCANIA BUS,False,False,True,False,False,False,False,False,True,True,False,False,False,
465,UNKNOWN,INDO AREA,NAIROBI,MOMBASA ROAD,OPPOSITE KANISANI AREA,UNKNOWN M/V,HIT & RUN,MALE,A,98.0,PEDESTRIAN,1.0,2017-09-21 00:00:00,NAIROBI,M,PEDESTRIAN,A,,ADULT,,9/21/2017,2017,9,September,21,Thursday,UNKNOWN,,,UNKNOWN,98.0,CAUSE NOT TRACED,UNKNOWN M/V,False,False,False,False,False,False,False,True,False,True,False,False,False,
466,1430,KILIMANI,NAIROBI,BISHOP ROAD JUNCTION,SIXTH AVENUE,KBL 427D MITSUBISHI CANTER & KMDX 319H HILO,THE VEHICLE KNOCKED DOWN THE VICTIM,MALE,A,98.0,MOTORCYCLIST,1.0,2017-09-21 00:00:00,NAIROBI,M,M/CYCLIST,A,,ADULT,,9/21/2017,2017,9,September,21,Thursday,1430,14.0,30.0,AFTERNOON,98.0,CAUSE NOT TRACED,KBL 427D MITSUBISHI CANTER & KMDX 319H HILO,False,False,False,True,False,False,False,False,False,True,False,False,False,
467,1530,NYERI,NYERI,NYERI NANYUKI,NEAR BROOKSIDE AREA,KCJ 229X TOYOTA MATATU,THE VEHICLE KNOCKED DOWN THE VICTIM,MALE,11,98.0,PEDESTRIAN,1.0,2017-09-21 00:00:00,NYERI,M,PEDESTRIAN,11,11.0,NUMERIC AGE,0-17,9/21/2017,2017,9,September,21,Thursday,1530,15.0,30.0,AFTERNOON,98.0,CAUSE NOT TRACED,KCJ 229X TOYOTA MATATU,False,True,False,False,False,False,False,False,False,True,False,False,False,
468,1600,MOGOTIO,BARINGO,MARIGAT MOGOTIO,NATO AREA,GKB 174B ISUZU DMAXX,THE VEHICLE LOST CONTROL AND ROLLED SEVERAL TIMES,MALE,A,26.0,PASSENGER,1.0,2017-09-21 00:00:00,BARINGO,M,PASSENGER,A,,ADULT,,9/21/2017,2017,9,September,21,Thursday,1600,16.0,0.0,AFTERNOON,26.0,DRIVER / CYCLIST BEHAVIOUR,GKB 174B ISUZU DMAXX,False,False,False,False,False,False,False,False,False,False,False,True,False,
469,2030,EMBAKASI,NAIROBI,OUTERING ROAD,OPPOSITE TASSIA,KBT 239L ISUZU FVR,THE VEHICLE KNOCKED DOWN THE VICTIM,MALE,A,60.0,PEDESTRIAN,1.0,2017-09-21 00:00:00,NAIROBI,M,PEDESTRIAN,A,,ADULT,,9/21/2017,2017,9,September,21,Thursday,2030,20.0,30.0,EVENING,60.0,PEDESTRIAN BEHAVIOUR,KBT 239L ISUZU FVR,False,False,False,False,False,False,False,False,False,False,False,True,False,
470,1700,MACHAKOS,MACHAKOS,KANGUNDO MACHAKOS,TUMBA BRIDGE,KAS 542Y BMW SALOON,THE VEHICLE KNOCKED DOWN THE VICTIM,MALE,A,63.0,PEDESTRIAN,1.0,2017-09-21 00:00:00,MACHAKOS,M,PEDESTRIAN,A,,ADULT,,9/21/2017,2017,9,September,21,Thursday,1700,17.0,0.0,EVENING,63.0,PEDESTRIAN BEHAVIOUR,KAS 542Y BMW SALOON,False,False,False,False,False,False,True,False,False,True,False,False,False,
471,2140,CENTRAL,NAIROBI,HAILE SELASIE AVENUE,NEAR JESUS IS ALIVE MINISTRIES,UNKNOWN M/V,HIT & RUN,MALE,28,98.0,PEDESTRIAN,1.0,2017-09-21 00:00:00,NAIROBI,M,PEDESTRIAN,28,28.0,NUMERIC AGE,25-34,9/21/2017,2017,9,September,21,Thursday,2140,21.0,40.0,NIGHT,98.0,CAUSE NOT TRACED,UNKNOWN M/V,False,False,False,False,False,False,False,True,False,True,False,False,False,
472,2210,DAGORETTI,NAIROBI,WAIYAKI WAY,KANGEMI FLYOVER,KCH 039E TOYOTA MATATU,THE VEHICLE KNOCKED DOWN THE VICTIM,MALE,A,60.0,PEDESTRIAN,1.0,2017-09-21 00:00:00,NAIROBI,M,PEDESTRIAN,A,,ADULT,,9/21/2017,2017,9,September,21,Thursday,2210,22.0,10.0,NIGHT,60.0,PEDESTRIAN BEHAVIOUR,KCH 039E TOYOTA MATATU,False,True,False,False,False,False,False,False,False,True,False,False,False,
459,700,MAKUYU,MURANG'A,NANYUKI NAIROBI,MUKEU,KCE 527P TOYOTA VAN,THE VEHICLE GOT A TYRE BURST AND ROLLED SEVERAL TIMES,MALE,A,79.0,PASSENGER,2.0,2017-10-10 00:00:00,MURANGA,M,PASSENGER,A,,ADULT,,10/10,2017,10,October,10,Tuesday,700,7.0,0.0,MORNING,79.0,VEHICLE DEFECT,KCE 527P TOYOTA VAN,False,False,False,False,False,False,False,False,False,True,True,False,False,
460,600,NYAMIRA,NYAMIRA,NYAMIRA NYAMAIYA,MAPUTI,KMCE 555X MAKE TVS,THE CYCLE RAMMED INTO THE LORRY,MALE,A,26.0,MOTORCYCLIST,1.0,2017-10-10 00:00:00,NYAMIRA,M,M/CYCLIST,A,,ADULT,,10/10,2017,10,October,10,Tuesday,600,6.0,0.0,MORNING,26.0,DRIVER / CYCLIST BEHAVIOUR,KMCE 555X MAKE TVS,True,False,False,False,False,False,False,False,False,True,False,False,False,
461,2200,NAIVASHA,NAKURU,NAIROBI NAKURU,NYAMATHI,KCG 688D TOYOTA MATATU,THE VEHICLE KNOCKED DOWN THE VICTIM,MALE,A,60.0,PEDESTRIAN,1.0,2017-10-10 00:00:00,NAKURU,M,PEDESTRIAN,A,,ADULT,,10/10,2017,10,October,10,Tuesday,2200,22.0,0.0,NIGHT,60.0,PEDESTRIAN BEHAVIOUR,KCG 688D TOYOTA MATATU,False,True,False,False,False,False,False,False,False,True,False,False,False,
462,1000,SAGANA,KIRINYAGA,SAGANA KAGIO,GACHARU,KCF 223W TOYOTA FIELDER,THE VEHICLE KNOCKED DOWN THE VICTIM,MALE,A,11.0,PEDESTRIAN,1.0,2017-10-10 00:00:00,KIRINYAGA,M,PEDESTRIAN,A,,ADULT,,10/10,2017,10,October,10,Tuesday,1000,10.0,0.0,MORNING,11.0,DRIVER / CYCLIST BEHAVIOUR,KCF 223W TOYOTA FIELDER,False,False,False,False,False,False,True,False,False,True,False,False,False,
463,2245,THIKA,KIAMBU,THIKA SUPERHIGHWAY,TROJAN,KCF 675B NISSAN TIIDA,THE VEHICLE KNOCKED DOWN THE VICTIM,FEMALE,A,63.0,PEDESTRIAN,1.0,2017-10-10 00:00:00,KIAMBU,F,PEDESTRIAN,A,,ADULT,,10/10,2017,10,October,10,Tuesday,2245,22.0,45.0,NIGHT,63.0,PEDESTRIAN BEHAVIOUR,KCF 675B NISSAN TIIDA,False,False,False,False,False,False,False,False,False,False,False,True,False,
455,730,NAKURU,NAKURU,WITHIN JAMUHURI PRIMARY SCHOOL,JAMUHURI PRIMARY SCHOOL,KCD 497C TOYOTA FIELDER,THE VEHICLE KNOCKED DOWN THE VICTIM,FEMALE,7,26.0,PEDESTRIAN,1.0,2017-10-12 00:00:00,NAKURU,F,PEDESTRIAN,7,7.0,NUMERIC AGE,0-17,10/12/2017,2017,10,October,12,Thursday,730,7.0,30.0,MORNING,26.0,DRIVER / CYCLIST BEHAVIOUR,KCD 497C TOYOTA FIELDER,False,False,False,False,False,False,True,False,False,True,False,False,False,
456,1800,MURANGA,MURANG'A,KANGEMA MURANGA,NEAR ST. MARYS CATHOLIC CHURCH,KBB 242T SUZUKI MARRUTI,THE VEHICLE LOST CONTROL VEERED OFF THE ROAD AND KNOCKED DOWN THE VICTIM,MALE,25,7.0,PEDESTRIAN,1.0,2017-10-12 00:00:00,MURANGA,M,PEDESTRIAN,25,25.0,NUMERIC AGE,25-34,10/12/2017,2017,10,October,12,Thursday,1800,18.0,0.0,EVENING,7.0,DRIVER / CYCLIST BEHAVIOUR,KBB 242T SUZUKI MARRUTI,False,False,False,False,False,False,False,False,False,False,False,True,False,
457,2040,WEBUYE,BUNGOMA,WEBUYE BUNGOMA,JOYLAND AREA,UNKNOWN M/V,HIT AND RUN,MALE,A,98.0,PEDESTRIAN,2.0,2017-10-12 00:00:00,BUNGOMA,M,PEDESTRIAN,A,,ADULT,,10/12/2017,2017,10,October,12,Thursday,2040,20.0,40.0,EVENING,98.0,CAUSE NOT TRACED,UNKNOWN M/V,False,False,False,False,False,False,False,True,False,True,False,False,False,
458,2000,MAKUENI,MAKUENI,WOTE MAKUENI,NEAR KAITI BRIDGE,KCC 241G CHEVROLET & KMDU 605S BOXER,HEAD ON COLLISION,MALE,A,98.0,MOTORCYCLIST,1.0,2017-10-12 00:00:00,MAKUENI,M,M/CYCLIST,A,,ADULT,,10/12/2017,2017,10,October,12,Thursday,2000,20.0,0.0,EVENING,98.0,CAUSE NOT TRACED,KCC 241G CHEVROLET & KMDU 605S BOXER,True,False,False,False,False,False,False,False,False,True,False,False,False,
450,800,OLJOROROK,NYANDARUA,OLJOROROK OLKALAU,GWA KAHIHI,UNKNOWN M/V,HIT AND RUN,MALE,40,98.0,PEDESTRIAN,1.0,2017-10-16 00:00:00,NYANDARUA,M,PEDESTRIAN,40,40.0,NUMERIC AGE,35-44,10/16/2017,2017,10,October,16,Monday,800,8.0,0.0,MORNING,98.0,CAUSE NOT TRACED,UNKNOWN M/V,False,False,False,False,False,False,False,True,False,True,False,False,False,
451,900,ATHI RIVER,MACHAKOS,NAIROBI MOMBASA ROAD,MLOLONGO WEIGHBRIDGE,KCE 112A I/M/BUS,THE VEHICLE KNOCKED DOWN THE VICTIM,FEMALE,A,61.0,PEDESTRIAN,1.0,2017-10-16 00:00:00,MACHAKOS,F,PEDESTRIAN,A,,ADULT,,10/16/2017,2017,10,October,16,Monday,900,9.0,0.0,MORNING,61.0,PEDESTRIAN BEHAVIOUR,KCE 112A I/M/BUS,False,False,True,False,False,False,False,False,False,True,False,False,False,
452,1350,DTO INDO AREA,NAIROBI,LUSAKA ROAD,NEAR DT DOBIE STAGE,KCF 540E M/LORRY,THE VEHICLE KNOCKED DOWN THE VICTIM,MALE,A,98.0,PEDESTRIAN,1.0,2017-10-16 00:00:00,NAIROBI,M,PEDESTRIAN,A,,ADULT,,10/16/2017,2017,10,October,16,Monday,1350,13.0,50.0,AFTERNOON,98.0,CAUSE NOT TRACED,KCF 540E M/LORRY,False,False,False,True,False,False,False,False,False,True,False,False,False,
453,2130,KONDELE,KISUMU,KISUMU KAKAMEGA,NEAR KONDELE TOWN,UNKNOWN M/V,HIT AND RUN,MALE,A,98.0,PEDESTRIAN,1.0,2017-10-16 00:00:00,KISUMU,M,PEDESTRIAN,A,,ADULT,,10/16/2017,2017,10,October,16,Monday,2130,21.0,30.0,NIGHT,98.0,CAUSE NOT TRACED,UNKNOWN M/V,False,False,False,False,False,False,False,True,False,True,False,False,False,
454,2000,KIMILILI,BUNGOMA,KITALE WEBUYE,KAMUKUYWA RIVER SIDE,KMDM 019T BOXER & KMDX 704Q TVS STAR,HEAD ON COLLSION,MALE,30,7.0,PILLION PASSENGER,1.0,2017-10-16 00:00:00,BUNGOMA,M,P/PASSENGER,30,30.0,NUMERIC AGE,25-34,10/16/2017,2017,10,October,16,Monday,2000,20.0,0.0,EVENING,7.0,DRIVER / CYCLIST BEHAVIOUR,KMDM 019T BOXER & KMDX 704Q TVS STAR,True,False,False,False,False,False,False,False,False,True,False,False,False,
446,630,KAKAMEGA,KAKAMEGA,KAKAMEGA WEBUYE,,KBN 526K T/MATATU & KMDY 288N,THE VEHICLE KNOCKED DOWN THE VICTIM,MALE,17,26.0,PILLION PASSENGER,1.0,2017-10-18 00:00:00,KAKAMEGA,M,P/PASSENGER,17,17.0,NUMERIC AGE,0-17,10/18/2017,2017,10,October,18,Wednesday,630,6.0,30.0,MORNING,26.0,DRIVER / CYCLIST BEHAVIOUR,KBN 526K T/MATATU & KMDY 288N,False,True,False,False,False,False,False,False,False,True,False,False,False,
447,1210,DTEO MAKONGENI,NAIROBI,RABAI ROAD,JUNCTION NEAR UHURU EASTATE,KCK 472 MITSUBISHI LORRY,THE VEHICLE KNOCKED DOWN THE VICTIM,MALE,A,63.0,PEDESTRIAN,1.0,2017-10-18 00:00:00,NAIROBI,M,PEDESTRIAN,A,,ADULT,,10/18/2017,2017,10,October,18,Wednesday,1210,12.0,10.0,AFTERNOON,63.0,PEDESTRIAN BEHAVIOUR,KCK 472 MITSUBISHI LORRY,False,False,False,True,False,False,False,False,False,True,False,False,False,
448,1030,MOLO,NAKURU,NAKURU ELDORET,NEAR SACHANGWAN AREA,KCG 993C ISUZU CANTER & KAZ 186L M/BENZ,THE CANTER RAMMED INTO THE TRAILER,MALE,30,10.0,PASSENGER,1.0,2017-10-18 00:00:00,NAKURU,M,PASSENGER,30,30.0,NUMERIC AGE,25-34,10/18/2017,2017,10,October,18,Wednesday,1030,10.0,30.0,MORNING,10.0,DRIVER / CYCLIST BEHAVIOUR,KCG 993C ISUZU CANTER & KAZ 186L M/BENZ,False,False,False,True,False,False,False,False,False,True,False,False,False,
449,1400,BONDO,SIAYA,BONDO USENGE,AT ODONGO JUNCTION,KBD 341W TANKER,THE VEHICLE KNOCKED DOWN THE VICTIM,MALE,10,59.0,PEDESTRIAN,1.0,2017-10-18 00:00:00,SIAYA,M,PEDESTRIAN,10,10.0,NUMERIC AGE,0-17,10/18/2017,2017,10,October,18,Wednesday,1400,14.0,0.0,AFTERNOON,59.0,PEDESTRIAN BEHAVIOUR,KBD 341W TANKER,False,False,False,False,False,False,False,False,True,True,False,False,False,
433,1900,LONDIANI,KERICHO,KERICHO LONDIANI,KEDOWA,UNKNOWN M/V & KMDE 433D,HIT AND RUN,MALE,40,98.0,MOTORCYCLIST,1.0,2017-10-22 00:00:00,KERICHO,M,M/CYCLIST,40,40.0,NUMERIC AGE,35-44,10/22/2017,2017,10,October,22,Sunday,1900,19.0,0.0,EVENING,98.0,CAUSE NOT TRACED,UNKNOWN M/V & KMDE 433D,False,False,False,False,False,False,False,True,False,True,False,False,False,
434,1030,KENDU BAY,HOMA BAY,RAKWARO,RAKWARO AREA,KCF 526Y TOYOTA HIACE,THE VEHICLE GOT A TYRE BURST AND ROLLED SEVERAL TIMES,FEMALE,26,,PASSENGER,1.0,2017-10-22 00:00:00,HOMA BAY,F,PASSENGER,26,26.0,NUMERIC AGE,25-34,10/22/2017,2017,10,October,22,Sunday,1030,10.0,30.0,MORNING,,NOT RECORDED,KCF 526Y TOYOTA HIACE,False,False,False,False,False,False,False,False,False,True,True,False,False,
435,1000,MALINDI,KILIFI,WATAMU GEDE,WATAMU,KAZ 786 T/COROLLA & KMDJ 763X,HEAD ON COLLISION,MALE,A,98.0,MOTORCYCLIST,1.0,2017-10-22 00:00:00,MALINDI,M,M/CYCLIST,A,,ADULT,,10/22/2017,2017,10,October,22,Sunday,1000,10.0,0.0,MORNING,98.0,CAUSE NOT TRACED,KAZ 786 T/COROLLA & KMDJ 763X,False,False,False,False,False,False,True,False,False,True,False,False,False,
436,1830,MAKONGENI,NAIROBI,MOYALE,MOYALE LAMU JUNCTION,T407 CRANE,THE VEHICLE KNOCKED DOWN THE VICTIM,MALE,35,,PEDESTRIAN,1.0,2017-10-22 00:00:00,NAIROBI,M,PEDESTRIAN,35,35.0,NUMERIC AGE,35-44,10/22/2017,2017,10,October,22,Sunday,1830,18.0,30.0,EVENING,,NOT RECORDED,T407 CRANE,False,False,False,False,False,False,False,False,False,False,False,True,False,
437,1400,SAGANA,KIRINYAGA,SAGANA MURANGA,KATHAMBA,KCG 172N ISUZU LORRY,THE VEHICLE KNOCKED DOWN THE VICTIM,MALE,42,,PEDESTRIAN,1.0,2017-10-22 00:00:00,KIRINYAGA,M,PEDESTRIAN,42,42.0,NUMERIC AGE,35-44,10/22/2017,2017,10,October,22,Sunday,1400,14.0,0.0,AFTERNOON,,NOT RECORDED,KCG 172N ISUZU LORRY,False,False,False,True,False,False,False,False,False,True,False,False,False,
438,1330,MALABA,BUSIA,AKUBWOIT KWANGAMOR ROAD,AKUBWOIT,KMDV 105Y &KMCS 564L,HEAD ON COLLISION,MALE,31,7.0,MOTORCYCLIST,1.0,2017-10-22 00:00:00,BUSIA,M,M/CYCLIST,31,31.0,NUMERIC AGE,25-34,10/22/2017,2017,10,October,22,Sunday,1330,13.0,30.0,AFTERNOON,7.0,DRIVER / CYCLIST BEHAVIOUR,KMDV 105Y &KMCS 564L,False,False,False,False,False,False,False,False,False,False,False,True,False,
439,1600,KIKUYU,KIAMBU,NAIROBI NAIVASHA,REGENT,KAY 263N ISUZU NPR,THE VEHICLE KNOCKED DOWN THE VICTIM,MALE,32,68.0,PEDESTRIAN,1.0,2017-10-22 00:00:00,KIAMBU,M,PEDESTRIAN,32,32.0,NUMERIC AGE,25-34,10/22/2017,2017,10,October,22,Sunday,1600,16.0,0.0,AFTERNOON,68.0,PEDESTRIAN BEHAVIOUR,KAY 263N ISUZU NPR,False,False,False,False,False,False,False,False,False,False,False,True,False,
440,1640,ATHI RIVER,MACHAKOS,NAIROBI MOMBASA ROAD,MOMBASA CEMENT,KBV 520V FH MINI BUS,THE VEHICLE KNOCKED DOWN THE VICTIM,MALE,A,60.0,PEDESTRIAN,1.0,2017-10-22 00:00:00,MACHAKOS,M,PEDESTRIAN,A,,ADULT,,10/22/2017,2017,10,October,22,Sunday,1640,16.0,40.0,AFTERNOON,60.0,PEDESTRIAN BEHAVIOUR,KBV 520V FH MINI BUS,False,False,True,False,False,False,False,False,False,True,False,False,False,
441,2140,EMBAKASI,NAIROBI,MOMBASA ROAD,GATEWAY MALL,KCK 755L T/RACTIS,THE VEHICLE KNOCKED DOWN THE VICTIM,FEMALE,26,,PEDESTRIAN,1.0,2017-10-22 00:00:00,NAIROBI,F,PEDESTRIAN,26,26.0,NUMERIC AGE,25-34,10/22/2017,2017,10,October,22,Sunday,2140,21.0,40.0,NIGHT,,NOT RECORDED,KCK 755L T/RACTIS,False,False,False,False,False,False,False,False,False,False,False,True,False,
442,2230,STAREHE,NAIROBI,WANGARI MATHAAI,SHIKH UNION,UNKNOWN M/V,HIT AND RUN,MALE,34,,PEDESTRIAN,1.0,2017-10-22 00:00:00,NAIROBI,M,PEDESTRIAN,34,34.0,NUMERIC AGE,25-34,10/22/2017,2017,10,October,22,Sunday,2230,22.0,30.0,NIGHT,,NOT RECORDED,UNKNOWN M/V,False,False,False,False,False,False,False,True,False,True,False,False,False,
443,UNKNOWN TIME,MALINDI,KILIFI,MALINDI MOMBASA,MIDA SCHOOL,UNKNOWN M/V,HIT AND RUN,MALE,A,98.0,PEDESTRIAN,1.0,2017-10-22 00:00:00,KILIFI,M,PEDESTRIAN,A,,ADULT,,10/22/2017,2017,10,October,22,Sunday,UNKNOWN TIME,,,UNKNOWN,98.0,CAUSE NOT TRACED,UNKNOWN M/V,False,False,False,False,False,False,False,True,False,True,False,False,False,
444,1000,BAMBURI,MOMBASA,OLD MOMBASA MALINDI,UTANGE,UNKNOWN M/V,HIT AND RUN,MALE,37,13.0,PEDESTRIAN,1.0,2017-10-22 00:00:00,MOMBASA,M,PEDESTRIAN,37,37.0,NUMERIC AGE,35-44,10/22/2017,2017,10,October,22,Sunday,1000,10.0,0.0,MORNING,13.0,DRIVER / CYCLIST BEHAVIOUR,UNKNOWN M/V,False,False,False,False,False,False,False,True,False,True,False,False,False,
445,2000,MACHAKOS,MACHAKOS,KATHEKAI,KATHEKAI,GKB 529F T/L CRUISER,THE VEHICLE LOST CONTROL AND OVERTURNED,MALE,A,,DRIVER,1.0,2017-10-22 00:00:00,MACHAKOS,M,DRIVER,A,,ADULT,,10/22/2017,2017,10,October,22,Sunday,2000,20.0,0.0,EVENING,,NOT RECORDED,GKB 529F T/L CRUISER,False,False,False,False,False,False,False,False,False,False,False,True,False,
426,1200,GARISSA,GARISSA,SOKO NG'OMBE BULA RIGI EARTH ROAD,BULARIGI AREA,KBK 998X ISUZU CXZ LORRY & KMEC 944U TVS STAR,THE VEHICLE KNOCKED DOWN THE VICTIM,MALE,A,19.0,MOTORCYCLIST,1.0,2017-10-23 00:00:00,GARISSA,M,M/CYCLIST,A,,ADULT,,10/23/2017,2017,10,October,23,Monday,1200,12.0,0.0,AFTERNOON,19.0,DRIVER / CYCLIST BEHAVIOUR,KBK 998X ISUZU CXZ LORRY & KMEC 944U TVS STAR,True,False,False,True,False,False,False,False,False,True,False,False,False,
427,1200,GARISSA,GARISSA,SOKO NG'OMBE BULA RIGI EARTH ROAD,BULARIGI AREA,KBK 998X ISUZU CXZ LORRY & KMEC 944U TVS STAR,THE VEHICLE KNOCKED DOWN THE VICTIM,MALE,A,19.0,PILLION PASSENGER,1.0,2017-10-23 00:00:00,GARISSA,M,P/PASSENGER,A,,ADULT,,10/23/2017,2017,10,October,23,Monday,1200,12.0,0.0,AFTERNOON,19.0,DRIVER / CYCLIST BEHAVIOUR,KBK 998X ISUZU CXZ LORRY & KMEC 944U TVS STAR,True,False,False,True,False,False,False,False,False,True,False,False,False,
428,700,MAKUENI,MAKUENI,MBUNBUNI NDUMBI,NDUMBI SHOPPING CENTRE,UNKNOWN M/V,HIT AND RUN,MALE,57,98.0,PEDESTRIAN,1.0,2017-10-23 00:00:00,MAKUENI,M,PEDESTRIAN,57,57.0,NUMERIC AGE,55-64,10/23/2017,2017,10,October,23,Monday,700,7.0,0.0,MORNING,98.0,CAUSE NOT TRACED,UNKNOWN M/V,False,False,False,False,False,False,False,True,False,True,False,False,False,
429,1330,KITUI,KITUI,MUTHUE MUTOMO,NEAR MUTUMO PRIMARY SCHOOL,KMCR 076Z PREMIER & KMCC 083Q SKYGO,THE VEHICLE KNOCKED DOWN THE VICTIM,MALE,35,29.0,MOTORCYCLIST,1.0,2017-10-23 00:00:00,KITUI,M,M/CYCLIST,35,35.0,NUMERIC AGE,35-44,10/23/2017,2017,10,October,23,Monday,1330,13.0,30.0,AFTERNOON,29.0,DRIVER / CYCLIST BEHAVIOUR,KMCR 076Z PREMIER & KMCC 083Q SKYGO,True,False,False,False,False,False,False,False,False,True,False,False,False,
430,1330,BURUBURU,NAIROBI,BARAKA ROAD,NEAR SUPA LOAF PRIMARY SCHOOL,KBU 207P FOTON LORRY,THE VEHICLE KNOCKED DOWN THE VICTIM,MALE,58,98.0,PEDESTRIAN,1.0,2017-10-23 00:00:00,NAIROBI,M,PEDESTRIAN,58,58.0,NUMERIC AGE,55-64,10/23/2017,2017,10,October,23,Monday,1330,13.0,30.0,AFTERNOON,98.0,CAUSE NOT TRACED,KBU 207P FOTON LORRY,False,False,False,True,False,False,False,False,False,True,False,False,False,
431,2030,GILGIL,NAKURU,GILGIL NAIVASHA,RAILWAY FLYOVER,KAW 645Q/ZD 8912 ACTROS TRAILER &KCJ 879E NISSAN XTRAIL,HEAD ON COLLISION,MALE,A,10.0,DRIVER,1.0,2017-10-23 00:00:00,NAKURU,M,DRIVER,A,,ADULT,,10/23/2017,2017,10,October,23,Monday,2030,20.0,30.0,EVENING,10.0,DRIVER / CYCLIST BEHAVIOUR,KAW 645Q/ZD 8912 ACTROS TRAILER &KCJ 879E NISSAN XTRAIL,False,False,False,True,False,False,True,False,True,True,False,False,False,
432,2000,VOI,TAITA TAVETA,NAIROBI MOMBASA ROAD,MANYANI AREA,KCH 130J/ZD 0127 MITSUBISH TRAILER & KCG 613R/ZF 3029 DAF TRAILER,HEAD ON COLLISION,MALE,60,29.0,DRIVER,1.0,2017-10-23 00:00:00,TAITA TAVETA,M,DRIVER,60,60.0,NUMERIC AGE,55-64,10/23/2017,2017,10,October,23,Monday,2000,20.0,0.0,EVENING,29.0,DRIVER / CYCLIST BEHAVIOUR,KCH 130J/ZD 0127 MITSUBISH TRAILER & KCG 613R/ZF 3029 DAF TRAILER,False,False,False,True,False,False,False,False,True,True,False,False,False,
422,1000,TARAKWA,NAKURU,ELDORET-NAKURU,BAYETE AREA,KBC 234C/ZA 7408 ACTROS TRAILER,THE VEHICLE KNOCKED DOWN THE VICTIM,MALE,25,68.0,PEDESTRIAN,1.0,2017-10-27 00:00:00,NAKURU,M,PEDESTRIAN,25,25.0,NUMERIC AGE,25-34,10/27/2017,2017,10,October,27,Friday,1000,10.0,0.0,MORNING,68.0,PEDESTRIAN BEHAVIOUR,KBC 234C/ZA 7408 ACTROS TRAILER,False,False,False,True,False,False,False,False,True,True,False,False,False,
423,1630,THIKA,KIAMBU,THIKA-MATUU,MAGOGONI AREA,KBD 187U TOYOTA VITS,THE VEHICLE KNOCKED DOWN THE VICTIM,MALE,42,60.0,PEDESTRIAN,1.0,2017-10-27 00:00:00,KIAMBU,M,PEDESTRIAN,42,42.0,NUMERIC AGE,35-44,10/27/2017,2017,10,October,27,Friday,1630,16.0,30.0,AFTERNOON,60.0,PEDESTRIAN BEHAVIOUR,KBD 187U TOYOTA VITS,False,False,False,False,False,False,False,False,False,False,False,True,False,
424,1630,NTULELE,NAROK,NAROK-MAIMAHIU,DELLO HILL AREA,KCB 118C NISSAN SERENA & KMDK 325R BOXER,HEAD ON COLLISION,MALE,41,39.0,MOTORCYCLIST,1.0,2017-10-27 00:00:00,NAROK,M,M/CYCLIST,41,41.0,NUMERIC AGE,35-44,10/27/2017,2017,10,October,27,Friday,1630,16.0,30.0,AFTERNOON,39.0,DRIVER / CYCLIST BEHAVIOUR,KCB 118C NISSAN SERENA & KMDK 325R BOXER,True,False,False,False,False,False,False,False,False,True,False,False,False,
425,1920,KAREN,NAIROBI,DAGORETI ROAD,NEAR HUB SHOPPING MALL,KAP 049P TOYOTA MATATU,THE VEHICLE KNOCKED DOWN THE VICTIM,MALE,A,29.0,PEDESTRIAN,1.0,2017-10-27 00:00:00,NAIROBI,M,PEDESTRIAN,A,,ADULT,,10/27/2017,2017,10,October,27,Friday,1920,19.0,20.0,EVENING,29.0,DRIVER / CYCLIST BEHAVIOUR,KAP 049P TOYOTA MATATU,False,True,False,False,False,False,False,False,False,True,False,False,False,
416,600,NAKURU,NAKURU,NAKURU-GILGIL,STATE HOUSE,KMDE 494D RALLY,THE MOTOR CYCLE LOST CONTROL AND HIT A CULVERT,MALE,35,26.0,MOTORCYCLIST,1.0,2017-10-28 00:00:00,NAKURU,M,M/CYCLIST,35,35.0,NUMERIC AGE,35-44,10/28/2017,2017,10,October,28,Saturday,600,6.0,0.0,MORNING,26.0,DRIVER / CYCLIST BEHAVIOUR,KMDE 494D RALLY,False,False,False,False,False,False,False,False,False,False,False,True,False,
417,1440,MAKINDU,MAKUENI,KITUI-KIBWEZI,SYEMBENI,KMEF 648L SKYGO,THE UNKNOWN LORRY HIT THE MOTOR CYCLE,MALE,A,23.0,MOTORCYCLIST,1.0,2017-10-28 00:00:00,MAKUENI,M,M/CYCLIST,A,,ADULT,,10/28/2017,2017,10,October,28,Saturday,1440,14.0,40.0,AFTERNOON,23.0,DRIVER / CYCLIST BEHAVIOUR,KMEF 648L SKYGO,True,False,False,False,False,False,False,False,False,True,False,False,False,
418,1640,GIGIRI,NAIROBI,WANGARI MATHAI,OPP MUSEUM,KBJ 013E MITSUBISHI LORRY & KMDZ 370L,THE LORRY HIT THE MOTOR CYCLE,MALE,A,8.0,MOTORCYCLIST,1.0,2017-10-28 00:00:00,NAIROBI,M,M/CYCLIST,A,,ADULT,,10/28/2017,2017,10,October,28,Saturday,1640,16.0,40.0,AFTERNOON,8.0,DRIVER / CYCLIST BEHAVIOUR,KBJ 013E MITSUBISHI LORRY & KMDZ 370L,False,False,False,True,False,False,False,False,False,True,False,False,False,
419,1920,GARISSA,GARISSA,GARISSA-MWINGI,MADOGO,KBT 653G ISUZU LORRY & KMDA 802F RANGER,THE LORRY HIT THE MOTOR CYCLE,MALE,A,8.0,MOTORCYCLIST,1.0,2017-10-28 00:00:00,GARISSA,M,M/CYCLIST,A,,ADULT,,10/28/2017,2017,10,October,28,Saturday,1920,19.0,20.0,EVENING,8.0,DRIVER / CYCLIST BEHAVIOUR,KBT 653G ISUZU LORRY & KMDA 802F RANGER,False,False,False,True,False,False,False,False,False,True,False,False,False,
420,1130,VIHIGA,VIHIGA,LUANDA MAJENGO,POLICE STATION GATE,UNKNOWN,HIT & RUN,MALE,76,98.0,PILLION PASSENGER,1.0,2017-10-28 00:00:00,VIHIGA,M,P/PASSENGER,76,76.0,NUMERIC AGE,65+,10/28/2017,2017,10,October,28,Saturday,1130,11.0,30.0,MORNING,98.0,CAUSE NOT TRACED,UNKNOWN,False,False,False,False,False,False,False,True,False,True,False,False,False,
421,2030,BOMET,BOMET,BOMET-LITEN,KAPKOROS,KBZ 609J MITSUBISHI LORRY & KMDN 141J BOXER,HEAD ON COLLISION,MALE,A,8.0,MOTORCYCLIST & PILLION PASSENGER,2.0,2017-10-28 00:00:00,BOMET,M,M/CYCLIST & P/PASSENGER,A,,ADULT,,10/28/2017,2017,10,October,28,Saturday,2030,20.0,30.0,EVENING,8.0,DRIVER / CYCLIST BEHAVIOUR,KBZ 609J MITSUBISHI LORRY & KMDN 141J BOXER,True,False,False,True,False,False,False,False,False,True,False,False,False,
408,1630,NYERI,NYERI,NYERI-KAMAKWA,KAMAKWA CENTER,KBW 907U TOYOTA MATATU,THE BABAY FALL DOWN THE MOTHER JAMPED OUT OF THE VEHICLE,FEMALE,5 MONTHS,70.0,PASSENGER,1.0,2017-10-29 00:00:00,NYERI,F,PASSENGER,5 MONTHS,,UNKNOWN,,10/29/2017,2017,10,October,29,Sunday,1630,16.0,30.0,AFTERNOON,70.0,PASSENGER / ATTENDANT,KBW 907U TOYOTA MATATU,False,True,False,False,False,False,False,False,False,True,False,False,False,
409,2025,KIRINYAGA,KIRINYAGA,KERUGOYA-KUTUS,NEAR ST. FRANCIS CHURCH,KTWB 868D DAIYUN & KBL 485K TOYOTA MATATU,HEAD ON COLLISION,FEMALE,35,39.0,PILLION PASSENGER,1.0,2017-10-29 00:00:00,KIRINYAGA,F,P/PASSENGER,35,35.0,NUMERIC AGE,35-44,10/29/2017,2017,10,October,29,Sunday,2025,20.0,25.0,EVENING,39.0,DRIVER / CYCLIST BEHAVIOUR,KTWB 868D DAIYUN & KBL 485K TOYOTA MATATU,False,True,False,False,False,False,False,False,False,True,False,False,False,
410,2000,MATUNDA,KAKAMEGA,KITALE - ELDORET,NANGILI AREA,KMDY 671N HONDA,THE MOTOR CYCLE GOT FRONT TYRE BURST AND LOST CONTROL AND FALL DOWN,MALE,38,6.0,MOTORCYCLIST,1.0,2017-10-29 00:00:00,KAKAMEGA,M,M/CYCLIST,38,38.0,NUMERIC AGE,35-44,10/29/2017,2017,10,October,29,Sunday,2000,20.0,0.0,EVENING,6.0,DRIVER / CYCLIST BEHAVIOUR,KMDY 671N HONDA,False,False,False,False,False,False,False,False,False,False,False,True,False,
411,2015,BUNGOMA,BUNGOMA,BUNGOMA-WEBUYE,MABANGA AREA,KMBH 665T TVS STAR,THE UNKNOWN M/V HIT THE MOTOR CYCLE,MALE,"32, 40",98.0,PILLION PASSENGER,2.0,2017-10-29 00:00:00,BUNGOMA,M,P/PASSENGERS,"32, 40",,UNKNOWN,,10/29/2017,2017,10,October,29,Sunday,2015,20.0,15.0,EVENING,98.0,CAUSE NOT TRACED,KMBH 665T TVS STAR,True,False,False,False,False,False,False,False,False,True,False,False,False,
412,2230,KANGEMA,MURANG'A,KIRIA-INI-KANGEMA,GAKIRA AREA,KAT 398C TOYOTA HILLUX P/UP & KMDS 535X SHINERY,THE VEHICLE HIT THE MOTOR CYCLE,MALE,33,98.0,MOTORCYCLIST,1.0,2017-10-29 00:00:00,MURANGA,M,M/CYCLIST,33,33.0,NUMERIC AGE,25-34,10/29/2017,2017,10,October,29,Sunday,2230,22.0,30.0,NIGHT,98.0,CAUSE NOT TRACED,KAT 398C TOYOTA HILLUX P/UP & KMDS 535X SHINERY,False,False,False,False,True,False,False,False,False,True,False,False,False,
413,2030,DAGOREI,NAIROBI,WAIYAKI WAY,NEAR NAIROBI SCHOOL,KCA 766M SCANIA BUS & KMDW 875H BOXER,THE MOTOR CYCLE HIT THE BUS,MALE,A,45.0,MOTORCYCLIST,1.0,2017-10-29 00:00:00,NAIROBI,M,M/CYCLIST,A,,ADULT,,10/29/2017,2017,10,October,29,Sunday,2030,20.0,30.0,EVENING,45.0,DRIVER / CYCLIST BEHAVIOUR,KCA 766M SCANIA BUS & KMDW 875H BOXER,True,False,True,False,False,False,False,False,False,True,False,False,False,
414,2045,KITUI,KITUI,KITUI-KABATI,KWA CHENZA AREA,KBD 849K TOYOTA MATATU & KMEG 870J PIONEER,THE VEHICLE RAMMED INTO THE MOTOR CYCLE,MALE,6 MONTHS,29.0,PILLION PASSENGER,1.0,2017-10-29 00:00:00,KITUI,M,P/PASSENGER,6 MONTHS,,UNKNOWN,,10/29/2017,2017,10,October,29,Sunday,2045,20.0,45.0,EVENING,29.0,DRIVER / CYCLIST BEHAVIOUR,KBD 849K TOYOTA MATATU & KMEG 870J PIONEER,False,True,False,False,False,False,False,False,False,True,False,False,False,
415,2130,INDO AREA,NAIROBI,MOMBASA ROAD,BELLE VIEW AREA,KBQ 900Y TOYOTA PRADO,THE VEHICLE KNOCKED DOWN THE VICTIM,MALE,A,98.0,PEDESTRIAN,1.0,2017-10-29 00:00:00,NAIROBI,M,PEDESTRIAN,A,,ADULT,,10/29/2017,2017,10,October,29,Sunday,2130,21.0,30.0,NIGHT,98.0,CAUSE NOT TRACED,KBQ 900Y TOYOTA PRADO,False,False,False,False,False,False,True,False,False,True,False,False,False,
406,1300,EMBU,EMBU,ALONG RUNNYENJES - UGWERI ROAD,GICHICHE MARKET,KCK 099T NISSAN AD & KMCX 323A SKYGO,THE VEHICLE HIT THE MOTOR CYCLE,MALE,54,10.0,MOTORCYCLIST,1.0,2017-10-30 00:00:00,EMBU,M,M/CYCLIST,54,54.0,NUMERIC AGE,45-54,10/30/2017,2017,10,October,30,Monday,1300,13.0,0.0,AFTERNOON,10.0,DRIVER / CYCLIST BEHAVIOUR,KCK 099T NISSAN AD & KMCX 323A SKYGO,True,False,False,False,False,False,False,False,False,True,False,False,False,
407,430,EMBAKASI,NAIROBI,MOMBASA ROAD,AIRPORT TURN OFF,KCA 961A T/WISH & KBV 147M/ZE 4153 TRAILER M/BENZ,THE T/WISH RAMMED INTO THE TRAILLER WHICH WAS PARKED OFF THE ROAD,MALE,A,76.0,DRIVER,1.0,2017-10-30 00:00:00,NAIROBI,M,DRIVER,A,,ADULT,,10/30/2017,2017,10,October,30,Monday,430,4.0,30.0,NIGHT,76.0,OBSTRUCTION,KCA 961A T/WISH & KBV 147M/ZE 4153 TRAILER M/BENZ,False,False,False,False,False,False,True,False,True,True,False,False,False,
402,1940,CHUKA,THARAKA NITHI,EMBU-CHUKA,NAKA,KCD 006J TOYOTA MATATU & KMDT 742B BAJAJ,THE VEHICLE KNOCKED DOWN THE VICTIM,FEMALE,22,10.0,PEDESTRIAN,1.0,2017-10-31 00:00:00,THARAKA NITHI,F,PEDESTRIAN,22,22.0,NUMERIC AGE,18-24,10/31/2017,2017,10,October,31,Tuesday,1940,19.0,40.0,EVENING,10.0,DRIVER / CYCLIST BEHAVIOUR,KCD 006J TOYOTA MATATU & KMDT 742B BAJAJ,True,True,False,False,False,False,False,False,False,True,False,False,False,
403,1630,TIGANIA,MERU,MERU - MAUA,KIANJAI,UNKNOWN,HIT & RUN,FEMALE,A,98.0,PEDESTRIAN,1.0,2017-10-31 00:00:00,MERU,F,PEDESTRIAN,A,,ADULT,,10/31/2017,2017,10,October,31,Tuesday,1630,16.0,30.0,AFTERNOON,98.0,CAUSE NOT TRACED,UNKNOWN,False,False,False,False,False,False,False,True,False,True,False,False,False,
404,1745,ATHI RIVER,MACHAKOS,NAIROBI-MOMBASA,MLOLONGO,KCH 473K TATA LORRY,THE PERSON WHO WAS STEALING A RIDE FALL DOWN,MALE,A,72.0,PASSENGER,1.0,2017-10-31 00:00:00,MACHAKOS,M,PASSEGER,A,,ADULT,,10/31/2017,2017,10,October,31,Tuesday,1745,17.0,45.0,EVENING,72.0,PASSENGER / ATTENDANT,KCH 473K TATA LORRY,False,False,False,True,False,False,False,False,False,True,False,False,False,
405,1530,NYALI,MOMBASA,MOMBASA-MALINDI,HONGERA,KAP 188M NISSAN MATATU,THE VEHICLE KNOCKED DOWN THE VICTIM,MALE,A,8.0,PEDESTRIAN,1.0,2017-10-31 00:00:00,MOMBASA,M,PEDESTRIAN,A,,ADULT,,10/31/2017,2017,10,October,31,Tuesday,1530,15.0,30.0,AFTERNOON,8.0,DRIVER / CYCLIST BEHAVIOUR,KAP 188M NISSAN MATATU,False,True,False,False,False,False,False,False,False,True,False,False,False,
397,1300,MUMIAS,KAKAMEGA,ELUCHE-MUMIAS,ELUCHE,KBC 483M NEW HOLLAND,THE TRACTOR HIT A PEDAL CYCLE,MALE,A,26.0,PILLION PASSENGER,1.0,2017-11-02 00:00:00,KAKAMEGA,M,P/PASSENGER,A,,ADULT,,11/2,2017,11,November,2,Thursday,1300,13.0,0.0,AFTERNOON,26.0,DRIVER / CYCLIST BEHAVIOUR,KBC 483M NEW HOLLAND,False,False,False,False,False,True,False,False,False,True,False,False,False,
398,1730,MATUU,MACHAKOS,KANYONYO-EMBU,KIYAA,KCK 659P T/PROBOX,THE VEHICLE KNOCKED DOWN THE VICTIM,MALE,A,7.0,PEDESTRIAN,1.0,2017-11-02 00:00:00,MACHAKOS,M,PEDESTRIAN,A,,ADULT,,11/2,2017,11,November,2,Thursday,1730,17.0,30.0,EVENING,7.0,DRIVER / CYCLIST BEHAVIOUR,KCK 659P T/PROBOX,False,False,False,False,False,False,True,False,False,True,False,False,False,
399,1030,CHANGAMWE,MOMBASA,MOMBASA-NAIROBI,MAGONGO,KTCB 224/ZD NEW HOLLAND,THE TRACTOR KNOCKED DOWN THE VICTIM,FEMALE,40,26.0,PEDESTRIAN,1.0,2017-11-02 00:00:00,MOMBASA,F,PEDESTRIAN,40,40.0,NUMERIC AGE,35-44,11/2,2017,11,November,2,Thursday,1030,10.0,30.0,MORNING,26.0,DRIVER / CYCLIST BEHAVIOUR,KTCB 224/ZD NEW HOLLAND,False,False,False,False,False,True,False,False,False,True,False,False,False,
400,2000,NTULELE,NAROK,NAROK-MAIMAHIU,STIMA AREA,KCF 659L TOYOTA MATATU HACE(NAROK LINE SERVICES LTD),THE VEHICLE KNOCKED DOWN THE VICTIM,MALE,A,29.0,PEDESTRIAN,1.0,2017-11-02 00:00:00,NAROK,M,PEDESTRIAN,A,,ADULT,,11/2,2017,11,November,2,Thursday,2000,20.0,0.0,EVENING,29.0,DRIVER / CYCLIST BEHAVIOUR,KCF 659L TOYOTA MATATU HACE(NAROK LINE SERVICES LTD),False,True,False,False,False,False,False,False,False,True,False,False,False,
401,2030,TARAKWA,UASIN GISHU,ELDORET-NAKURU,DINDURA,KBN 962C /ZD 7177 SCANIAL TRAILER,"THE VEHICLE LOST CONTROL, VEERING OFF THE ROAD AND LANDED INTO A DITCH",FEMALE,A,26.0,PASSENGER,1.0,2017-11-02 00:00:00,UASIN GISHU,F,PASSENGER,A,,ADULT,,11/2,2017,11,November,2,Thursday,2030,20.0,30.0,EVENING,26.0,DRIVER / CYCLIST BEHAVIOUR,KBN 962C /ZD 7177 SCANIAL TRAILER,False,False,False,False,False,False,False,False,True,True,False,False,False,
389,630,EMBAKASI,NAIROBI,MOMBASA ROAD,NEAR GENERAL MOTORS,UNKNOWN,HIT & RUN,MALE,A,98.0,PEDESTRIAN,1.0,2017-11-05 00:00:00,NAIROBI,M,PEDESTRIAN,A,,ADULT,,11/5,2017,11,November,5,Sunday,630,6.0,30.0,MORNING,98.0,CAUSE NOT TRACED,UNKNOWN,False,False,False,False,False,False,False,True,False,True,False,False,False,
390,745,MARIAKANI,KILIFI,MOMBASA-KILIFI,BONGE AREA,KCA 824S X-TRAIL,THE VEHICLE LOST CONTROL AND LANDED INTO A DITCH,MALE,A,26.0,PASSENGER,1.0,2017-11-05 00:00:00,KILIFI,M,PASSENGER,A,,ADULT,,11/5,2017,11,November,5,Sunday,745,7.0,45.0,MORNING,26.0,DRIVER / CYCLIST BEHAVIOUR,KCA 824S X-TRAIL,False,False,False,False,False,False,True,False,False,True,False,False,False,
391,1030,KISII,KISII,KISII-MARANI,EGESA AREA,KBD 967Q MATATU & KAE 118Z T/COROLLA,THE MATATU BRAKES FAILED AND RAMMED INTO THE COROLLA,MALE,60,78.0,PASSENGER,1.0,2017-11-05 00:00:00,KISII,M,PASSENGER,60,60.0,NUMERIC AGE,55-64,11/5,2017,11,November,5,Sunday,1030,10.0,30.0,MORNING,78.0,VEHICLE DEFECT,KBD 967Q MATATU & KAE 118Z T/COROLLA,False,True,False,False,False,False,True,False,False,True,False,False,False,
392,1330,KIPIPIRI,NYANDARUA,MIHARATI-ENGINEER ROAD,KIANJOGU BRIDGE NEAR MACHINERY AREA,KCH 953T TATA TIPPER,THE VEHICLE LOST CONTROL AND DRIVER WAS THROWN OUT,MALE,40,26.0,DRIVER,1.0,2017-11-05 00:00:00,NYANDARUA,M,DRIVER,40,40.0,NUMERIC AGE,35-44,11/5,2017,11,November,5,Sunday,1330,13.0,30.0,AFTERNOON,26.0,DRIVER / CYCLIST BEHAVIOUR,KCH 953T TATA TIPPER,False,False,False,True,False,False,False,False,False,True,False,False,False,
393,1100,KAPENGURIA,WEST POKOT,KITALE-LODWAR,AT KAMATIRA HILLS,KBE 627E T/L/CRUISER,THE BRAKES FAILED AND THE VEHICLE LOST CONTROL,MALE,A,78.0,PASSENGER,2.0,2017-11-05 00:00:00,WEST POKOT,M,PASSENGERS,A,,ADULT,,11/5,2017,11,November,5,Sunday,1100,11.0,0.0,MORNING,78.0,VEHICLE DEFECT,KBE 627E T/L/CRUISER,False,False,False,False,False,False,True,False,False,True,False,False,False,
394,1730,TURBO,KAKAMEGA,ELDORET-WEBUYE,AT KLWANDETI BRIDGE,KBH 640L/ZD 0954 M/BENZ TRAILER,THE VEHICLE LOST CONTROL AND OVERTURNED,MALE,25,26.0,PEDESTRIAN,1.0,2017-11-05 00:00:00,KAKAMEGA,M,PEDESTRIAN,25,25.0,NUMERIC AGE,25-34,11/5,2017,11,November,5,Sunday,1730,17.0,30.0,EVENING,26.0,DRIVER / CYCLIST BEHAVIOUR,KBH 640L/ZD 0954 M/BENZ TRAILER,False,False,False,False,False,False,False,False,True,True,False,False,False,
395,2136,ATHI RIVER,MACHAKOS,MOMBASA-NAIROBI,AT SABAKI AREA,KBY 122Z L/ROVER,THE VEHICLE KNOCKED DOWN THE VICTIM,MALE,A,98.0,PEDESTRIAN,1.0,2017-11-05 00:00:00,MACHAKOS,M,PEDESTRIAN,A,,ADULT,,11/5,2017,11,November,5,Sunday,2136,21.0,36.0,NIGHT,98.0,CAUSE NOT TRACED,KBY 122Z L/ROVER,False,False,False,False,False,False,False,False,False,False,False,True,False,
396,130,ONGATA RONGAI,KAJIADO,MAGADI ROAD,NEAR CHAPCHAP AREA,KBW 239Z T/PROBOX,THE VEHICLE KNOCKED DOWN THE VICTIM,MALE,40,63.0,PEDESTRIAN,1.0,2017-11-05 00:00:00,KAJIADO,M,PEDESTRIAN,40,40.0,NUMERIC AGE,35-44,11/5,2017,11,November,5,Sunday,130,1.0,30.0,NIGHT,63.0,PEDESTRIAN BEHAVIOUR,KBW 239Z T/PROBOX,False,False,False,False,False,False,True,False,False,True,False,False,False,
379,745,KISUMU,KISUMU,NAIROBI-BUSIA,KASAGAM FLY OVER,KBS 163T/ZD 9531 AXIOR TRAILER,THE VEHICLE LOST CONTROL AND HIT BARRIER LANDING UNDER THE FLYOVER,FEMALE,A,29.0,PASSENGER,1.0,2017-11-06 00:00:00,KISUMU,F,PASSENGER,A,,ADULT,,11/6,2017,11,November,6,Monday,745,7.0,45.0,MORNING,29.0,DRIVER / CYCLIST BEHAVIOUR,KBS 163T/ZD 9531 AXIOR TRAILER,False,False,False,False,False,False,False,False,True,True,False,False,False,
380,1430,NAROK,NAROK,NAROK-MAU,NAROK TOWN,KBS 518A HONDA CRV,THE VEHICLE KNOCKED DOWN THE VICTIM,MALE,80,68.0,PEDESTRIAN,1.0,2017-11-06 00:00:00,NAROK,M,PEDESTRIAN,80,80.0,NUMERIC AGE,65+,11/6,2017,11,November,6,Monday,1430,14.0,30.0,AFTERNOON,68.0,PEDESTRIAN BEHAVIOUR,KBS 518A HONDA CRV,False,False,False,False,False,False,False,False,False,False,False,True,False,
381,1515,LONDIANI,KERICHO,KERICHO-NAKURU,JUBERT AREA,KTCB 472K JOHN DEER,"THE VEHICLE LOST CONTROL,VEERING OFF THE ROAD AND LANDED INTO A DITCH",MALE,25,26.0,DRIVER,1.0,2017-11-06 00:00:00,KERICHO,M,DRIVER,25,25.0,NUMERIC AGE,25-34,11/6,2017,11,November,6,Monday,1515,15.0,15.0,AFTERNOON,26.0,DRIVER / CYCLIST BEHAVIOUR,KTCB 472K JOHN DEER,False,False,False,False,False,False,False,False,False,False,False,True,False,
382,1600,KIMILILI,BUNGOMA,BOKOLI-KIMILILI,BITUYU AREA,KBW 374M TOYOTA TOWNACE,THE VEHICLE KNOCKED DOWN THE VICTIM,MALE,31,7.0,PEDESTRIAN,1.0,2017-11-06 00:00:00,BUNGOMA,M,PEDESTRIAN,31,31.0,NUMERIC AGE,25-34,11/6,2017,11,November,6,Monday,1600,16.0,0.0,AFTERNOON,7.0,DRIVER / CYCLIST BEHAVIOUR,KBW 374M TOYOTA TOWNACE,False,False,False,False,False,False,False,False,False,True,True,False,False,
383,1747,NAKURU,NAKURU,PIPELINE ELEMENTAITA,PIPELINE AREA,KMDQ 433R DAYAN & KAR 843W,THE VEHICLE HIT THE MOTOR CYCLE,MALE,23,29.0,MOTORCYCLIST,1.0,2017-11-06 00:00:00,NAKURU,M,M/CYCLIST,23,23.0,NUMERIC AGE,18-24,11/6,2017,11,November,6,Monday,1747,17.0,47.0,EVENING,29.0,DRIVER / CYCLIST BEHAVIOUR,KMDQ 433R DAYAN & KAR 843W,False,False,False,False,False,False,False,False,False,False,False,True,False,
384,1830,ONGATA RONGAI,KAJIADO,MAGADI ROAD,CHAPCHAP AREA,KBG 936M T/MATATU & KMDT 551U BOXER,THE VEHICLE RAMMED INTO THE MOTOR CYCLE,FEMALE,30,18.0,PILLION PASSENGER,1.0,2017-11-06 00:00:00,KAJIADO,F,P/PASSENGER,30,30.0,NUMERIC AGE,25-34,11/6,2017,11,November,6,Monday,1830,18.0,30.0,EVENING,18.0,DRIVER / CYCLIST BEHAVIOUR,KBG 936M T/MATATU & KMDT 551U BOXER,True,True,False,False,False,False,False,False,False,True,False,False,False,
385,1745,NAKURU,NAKURU,LANET-NDUNDORI,KAREMENU CENTER,KBS 456Q T/MATATU,THE VEHICLE HIT A PEDAL CYCLIST,MALE,78,8.0,PEDAL CYCLIST,1.0,2017-11-06 00:00:00,NAKURU,M,P/CYCLIST,78,78.0,NUMERIC AGE,65+,11/6,2017,11,November,6,Monday,1745,17.0,45.0,EVENING,8.0,DRIVER / CYCLIST BEHAVIOUR,KBS 456Q T/MATATU,False,True,False,False,False,False,False,False,False,True,False,False,False,
386,2030,LONDIANI,KERICHO,LONDIANI-KERICHO,CHEBOWOR AREA,KBS 930D ISUZU LORRY & KCB 426R ASHOK LEYLAND LORRY,ISUZU LORRY RAMMED INTO THE LEYLAND LORRY,MALE,30 & 33,7.0,PASSENGER,2.0,2017-11-06 00:00:00,KERICHO,M,PASSENGERS,30 & 33,,UNKNOWN,,11/6,2017,11,November,6,Monday,2030,20.0,30.0,EVENING,7.0,DRIVER / CYCLIST BEHAVIOUR,KBS 930D ISUZU LORRY & KCB 426R ASHOK LEYLAND LORRY,False,False,False,True,False,False,False,False,False,True,False,False,False,
387,2300,KERICHO,KERICHO,NAKURU-KERICHO,DUKA MOJA AREA,UNKNOWN,HIT & RUN,MALE,40,98.0,PEDESTRIAN,1.0,2017-11-06 00:00:00,KERICHO,M,PEDESTRIAN,40,40.0,NUMERIC AGE,35-44,11/6,2017,11,November,6,Monday,2300,23.0,0.0,NIGHT,98.0,CAUSE NOT TRACED,UNKNOWN,False,False,False,False,False,False,False,True,False,True,False,False,False,
388,1930,TARU,KWALE,MOMBASA-VOI,GORA AREA,KBM 062T /ZD 3889 AXIOR TRAILER & KMDZ 806F HAOJIN,HEAD ON COLLISION,MALE,28,39.0,MOTORCYCLIST,1.0,2017-11-06 00:00:00,KWALE,M,M/CYCLIST,28,28.0,NUMERIC AGE,25-34,11/6,2017,11,November,6,Monday,1930,19.0,30.0,EVENING,39.0,DRIVER / CYCLIST BEHAVIOUR,KBM 062T /ZD 3889 AXIOR TRAILER & KMDZ 806F HAOJIN,True,False,False,False,False,False,False,False,True,True,False,False,False,
1169,1750,NAKURU,NAKURU,NAKURU ELDORET,EVEREADY,KMDE 684P SHINERAY AND KCE 829A ACTROSS,THE CYCLE RAMMED INTO THE VEHICLE,MALE,A,26.0,MOTORCYCLIST,1.0,2017-12-01,NAKURU,M,M/CYCLIST,A,,ADULT,,12/01/17,2017,12,December,1,Friday,1750,17.0,50.0,EVENING,26.0,DRIVER / CYCLIST BEHAVIOUR,KMDE 684P SHINERAY AND KCE 829A ACTROSS,False,False,False,True,False,False,False,False,False,True,False,False,True,"Estimated fill for a month missing from the source data; row content bootstrapped from real 2017 records, date placed using documented Kenyan seasonal accident trends."
1202,500,KASARANI,NAIROBI,OUTERNG ROAD,NAIVAS SPERMARKET,KMDK 267D HONDA & UNKNOWN M/V,HIT AND RUN,MALE,A,98.0,MOTORCYCLIST,1.0,2017-12-01,NAIROBI,M,M/CYCLIST,A,,ADULT,,12/01/17,2017,12,December,1,Friday,500,5.0,0.0,MORNING,98.0,CAUSE NOT TRACED,KMDK 267D HONDA & UNKNOWN M/V,False,False,False,False,False,False,False,True,False,True,False,False,True,"Estimated fill for a month missing from the source data; row content bootstrapped from real 2017 records, date placed using documented Kenyan seasonal accident trends."
1145,1900,NAKURU,NAKURU,NAKURU NAIROBI,NEAR LAIKIPIA CAMPUS,KBU 292P BEDFORD LORRY& KBP 307K MITSUBISH CANTER,HEAD ON COLLISION,MALE,A,10.0,DRIVER,1.0,2017-12-02,NAKURU,M,DRIVER,A,,ADULT,,12/02/17,2017,12,December,2,Saturday,1900,19.0,0.0,EVENING,10.0,DRIVER / CYCLIST BEHAVIOUR,KBU 292P BEDFORD LORRY& KBP 307K MITSUBISH CANTER,False,False,False,True,False,False,False,False,False,True,False,False,True,"Estimated fill for a month missing from the source data; row content bootstrapped from real 2017 records, date placed using documented Kenyan seasonal accident trends."
1186,1810,GILGIL,NAKURU,NAIVASHA GILGIL,RAILWAY FLYOVER,KMDC 647X K SONGYI,THE CYCLE WAS HIT FROM BEHIND BY UNKNOWN VEHICLE,MALE,A,98.0,MOTORCYCLIST,1.0,2017-12-02,NAKURU,M,M/CYCLIST,A,,ADULT,,12/02/17,2017,12,December,2,Saturday,1810,18.0,10.0,EVENING,98.0,CAUSE NOT TRACED,KMDC 647X K SONGYI,False,False,False,False,False,False,False,False,False,False,False,True,True,"Estimated fill for a month missing from the source data; row content bootstrapped from real 2017 records, date placed using documented Kenyan seasonal accident trends."
1135,1600,OLKALOU,NYANDARUA,OLKALOU-KARIAMU,KWA WATER AREA,KBS 393J HARRIER & M/CYCLE KMCS 524Y HAOJUE,THE VEHICLE COLLIDED HEAD ON WITH THE M/CYCLE,MALE,50,7.0,RIDER,1.0,2017-12-03,NYANDARUA,M,RIDER,50,50.0,NUMERIC AGE,45-54,12/03/17,2017,12,December,3,Sunday,1600,16.0,0.0,AFTERNOON,7.0,DRIVER / CYCLIST BEHAVIOUR,KBS 393J HARRIER & M/CYCLE KMCS 524Y HAOJUE,True,False,False,False,False,False,True,False,False,True,False,False,True,"Estimated fill for a month missing from the source data; row content bootstrapped from real 2017 records, date placed using documented Kenyan seasonal accident trends."
1192,800,OLJOROROK,NYANDARUA,OLJOROROK OLKALAU,GWA KAHIHI,UNKNOWN M/V,HIT AND RUN,MALE,40,98.0,PEDESTRIAN,1.0,2017-12-03,NYANDARUA,M,PEDESTRIAN,40,40.0,NUMERIC AGE,35-44,12/03/17,2017,12,December,3,Sunday,800,8.0,0.0,MORNING,98.0,CAUSE NOT TRACED,UNKNOWN M/V,False,False,False,False,False,False,False,True,False,True,False,False,True,"Estimated fill for a month missing from the source data; row content bootstrapped from real 2017 records, date placed using documented Kenyan seasonal accident trends."
1203,1900,KABRAS,KAKAMEGA,KAKAMEGA-WEBUYE,KAMBIRI AREA,KBX 325A HOWO TIPPER,THE VEHICLE KNOCKED DOWN A PEDESTRIAN,MALE,A,16.0,PEDESTRIAN,1.0,2017-12-04,KAKAMEGA,M,PEDESTRIAN,A,,ADULT,,12/04/17,2017,12,December,4,Monday,1900,19.0,0.0,EVENING,16.0,DRIVER / CYCLIST BEHAVIOUR,KBX 325A HOWO TIPPER,False,False,False,True,False,False,False,False,False,True,False,False,True,"Estimated fill for a month missing from the source data; row content bootstrapped from real 2017 records, date placed using documented Kenyan seasonal accident trends."
1122,2030,KISUMU,KISUMU,KISUMU NAIROBI,MOLEM,KCJ 720S MATATU,THE VEHICLE KNOCKED DOWN A VICTIM,MALE,A,10.0,PEDESTRIAN,1.0,2017-12-05,KISUMU,M,PEDESTRIAN,A,,ADULT,,12/05/17,2017,12,December,5,Tuesday,2030,20.0,30.0,EVENING,10.0,DRIVER / CYCLIST BEHAVIOUR,KCJ 720S MATATU,False,True,False,False,False,False,False,False,False,True,False,False,True,"Estimated fill for a month missing from the source data; row content bootstrapped from real 2017 records, date placed using documented Kenyan seasonal accident trends."
1177,130,ONGATA RONGAI,KAJIADO,MAGADI ROAD,NEAR CHAPCHAP AREA,KBW 239Z T/PROBOX,THE VEHICLE KNOCKED DOWN THE VICTIM,MALE,40,63.0,PEDESTRIAN,1.0,2017-12-05,KAJIADO,M,PEDESTRIAN,40,40.0,NUMERIC AGE,35-44,12/05/17,2017,12,December,5,Tuesday,130,1.0,30.0,NIGHT,63.0,PEDESTRIAN BEHAVIOUR,KBW 239Z T/PROBOX,False,False,False,False,False,False,True,False,False,True,False,False,True,"Estimated fill for a month missing from the source data; row content bootstrapped from real 2017 records, date placed using documented Kenyan seasonal accident trends."
1126,2130,GITHUNGURI,KIAMBU,,KWA MAIKO TRADING CENTRE,KBG 733R I/D/ MAX,THE VEHICLE KNOCKED DOWN THE VICTIM,MALE,31,38.0,PEDESTRIAN,1.0,2017-12-06,KIAMBU,M,PEDESTRIAN,31,31.0,NUMERIC AGE,25-34,12/06/17,2017,12,December,6,Wednesday,2130,21.0,30.0,NIGHT,38.0,DRIVER / CYCLIST BEHAVIOUR,KBG 733R I/D/ MAX,False,False,False,False,False,False,False,False,False,False,False,True,True,"Estimated fill for a month missing from the source data; row content bootstrapped from real 2017 records, date placed using documented Kenyan seasonal accident trends."
1154,1200,MARIAKANI,KILIFI,MOMBASA NAIROBI,MARIAKANI WEIGHBRIDGE,"KCK 809V TOYOTA ALLION,KBX 799Z SALOON CAR,KBR 768Z SEMI TRAILER",THE TOYOTA ALLION COLLIDED HEAD ON WITH THE SALOON CAR,MALE,A,10.0,PASSENGER,1.0,2017-12-06,KILIFI,M,PASSENGER,A,,ADULT,,12/06/17,2017,12,December,6,Wednesday,1200,12.0,0.0,AFTERNOON,10.0,DRIVER / CYCLIST BEHAVIOUR,"KCK 809V TOYOTA ALLION,KBX 799Z SALOON CAR,KBR 768Z SEMI TRAILER",False,False,False,False,False,False,True,False,True,True,False,False,True,"Estimated fill for a month missing from the source data; row content bootstrapped from real 2017 records, date placed using documented Kenyan seasonal accident trends."
1167,1400,KERICHO,KERICHO,KERICHO-LONDAINI,CHEPSIR AREA,KBY 939F ISUZU &KCG 343Y MITSUBISH FH TANKER,THEVEHICLE WAS ON A HILL AND STARTED MOVING BACKWARD AND HIT THE TANKER,MALE,31,81.0,DRIVER,1.0,2017-12-06,KERICHO,M,DRIVER,31,31.0,NUMERIC AGE,25-34,12/06/17,2017,12,December,6,Wednesday,1400,14.0,0.0,AFTERNOON,81.0,VEHICLE DEFECT,KBY 939F ISUZU &KCG 343Y MITSUBISH FH TANKER,False,False,False,False,False,False,False,False,True,True,False,False,True,"Estimated fill for a month missing from the source data; row content bootstrapped from real 2017 records, date placed using documented Kenyan seasonal accident trends."
1176,730,CHANGAMWE,MOMBASA,NAIROBI-MOMBASA,CHANGAMWE STAGE,KCK514G SCANIA BUS,KNOCKED DOWN A PEDESTRIAN,MALE,40,68.0,PEDESTRIAN,,2017-12-06,MOMBASA,M,PEDESTRIAN,40,40.0,NUMERIC AGE,35-44,12/06/17,2017,12,December,6,Wednesday,730,7.0,30.0,MORNING,68.0,PEDESTRIAN BEHAVIOUR,KCK514G SCANIA BUS,False,False,True,False,False,False,False,False,False,True,False,False,True,"Estimated fill for a month missing from the source data; row content bootstrapped from real 2017 records, date placed using documented Kenyan seasonal accident trends."
1146,2230,DIANI,KWALE,MSAMBWENI UKUNDA,GASSI,"KAN 551P NISSAN MATATU,KBB 519P NISSAN MATATU",HEAD ON COLLISION,MALE,A,26.0,DRIVER,1.0,2017-12-07,KWALE,M,DRIVER,A,,ADULT,,12/07/17,2017,12,December,7,Thursday,2230,22.0,30.0,NIGHT,26.0,DRIVER / CYCLIST BEHAVIOUR,"KAN 551P NISSAN MATATU,KBB 519P NISSAN MATATU",False,True,False,False,False,False,False,False,False,True,False,False,True,"Estimated fill for a month missing from the source data; row content bootstrapped from real 2017 records, date placed using documented Kenyan seasonal accident trends."
1206,1730,KENDU BAY,HOMA BAY,KENDU BAY-KATITO,NYAKWERE,KCK 444J TOYOTA HIACE,THE VEHICLE LOST CONTROL AND ROLLED SEVERALLY,MALE,A,26.0,DRIVER,1.0,2017-12-07,HOMA BAY,M,DRIVER,A,,ADULT,,12/07/17,2017,12,December,7,Thursday,1730,17.0,30.0,EVENING,26.0,DRIVER / CYCLIST BEHAVIOUR,KCK 444J TOYOTA HIACE,False,False,False,False,False,False,False,False,False,True,True,False,True,"Estimated fill for a month missing from the source data; row content bootstrapped from real 2017 records, date placed using documented Kenyan seasonal accident trends."
1208,1410,ATHI RIVER,MACHAKOS,NAIROBI- MOMBASA,BRIDGE 39 AREA,M/V KBW 1301/ ZB 8450 M/BENZ AND KBJ 058B T/COROLLA,DRIVER WAS OVERTAKING CARELESSLY AND IN THE PROCCESS COLLUDED HEAD ON WITH THE SAID M/BENZ.DRIVER OF TOYOTA COROLLA DIED ON THE SPOT.,MALE,A,10.0,DRIVER,1.0,2017-12-07,MACHAKOS,M,DRIVER,A,,ADULT,,12/07/17,2017,12,December,7,Thursday,1410,14.0,10.0,AFTERNOON,10.0,DRIVER / CYCLIST BEHAVIOUR,M/V KBW 1301/ ZB 8450 M/BENZ AND KBJ 058B T/COROLLA,False,False,False,False,False,False,True,False,False,True,False,False,True,"Estimated fill for a month missing from the source data; row content bootstrapped from real 2017 records, date placed using documented Kenyan seasonal accident trends."
1201,1800,NAKURU,NAKURU,NAKURU-RAVINE,OLIVE INN,KBJ615S TOYOTA HIACE,KNOCKED DOWN A J/PEDESTRIAN,MALE,J,98.0,PEDESTRIAN,1.0,2017-12-08,NAKURU,M,PEDESTRIAN,J,,JUVENILE,,12/08/17,2017,12,December,8,Friday,1800,18.0,0.0,EVENING,98.0,CAUSE NOT TRACED,KBJ615S TOYOTA HIACE,False,False,False,False,False,False,False,False,False,True,True,False,True,"Estimated fill for a month missing from the source data; row content bootstrapped from real 2017 records, date placed using documented Kenyan seasonal accident trends."
1143,2030,GILGIL,NAKURU,GILGIL NAIVASHA,RAILWAY FLYOVER,KAW 645Q/ZD 8912 ACTROS TRAILER &KCJ 879E NISSAN XTRAIL,HEAD ON COLLISION,MALE,A,10.0,DRIVER,1.0,2017-12-09,NAKURU,M,DRIVER,A,,ADULT,,12/09/17,2017,12,December,9,Saturday,2030,20.0,30.0,EVENING,10.0,DRIVER / CYCLIST BEHAVIOUR,KAW 645Q/ZD 8912 ACTROS TRAILER &KCJ 879E NISSAN XTRAIL,False,False,False,True,False,False,True,False,True,True,False,False,True,"Estimated fill for a month missing from the source data; row content bootstrapped from real 2017 records, date placed using documented Kenyan seasonal accident trends."
1153,1030,NANDI CENTRAL,NANDI,KAPSABET -CHAVAKALI,SURUNGAI AREA,KBS 829E TOYOTA FIELDER,THE VEHICLE KNOCKED DOWN A P/CYCLIST,MALE,45,37.0,PEDAL CYCLIST,1.0,2017-12-09,NANDI,M,P/CYCLIST,45,45.0,NUMERIC AGE,45-54,12/09/17,2017,12,December,9,Saturday,1030,10.0,30.0,MORNING,37.0,DRIVER / CYCLIST BEHAVIOUR,KBS 829E TOYOTA FIELDER,False,False,False,False,False,False,True,False,False,True,False,False,True,"Estimated fill for a month missing from the source data; row content bootstrapped from real 2017 records, date placed using documented Kenyan seasonal accident trends."
1168,2300,SOTIK,BOMET,KAPLONG BOMET,MIGINGO,"KBU 177P ISUZU NPR,KMDZ 239Z BOXER",HEAD ON COLLISION,MALE,A,8.0,MOTORCYCLIST,1.0,2017-12-09,BOMET,M,M/CYCLIST,A,,ADULT,,12/09/17,2017,12,December,9,Saturday,2300,23.0,0.0,NIGHT,8.0,DRIVER / CYCLIST BEHAVIOUR,"KBU 177P ISUZU NPR,KMDZ 239Z BOXER",True,False,False,False,False,False,False,False,False,True,False,False,True,"Estimated fill for a month missing from the source data; row content bootstrapped from real 2017 records, date placed using documented Kenyan seasonal accident trends."
1133,1745,NAKURU,NAKURU,LANET-NDUNDORI,KAREMENU CENTER,KBS 456Q T/MATATU,THE VEHICLE HIT A PEDAL CYCLIST,MALE,78,8.0,PEDAL CYCLIST,1.0,2017-12-10,NAKURU,M,P/CYCLIST,78,78.0,NUMERIC AGE,65+,12/10/17,2017,12,December,10,Sunday,1745,17.0,45.0,EVENING,8.0,DRIVER / CYCLIST BEHAVIOUR,KBS 456Q T/MATATU,False,True,False,False,False,False,False,False,False,True,False,False,True,"Estimated fill for a month missing from the source data; row content bootstrapped from real 2017 records, date placed using documented Kenyan seasonal accident trends."
1156,1230,NAIVASHA,NAKURU,MAAI-MAHIU NAIVASHA,GOVERNER AREA,KBK 287U/ZC 3921 AXOR TRAILER,M/V KNOCKED DOWN A PEDESTRIAN,MALE,39,68.0,PEDESTRIAN,1.0,2017-12-10,NAKURU,M,PEDESTRIAN,39,39.0,NUMERIC AGE,35-44,12/10/17,2017,12,December,10,Sunday,1230,12.0,30.0,AFTERNOON,68.0,PEDESTRIAN BEHAVIOUR,KBK 287U/ZC 3921 AXOR TRAILER,False,False,False,False,False,False,False,False,True,True,False,False,True,"Estimated fill for a month missing from the source data; row content bootstrapped from real 2017 records, date placed using documented Kenyan seasonal accident trends."
1188,1730,KIKUYU,KIAMBU,SOUTHERN BY PASS,GITARU AREA,UNKNOWN M/V & F/A/PED,THE VEHICLE KNOCKED DOWN A PEDESTRIAN,FEMALE,42,98.0,PEDESTRIAN,1.0,2017-12-10,KIAMBU,F,PEDESTRIAN,42,42.0,NUMERIC AGE,35-44,12/10/17,2017,12,December,10,Sunday,1730,17.0,30.0,EVENING,98.0,CAUSE NOT TRACED,UNKNOWN M/V & F/A/PED,False,False,False,False,False,False,False,True,False,True,False,False,True,"Estimated fill for a month missing from the source data; row content bootstrapped from real 2017 records, date placed using documented Kenyan seasonal accident trends."
1191,1630,NTULELE,NAROK,NAROK-MAIMAHIU,DELLO HILL AREA,KCB 118C NISSAN SERENA & KMDK 325R BOXER,HEAD ON COLLISION,MALE,41,39.0,MOTORCYCLIST,1.0,2017-12-10,NAROK,M,M/CYCLIST,41,41.0,NUMERIC AGE,35-44,12/10/17,2017,12,December,10,Sunday,1630,16.0,30.0,AFTERNOON,39.0,DRIVER / CYCLIST BEHAVIOUR,KCB 118C NISSAN SERENA & KMDK 325R BOXER,True,False,False,False,False,False,False,False,False,True,False,False,True,"Estimated fill for a month missing from the source data; row content bootstrapped from real 2017 records, date placed using documented Kenyan seasonal accident trends."
1193,1320,LARI,KIAMBU,NAIROBI-NAIVASHA,KIMENDE STAGE,KBL 976B MATATU (2NK SACCO),THE VEHICLE KNOCKED DOWN THE VICTIM,MALE,69,60.0,PEDESTRIAN,1.0,2017-12-12,KIAMBU,M,PEDESTRIAN,69,69.0,NUMERIC AGE,65+,12/12/17,2017,12,December,12,Tuesday,1320,13.0,20.0,AFTERNOON,60.0,PEDESTRIAN BEHAVIOUR,KBL 976B MATATU (2NK SACCO),False,True,False,False,False,False,False,False,False,True,False,False,True,"Estimated fill for a month missing from the source data; row content bootstrapped from real 2017 records, date placed using documented Kenyan seasonal accident trends."
1165,2120,DTEO CENTRAL,NAIROBI,TOM MBOYA STREET,NEAR WORLD BUSINESS CENTER,M/V/KAS 326G I/M/BUS $ PEDS,M/V HIT PEDESTRIANS CROSSING THE ROAD,FEMALE,35,10.0,PEDESTRIAN,1.0,2017-12-13,NAIROBI,F,PEDESTRIAN,35,35.0,NUMERIC AGE,35-44,12/13/17,2017,12,December,13,Wednesday,2120,21.0,20.0,NIGHT,10.0,DRIVER / CYCLIST BEHAVIOUR,M/V/KAS 326G I/M/BUS $ PEDS,False,False,True,False,False,False,False,False,False,True,False,False,True,"Estimated fill for a month missing from the source data; row content bootstrapped from real 2017 records, date placed using documented Kenyan seasonal accident trends."
1185,1330,MUMIAS,KAKAMEGA,BUSIA-MAYONI,LAIRI RIVER,KBK 692W NZE,THE VEHICLES LOST CONTROL AND OVERTURNED,FEMALE,A,26.0,PASSENGER,1.0,2017-12-13,KAKAMEGA,F,PASSENGERS,A,,ADULT,,12/13/17,2017,12,December,13,Wednesday,1330,13.0,30.0,AFTERNOON,26.0,DRIVER / CYCLIST BEHAVIOUR,KBK 692W NZE,False,False,False,False,False,False,False,False,False,False,False,True,True,"Estimated fill for a month missing from the source data; row content bootstrapped from real 2017 records, date placed using documented Kenyan seasonal accident trends."
1194,30,KITUI,KITUI,KITUNGATI-KATWALA RD,MANGANI VILLAGE,M/CYCLE KMDY 325S YAMAHA $F/J/PED,HIT A PEDESTRIAN CROSSING THE ROAD,FEMALE,6,61.0,PEDESTRIAN,1.0,2017-12-13,KITUI,F/J,PEDESTRIAN,6,6.0,NUMERIC AGE,0-17,12/13/17,2017,12,December,13,Wednesday,30,0.0,30.0,NIGHT,61.0,PEDESTRIAN BEHAVIOUR,M/CYCLE KMDY 325S YAMAHA $F/J/PED,True,False,False,False,False,False,False,False,False,True,False,False,True,"Estimated fill for a month missing from the source data; row content bootstrapped from real 2017 records, date placed using documented Kenyan seasonal accident trends."
1150,530,MTWAPA,MOMBASA,MOMBASA- KILIFI,NEAR TUSYS,KBR 760Z/ ZD 9426 AXOR TRAILOR,TRAILOR KNOCKED DOWN M/A PEDESTRIAN KILLING HIM ON THE SPOT.,MALE,A,8.0,PEDESTRIAN,1.0,2017-12-14,MOMBASA,M,PEDESTRIAN,A,,ADULT,,12/14/17,2017,12,December,14,Thursday,530,5.0,30.0,MORNING,8.0,DRIVER / CYCLIST BEHAVIOUR,KBR 760Z/ ZD 9426 AXOR TRAILOR,False,False,False,False,False,False,False,False,False,False,False,True,True,"Estimated fill for a month missing from the source data; row content bootstrapped from real 2017 records, date placed using documented Kenyan seasonal accident trends."
1161,2030,BUSIA,BUSIA,KISUMU-BUSIA,MATAYOS AREA,KCK 136C ISUZU LORRY & KMCT 222R BOXER,THE VEHICLE COLLIDED HEAD ON WITH THE M/CYCLE,MALE,26,39.0,MOTORCYCLIST,1.0,2017-12-14,BUSIA,M,M/CYCLIST,26,26.0,NUMERIC AGE,25-34,12/14/17,2017,12,December,14,Thursday,2030,20.0,30.0,EVENING,39.0,DRIVER / CYCLIST BEHAVIOUR,KCK 136C ISUZU LORRY & KMCT 222R BOXER,True,False,False,True,False,False,False,False,False,True,False,False,True,"Estimated fill for a month missing from the source data; row content bootstrapped from real 2017 records, date placed using documented Kenyan seasonal accident trends."
1139,1400,GARISSA,GARISSA,GARISSA IJARA,LUKA AREA,GKB 402S TOYOTA L/CRUISER,THE VEHICLE LOST CONTROL AND OVERTURNED,MALE,A,29.0,PASSENGER,2.0,2017-12-15,GARISSA,M,PASSENGER,A,,ADULT,,12/15/17,2017,12,December,15,Friday,1400,14.0,0.0,AFTERNOON,29.0,DRIVER / CYCLIST BEHAVIOUR,GKB 402S TOYOTA L/CRUISER,False,False,False,False,False,False,True,False,False,True,False,False,True,"Estimated fill for a month missing from the source data; row content bootstrapped from real 2017 records, date placed using documented Kenyan seasonal accident trends."
1128,1200,EMBU,EMBU,EMBU-KIBUGU,GATUNDURI,KTWB 815D,"THE TRICYCLE LOST CONTROL , VEERING OFF THE ROAD AND LANDED INTO A DITCH.",MALE,A,26.0,RIDER,1.0,2017-12-16,EMBU,M,RIDER,A,,ADULT,,12/16/17,2017,12,December,16,Saturday,1200,12.0,0.0,AFTERNOON,26.0,DRIVER / CYCLIST BEHAVIOUR,KTWB 815D,False,False,False,False,False,False,False,False,False,False,False,True,True,"Estimated fill for a month missing from the source data; row content bootstrapped from real 2017 records, date placed using documented Kenyan seasonal accident trends."
1151,620,KIRITIRI,EMBU,KIVAA-EMBU,KIRITIRI MARKET,KAV 417C N/SALOON,"THE VEHICLE HAD A TYRE BBURST, LOSING CONTROL AND ROLLED",FEMALE,33,79.0,PASSENGER,1.0,2017-12-16,EMBU,F,PASSENGER,33,33.0,NUMERIC AGE,25-34,12/16/17,2017,12,December,16,Saturday,620,6.0,20.0,MORNING,79.0,VEHICLE DEFECT,KAV 417C N/SALOON,False,False,False,False,False,False,True,False,False,True,False,False,True,"Estimated fill for a month missing from the source data; row content bootstrapped from real 2017 records, date placed using documented Kenyan seasonal accident trends."
1164,1400,SOTIK,BOMET,SOTIK-NAROK,CHEPILAT HIGHWAY ACADEMY,KAW 188K ISUZU MINI BUS,THE BUS RAN OVER THE VICTIM WHO WAS TRYING TO BOARD THE MOVING BUS,UNKNOWN,M,9.0,PEDESTRIAN,1.0,2017-12-16,BOMET,J,PEDESTRIAN,M,,UNKNOWN,,12/16/17,2017,12,December,16,Saturday,1400,14.0,0.0,AFTERNOON,9.0,DRIVER / CYCLIST BEHAVIOUR,KAW 188K ISUZU MINI BUS,False,False,True,False,False,False,False,False,False,True,False,False,True,"Estimated fill for a month missing from the source data; row content bootstrapped from real 2017 records, date placed using documented Kenyan seasonal accident trends."
1189,1230,MARIAKANI,KILIFI,KALOLENI- MAZERAS RD,MWAKOMBE AREA,KAS 509M I/M/BUS & M/A/PED,THE VEHICLE HIT A PEDESTRIAN,MALE,33,10.0,PEDESTRIAN,1.0,2017-12-17,KILIFI,M,PEDESTRIAN,33,33.0,NUMERIC AGE,25-34,12/17/17,2017,12,December,17,Sunday,1230,12.0,30.0,AFTERNOON,10.0,DRIVER / CYCLIST BEHAVIOUR,KAS 509M I/M/BUS & M/A/PED,False,False,True,False,False,False,False,False,False,True,False,False,True,"Estimated fill for a month missing from the source data; row content bootstrapped from real 2017 records, date placed using documented Kenyan seasonal accident trends."
1199,1730,TURBO,KAKAMEGA,ELDORET-WEBUYE,AT KLWANDETI BRIDGE,KBH 640L/ZD 0954 M/BENZ TRAILER,THE VEHICLE LOST CONTROL AND OVERTURNED,MALE,25,26.0,PEDESTRIAN,1.0,2017-12-17,KAKAMEGA,M,PEDESTRIAN,25,25.0,NUMERIC AGE,25-34,12/17/17,2017,12,December,17,Sunday,1730,17.0,30.0,EVENING,26.0,DRIVER / CYCLIST BEHAVIOUR,KBH 640L/ZD 0954 M/BENZ TRAILER,False,False,False,False,False,False,False,False,True,True,False,False,True,"Estimated fill for a month missing from the source data; row content bootstrapped from real 2017 records, date placed using documented Kenyan seasonal accident trends."
1119,1730,CENTRAL,NAIROBI,UHURU HIGHWAY,OPPOSITE PARLIAMENT BUILDING,KCA 113G M/BENZ,THE VEHICLE KNOCKED DOWN THE VICTIM,MALE,36,63.0,PEDESTRIAN,1.0,2017-12-18,NAIROBI,M,PEDESTRIAN,36,36.0,NUMERIC AGE,35-44,12/18/17,2017,12,December,18,Monday,1730,17.0,30.0,EVENING,63.0,PEDESTRIAN BEHAVIOUR,KCA 113G M/BENZ,False,False,False,False,False,False,False,False,False,False,False,True,True,"Estimated fill for a month missing from the source data; row content bootstrapped from real 2017 records, date placed using documented Kenyan seasonal accident trends."
1127,2230,GUCHA,KISII,KEROKA-NYANGUSU,HOTELI AREA,KCJ 814M TOYOTA PROBOX,M/V KNOCKED DOWN A M/JPEDESTRIAN,MALE,J,98.0,PEDESTRIAN,1.0,2017-12-18,KISII,M,PEDESTRIAN,J,,JUVENILE,,12/18/17,2017,12,December,18,Monday,2230,22.0,30.0,NIGHT,98.0,CAUSE NOT TRACED,KCJ 814M TOYOTA PROBOX,False,False,False,False,False,False,True,False,False,True,False,False,True,"Estimated fill for a month missing from the source data; row content bootstrapped from real 2017 records, date placed using documented Kenyan seasonal accident trends."
1132,1940,NAIVASHA,NAKURU,MAI MAHIU- NAIVASHA,BUBBLES T- JUNCTION,UNKNOWN M/V (HIT AND RUN),M/V KNOCKED DOWN UNKNOWN M/A PEDESTRIAN KILLING HIM ON THE SPOT.,MALE,A,98.0,PEDESTRIAN,1.0,2017-12-18,NAKURU,M,PEDESTRIAN,A,,ADULT,,12/18/17,2017,12,December,18,Monday,1940,19.0,40.0,EVENING,98.0,CAUSE NOT TRACED,UNKNOWN M/V (HIT AND RUN),False,False,False,False,False,False,False,True,False,True,False,False,True,"Estimated fill for a month missing from the source data; row content bootstrapped from real 2017 records, date placed using documented Kenyan seasonal accident trends."
1158,730,ELDORET,UASIN GISHU,ELDORET-KAPSABET,AIRPORT GATE,KBN 093H M/BENZ ZC 5263 AND KMDJ,HIT THE SAID M/CYCLE,MALE,A,10.0,PILLION PASSENGER,1.0,2017-12-18,UASIN GISHU,M,P/P/PASSENGER,A,,ADULT,,12/18/17,2017,12,December,18,Monday,730,7.0,30.0,MORNING,10.0,DRIVER / CYCLIST BEHAVIOUR,KBN 093H M/BENZ ZC 5263 AND KMDJ,False,False,False,False,False,False,False,False,False,False,False,True,True,"Estimated fill for a month missing from the source data; row content bootstrapped from real 2017 records, date placed using documented Kenyan seasonal accident trends."
1174,1630,BUSIA,BUSIA,BUSIA-MUMIAS,OCHUDE,KBU 987R NISSAN AD,THE VEHICLE HIT A PEDAL CYCLIST,MALE,J,7.0,PEDAL CYCLIST,1.0,2017-12-18,BUSIA,M,PEDAL CYCLIST,J,,JUVENILE,,12/18/17,2017,12,December,18,Monday,1630,16.0,30.0,AFTERNOON,7.0,DRIVER / CYCLIST BEHAVIOUR,KBU 987R NISSAN AD,False,False,False,False,False,False,False,False,False,False,False,True,True,"Estimated fill for a month missing from the source data; row content bootstrapped from real 2017 records, date placed using documented Kenyan seasonal accident trends."
1187,630,EMBAKASI,NAIROBI,MOMBASA ROAD,NEAR GENERAL MOTORS,UNKNOWN,HIT & RUN,MALE,A,98.0,PEDESTRIAN,1.0,2017-12-18,NAIROBI,M,PEDESTRIAN,A,,ADULT,,12/18/17,2017,12,December,18,Monday,630,6.0,30.0,MORNING,98.0,CAUSE NOT TRACED,UNKNOWN,False,False,False,False,False,False,False,True,False,True,False,False,True,"Estimated fill for a month missing from the source data; row content bootstrapped from real 2017 records, date placed using documented Kenyan seasonal accident trends."
1144,2000,KONDELE,KISUMU,KISUMU-KAKAMEGA,COPTIC CHURCH AREA,KBD 414W MITSUBISH PRIVER MOVER,LOST CONTRL AND DASHED IN A DITCH,MALE,47,78.0,DRIVER & PASSENGER,1.0,2017-12-19,KISUMU,M,DRIVER & 2 PASSENGERS,47,47.0,NUMERIC AGE,45-54,12/19/17,2017,12,December,19,Tuesday,2000,20.0,0.0,EVENING,78.0,VEHICLE DEFECT,KBD 414W MITSUBISH PRIVER MOVER,False,False,False,False,False,False,False,False,False,False,False,True,True,"Estimated fill for a month missing from the source data; row content bootstrapped from real 2017 records, date placed using documented Kenyan seasonal accident trends."
1152,1000,TARAKWA,NAKURU,ELDORET-NAKURU,BAYETE AREA,KBC 234C/ZA 7408 ACTROS TRAILER,THE VEHICLE KNOCKED DOWN THE VICTIM,MALE,25,68.0,PEDESTRIAN,1.0,2017-12-19,NAKURU,M,PEDESTRIAN,25,25.0,NUMERIC AGE,25-34,12/19/17,2017,12,December,19,Tuesday,1000,10.0,0.0,MORNING,68.0,PEDESTRIAN BEHAVIOUR,KBC 234C/ZA 7408 ACTROS TRAILER,False,False,False,True,False,False,False,False,True,True,False,False,True,"Estimated fill for a month missing from the source data; row content bootstrapped from real 2017 records, date placed using documented Kenyan seasonal accident trends."
1155,1720,KITENGELA,KAJIADO,NAMANGA- KITENGELA,CHUNA RD JUNCTION,KCD 930Z ISUZU LORRY AND UNKNOWN M/CYCLE,LORRY WAS HIT FROM THE REAR BY THE SAID M/CYCLE WHICH WAS NOT FOUND AT THE SCENE CARRYING A M/A P/PASSENGER WHO FALL ON THE ROAD SUSTAINING SERIOUS INJUIRIES AND DIED ON THE WAY TO HOSPITAL,MALE,20,37.0,PILLION PASSENGER,1.0,2017-12-19,KAJIADO,M,P/PASSENGER,20,20.0,NUMERIC AGE,18-24,12/19/17,2017,12,December,19,Tuesday,1720,17.0,20.0,EVENING,37.0,DRIVER / CYCLIST BEHAVIOUR,KCD 930Z ISUZU LORRY AND UNKNOWN M/CYCLE,True,False,False,True,False,False,False,True,False,True,False,False,True,"Estimated fill for a month missing from the source data; row content bootstrapped from real 2017 records, date placed using documented Kenyan seasonal accident trends."
1179,1820,MACHAKOS,MACHAKOS,NAIROBI MOMBASA,SABAKI,KCL 304B TOYOTA AXIO,THE VEHICLE KNOCKED DOWN THE VICTIM,FEMALE,A,60.0,PEDESTRIAN,1.0,2017-12-19,MACHAKOS,F,PEDESTRIAN,A,,ADULT,,12/19/17,2017,12,December,19,Tuesday,1820,18.0,20.0,EVENING,60.0,PEDESTRIAN BEHAVIOUR,KCL 304B TOYOTA AXIO,False,False,False,False,False,False,False,False,False,False,False,True,True,"Estimated fill for a month missing from the source data; row content bootstrapped from real 2017 records, date placed using documented Kenyan seasonal accident trends."
1205,1645,MOYALE,MARSABIT,MOYALE- HEILLU,HEILLU AREA,KMEB 838B TVS STAR AND KCA 769E MITSUBISH LORRY,M/CYCLIST CARRYING OONE M/A PASSENGER RAMMED INTO THE REAR OF THE SAID LORRY WHERE THE P/PASSENGER SUSTAINING SERIOUS INJURIES AND DIED AT HOSPITAL.,MALE,19,36.0,PILLION PASSENGER,1.0,2017-12-19,MARSABIT,M,P/PASSENGER,19,19.0,NUMERIC AGE,18-24,12/19/17,2017,12,December,19,Tuesday,1645,16.0,45.0,AFTERNOON,36.0,DRIVER / CYCLIST BEHAVIOUR,KMEB 838B TVS STAR AND KCA 769E MITSUBISH LORRY,True,False,False,True,False,False,False,False,False,True,False,False,True,"Estimated fill for a month missing from the source data; row content bootstrapped from real 2017 records, date placed using documented Kenyan seasonal accident trends."
1207,2300,ISIOLO,ISIOLO,ISIOLO ARCHERS POST,GALE MARA,KCA 327A LORRY,THE VEHICLE LOST CONTROL AND VEERED OFF THE ROAD AND ROLLED SEVERAL TIMES,MALE,A,26.0,PASSENGER,2.0,2017-12-20,ISIOLO,M,PASSENGER,A,,ADULT,,12/20/17,2017,12,December,20,Wednesday,2300,23.0,0.0,NIGHT,26.0,DRIVER / CYCLIST BEHAVIOUR,KCA 327A LORRY,False,False,False,True,False,False,False,False,False,True,False,False,True,"Estimated fill for a month missing from the source data; row content bootstrapped from real 2017 records, date placed using documented Kenyan seasonal accident trends."
1134,2000,NTULELE,NAROK,NAROK-MAIMAHIU,STIMA AREA,KCF 659L TOYOTA MATATU HACE(NAROK LINE SERVICES LTD),THE VEHICLE KNOCKED DOWN THE VICTIM,MALE,A,29.0,PEDESTRIAN,1.0,2017-12-21,NAROK,M,PEDESTRIAN,A,,ADULT,,12/21/17,2017,12,December,21,Thursday,2000,20.0,0.0,EVENING,29.0,DRIVER / CYCLIST BEHAVIOUR,KCF 659L TOYOTA MATATU HACE(NAROK LINE SERVICES LTD),False,True,False,False,False,False,False,False,False,True,False,False,True,"Estimated fill for a month missing from the source data; row content bootstrapped from real 2017 records, date placed using documented Kenyan seasonal accident trends."
1183,1900,KABRAS,KAKAMEGA,KAKAMEGA-WEBUYE,KAMBIRI AREA,KBX 325A HOWO TIPPER,THE VEHICLE KNOCKED DOWN A PEDESTRIAN,MALE,A,16.0,PEDESTRIAN,1.0,2017-12-21,KAKAMEGA,M,PEDESTRIAN,A,,ADULT,,12/21/17,2017,12,December,21,Thursday,1900,19.0,0.0,EVENING,16.0,DRIVER / CYCLIST BEHAVIOUR,KBX 325A HOWO TIPPER,False,False,False,True,False,False,False,False,False,True,False,False,True,"Estimated fill for a month missing from the source data; row content bootstrapped from real 2017 records, date placed using documented Kenyan seasonal accident trends."
1196,1900,OLKALAU,NYANDARUA,OLKALAU NYAHURURU,KIRIA AREA,KCA 701C TOYOTA ISIS & KMDT 852P SHINERY,HEAD ON COLLISION,MALE,A,37.0,MOTORCYCLIST,1.0,2017-12-21,NYANDARUA,M,M/CYCLIST,A,,ADULT,,12/21/17,2017,12,December,21,Thursday,1900,19.0,0.0,EVENING,37.0,DRIVER / CYCLIST BEHAVIOUR,KCA 701C TOYOTA ISIS & KMDT 852P SHINERY,False,False,False,False,False,False,True,False,False,True,False,False,True,"Estimated fill for a month missing from the source data; row content bootstrapped from real 2017 records, date placed using documented Kenyan seasonal accident trends."
1175,930,KANDARA,MURANG'A,MAKENJI-MURUKA,GITURI AREA,KYX 551 T/P/UP & M/CYCLE KMDG 038X RANGER,THE M/CYCLE COLLIDED HEAD ON WITH THE M/VEHICLE,MALE,A,37.0,RIDER & PILLION PASSENGER,2.0,2017-12-22,MURANGA,M,RIDER & P/PASSENGER,A,,ADULT,,12/22/17,2017,12,December,22,Friday,930,9.0,30.0,MORNING,37.0,DRIVER / CYCLIST BEHAVIOUR,KYX 551 T/P/UP & M/CYCLE KMDG 038X RANGER,True,False,False,False,True,False,False,False,False,True,False,False,True,"Estimated fill for a month missing from the source data; row content bootstrapped from real 2017 records, date placed using documented Kenyan seasonal accident trends."
1180,2030,LONDIANI,KERICHO,LONDIANI-KERICHO,CHEBOWOR AREA,KBS 930D ISUZU LORRY & KCB 426R ASHOK LEYLAND LORRY,ISUZU LORRY RAMMED INTO THE LEYLAND LORRY,MALE,30 & 33,7.0,PASSENGER,2.0,2017-12-22,KERICHO,M,PASSENGERS,30 & 33,,UNKNOWN,,12/22/17,2017,12,December,22,Friday,2030,20.0,30.0,EVENING,7.0,DRIVER / CYCLIST BEHAVIOUR,KBS 930D ISUZU LORRY & KCB 426R ASHOK LEYLAND LORRY,False,False,False,True,False,False,False,False,False,True,False,False,True,"Estimated fill for a month missing from the source data; row content bootstrapped from real 2017 records, date placed using documented Kenyan seasonal accident trends."
1184,2010,TAVETA,TAITA TAVETA,TAVETA-MWATATE,MURKA AREA,GKA 314Z TOYOTA PRADO,THE VEHICLE LOST CONTROL AND VEERED OF THE ROAD,MALE,A,79.0,DRIVER,1.0,2017-12-22,TAITA TAVETA,M,DRIVER,A,,ADULT,,12/22/17,2017,12,December,22,Friday,2010,20.0,10.0,EVENING,79.0,VEHICLE DEFECT,GKA 314Z TOYOTA PRADO,False,False,False,False,False,False,True,False,False,True,False,False,True,"Estimated fill for a month missing from the source data; row content bootstrapped from real 2017 records, date placed using documented Kenyan seasonal accident trends."
1130,1630,TIGANIA,MERU,MERU - MAUA,KIANJAI,UNKNOWN,HIT & RUN,FEMALE,A,98.0,PEDESTRIAN,1.0,2017-12-24,MERU,F,PEDESTRIAN,A,,ADULT,,12/24/17,2017,12,December,24,Sunday,1630,16.0,30.0,AFTERNOON,98.0,CAUSE NOT TRACED,UNKNOWN,False,False,False,False,False,False,False,True,False,True,False,False,True,"Estimated fill for a month missing from the source data; row content bootstrapped from real 2017 records, date placed using documented Kenyan seasonal accident trends."
1137,1730,KIKUYU,KIAMBU,SOUTHERN BY PASS,GITARU AREA,UNKNOWN M/V & F/A/PED,THE VEHICLE KNOCKED DOWN A PEDESTRIAN,FEMALE,42,98.0,PEDESTRIAN,1.0,2017-12-24,KIAMBU,F,PEDESTRIAN,42,42.0,NUMERIC AGE,35-44,12/24/17,2017,12,December,24,Sunday,1730,17.0,30.0,EVENING,98.0,CAUSE NOT TRACED,UNKNOWN M/V & F/A/PED,False,False,False,False,False,False,False,True,False,True,False,False,True,"Estimated fill for a month missing from the source data; row content bootstrapped from real 2017 records, date placed using documented Kenyan seasonal accident trends."
1157,1830,EMBU,EMBU,EMBU-KIBUKU,NDUNDA AREA,KCJ 804W TOYOTA PROBOX,"THE VEHICLE LOST CONTROL, VEERING OFF THE ROAD AND HIT A CALVERT",FEMALE,4,26.0,PASSENGER,1.0,2017-12-24,EMBU,F,PASSENGER,4,4.0,NUMERIC AGE,0-17,12/24/17,2017,12,December,24,Sunday,1830,18.0,30.0,EVENING,26.0,DRIVER / CYCLIST BEHAVIOUR,KCJ 804W TOYOTA PROBOX,False,False,False,False,False,False,True,False,False,True,False,False,True,"Estimated fill for a month missing from the source data; row content bootstrapped from real 2017 records, date placed using documented Kenyan seasonal accident trends."
1171,0045 HRS,KARURI,KIAMBU,NAIROBI LIMURU,RUENO AREA,KBU 617Z TOYOTA RACTIS & KTWB 426E PIAGGIO,THE M/V COLLIDED WITH THE TUTUK RESULTING THE DEATH OF THE DRIVER AND M/A PASSENGER.,MALE,"28, 31 YRS",7.0,DRIVER & PASSENGER,2.0,2017-12-24,KIAMBU,M,DRIVER & PASSENGER,"28, 31 YRS",,UNKNOWN,,12/24/17,2017,12,December,24,Sunday,0045 HRS,0.0,45.0,NIGHT,7.0,DRIVER / CYCLIST BEHAVIOUR,KBU 617Z TOYOTA RACTIS & KTWB 426E PIAGGIO,False,False,False,False,False,False,False,False,False,False,False,True,True,"Estimated fill for a month missing from the source data; row content bootstrapped from real 2017 records, date placed using documented Kenyan seasonal accident trends."
1178,1330,NYERI,NYERI,CHAKA-KIGANJO,CHAKA SHOPPING CENTER,KCH 430J MITSUBISHI CANTER & KTWB 598E PIAGGIO,HEAD ON COLLISION,MALE,A,8.0,DRIVER,1.0,2017-12-24,NYERI,M,DRIVER,A,,ADULT,,12/24/17,2017,12,December,24,Sunday,1330,13.0,30.0,AFTERNOON,8.0,DRIVER / CYCLIST BEHAVIOUR,KCH 430J MITSUBISHI CANTER & KTWB 598E PIAGGIO,False,False,False,True,False,False,False,False,False,True,False,False,True,"Estimated fill for a month missing from the source data; row content bootstrapped from real 2017 records, date placed using documented Kenyan seasonal accident trends."
1182,215,SALGAA,NAKURU,NAKURU-ELDORET,NAKURU TEACHERS COLLEGE,KBJ 007H TOYOTA ALLION & TRAILER,HEAD ON COLLISION,MALE,A,10.0,DRIVER & PASSENGER,2.0,2017-12-24,NAKURU,M,DRIVER & PASSENGER,A,,ADULT,,12/24/17,2017,12,December,24,Sunday,215,2.0,15.0,NIGHT,10.0,DRIVER / CYCLIST BEHAVIOUR,KBJ 007H TOYOTA ALLION & TRAILER,False,False,False,False,False,False,True,False,True,True,False,False,True,"Estimated fill for a month missing from the source data; row content bootstrapped from real 2017 records, date placed using documented Kenyan seasonal accident trends."
1195,400,LARI,KIAMBU,NAIROBI NAIVASHA,VIEW POINT,"KCE 345D TOYOTA PRADO,KCL 082W SCANIA BUS",HEAD ON COLLISION,MALE,47,37.0,DRIVER,1.0,2017-12-24,KIAMBU,M,DRIVER,47,47.0,NUMERIC AGE,45-54,12/24/17,2017,12,December,24,Sunday,400,4.0,0.0,NIGHT,37.0,DRIVER / CYCLIST BEHAVIOUR,"KCE 345D TOYOTA PRADO,KCL 082W SCANIA BUS",False,False,True,False,False,False,True,False,False,True,False,False,True,"Estimated fill for a month missing from the source data; row content bootstrapped from real 2017 records, date placed using documented Kenyan seasonal accident trends."
1198,2330,OTHAYA,NYERI,OTHAYA NYERI,GURA BRIDGE,KBU 644L TOYOTA HILUX P/UP,THE VEHICLE LOST CONTROL VEERED OFF THE ROAD AND LANDED INTO THE RIVER,MALE,A,26.0,PASSENGER,1.0,2017-12-24,NYERI,M,PASSENGER,A,,ADULT,,12/24/17,2017,12,December,24,Sunday,2330,23.0,30.0,NIGHT,26.0,DRIVER / CYCLIST BEHAVIOUR,KBU 644L TOYOTA HILUX P/UP,False,False,False,False,True,False,False,False,False,True,False,False,True,"Estimated fill for a month missing from the source data; row content bootstrapped from real 2017 records, date placed using documented Kenyan seasonal accident trends."
1121,1630,KARURI,KIAMBU,LIMURU NAIROBI,KIANJOGU AREA,KAP 238A FUSO LORRY & KCC 179H/ZE 8738 FAW,HEAD ON COLLISION,MALE,35,72.0,DRIVER,2.0,2017-12-25,KIAMBU,M,DRIVER,35,35.0,NUMERIC AGE,35-44,12/25/17,2017,12,December,25,Monday,1630,16.0,30.0,AFTERNOON,72.0,PASSENGER / ATTENDANT,KAP 238A FUSO LORRY & KCC 179H/ZE 8738 FAW,False,False,False,True,False,False,False,False,False,True,False,False,True,"Estimated fill for a month missing from the source data; row content bootstrapped from real 2017 records, date placed using documented Kenyan seasonal accident trends."
1147,1600,OLKALOU,NYANDARUA,OLKALOU-KARIAMU,KWA WATER AREA,KBS 393J HARRIER & M/CYCLE KMCS 524Y HAOJUE,THE VEHICLE COLLIDED HEAD ON WITH THE M/CYCLE,MALE,50,7.0,RIDER,1.0,2017-12-25,NYANDARUA,M,RIDER,50,50.0,NUMERIC AGE,45-54,12/25/17,2017,12,December,25,Monday,1600,16.0,0.0,AFTERNOON,7.0,DRIVER / CYCLIST BEHAVIOUR,KBS 393J HARRIER & M/CYCLE KMCS 524Y HAOJUE,True,False,False,False,False,False,True,False,False,True,False,False,True,"Estimated fill for a month missing from the source data; row content bootstrapped from real 2017 records, date placed using documented Kenyan seasonal accident trends."
1160,1330,MUMIAS,KAKAMEGA,BUSIA-MAYONI,LAIRI RIVER,KBK 692W NZE,THE VEHICLES LOST CONTROL AND OVERTURNED,FEMALE,A,26.0,PASSENGER,1.0,2017-12-25,KAKAMEGA,F,PASSENGERS,A,,ADULT,,12/25/17,2017,12,December,25,Monday,1330,13.0,30.0,AFTERNOON,26.0,DRIVER / CYCLIST BEHAVIOUR,KBK 692W NZE,False,False,False,False,False,False,False,False,False,False,False,True,True,"Estimated fill for a month missing from the source data; row content bootstrapped from real 2017 records, date placed using documented Kenyan seasonal accident trends."
1166,2130,NYAHURURU,NYANDARUA,NYAHURURU BOIMAN RD,KERISON AREA,M/V KAK 806M T/MATATU $M/CY MDS 739S BOXER,HEAD ON COLLISION,MALE,A,39.0,RIDER,1.0,2017-12-25,NYANDARUA,M,RIDER,A,,ADULT,,12/25/17,2017,12,December,25,Monday,2130,21.0,30.0,NIGHT,39.0,DRIVER / CYCLIST BEHAVIOUR,M/V KAK 806M T/MATATU $M/CY MDS 739S BOXER,True,True,False,False,False,False,False,False,False,True,False,False,True,"Estimated fill for a month missing from the source data; row content bootstrapped from real 2017 records, date placed using documented Kenyan seasonal accident trends."
1172,2345,KITUI,KITUI,KITUI-KANYONYO,KANYONYO AREA,KBX 087A T/MATATU,THE VEHICLE KNOCKED DOWN A VICTIM,MALE,30,61.0,PEDESTRIAN,1.0,2017-12-25,KITUI,M,PEDESTRIAN,30,30.0,NUMERIC AGE,25-34,12/25/17,2017,12,December,25,Monday,2345,23.0,45.0,NIGHT,61.0,PEDESTRIAN BEHAVIOUR,KBX 087A T/MATATU,False,True,False,False,False,False,False,False,False,True,False,False,True,"Estimated fill for a month missing from the source data; row content bootstrapped from real 2017 records, date placed using documented Kenyan seasonal accident trends."
1124,2140,EMBAKASI,NAIROBI,MOMBASA ROAD,GATEWAY MALL,KCK 755L T/RACTIS,THE VEHICLE KNOCKED DOWN THE VICTIM,FEMALE,26,,PEDESTRIAN,1.0,2017-12-26,NAIROBI,F,PEDESTRIAN,26,26.0,NUMERIC AGE,25-34,12/26/17,2017,12,December,26,Tuesday,2140,21.0,40.0,NIGHT,,NOT RECORDED,KCK 755L T/RACTIS,False,False,False,False,False,False,False,False,False,False,False,True,True,"Estimated fill for a month missing from the source data; row content bootstrapped from real 2017 records, date placed using documented Kenyan seasonal accident trends."
1138,2000,MACHAKOS,MACHAKOS,KATHEKAI,KATHEKAI,GKB 529F T/L CRUISER,THE VEHICLE LOST CONTROL AND OVERTURNED,MALE,A,,DRIVER,1.0,2017-12-26,MACHAKOS,M,DRIVER,A,,ADULT,,12/26/17,2017,12,December,26,Tuesday,2000,20.0,0.0,EVENING,,NOT RECORDED,GKB 529F T/L CRUISER,False,False,False,False,False,False,False,False,False,False,False,True,True,"Estimated fill for a month missing from the source data; row content bootstrapped from real 2017 records, date placed using documented Kenyan seasonal accident trends."
1148,1700,MACHAKOS,MACHAKOS,KANGUNDO MACHAKOS,TUMBA BRIDGE,KAS 542Y BMW SALOON,THE VEHICLE KNOCKED DOWN THE VICTIM,MALE,A,63.0,PEDESTRIAN,1.0,2017-12-26,MACHAKOS,M,PEDESTRIAN,A,,ADULT,,12/26/17,2017,12,December,26,Tuesday,1700,17.0,0.0,EVENING,63.0,PEDESTRIAN BEHAVIOUR,KAS 542Y BMW SALOON,False,False,False,False,False,False,True,False,False,True,False,False,True,"Estimated fill for a month missing from the source data; row content bootstrapped from real 2017 records, date placed using documented Kenyan seasonal accident trends."
1181,1050,BARINGO,BARINGO,ITEN-KARBANET,AINAMOI,KBN 702G T/PROBOX,THE VEHICLE KNOCKED DOWN THE VICTIM,FEMALE,J,7.0,PEDESTRIAN,1.0,2017-12-26,BARINGO,F,PEDESTRIAN,J,,JUVENILE,,12/26/17,2017,12,December,26,Tuesday,1050,10.0,50.0,MORNING,7.0,DRIVER / CYCLIST BEHAVIOUR,KBN 702G T/PROBOX,False,False,False,False,False,False,True,False,False,True,False,False,True,"Estimated fill for a month missing from the source data; row content bootstrapped from real 2017 records, date placed using documented Kenyan seasonal accident trends."
1204,,NAKURU,NAKURU,NAKURU ELEMENTAITA,NGOROFA AREA,KCJ 155W T/MATATU,THE VEHICLE KNOCKED DOWN THE VICTIM,UNKNOWN,15,98.0,PEDESTRIAN,1.0,2017-12-26,NAKURU,J,PEDESTRIAN,15,15.0,NUMERIC AGE,0-17,12/26/17,2017,12,December,26,Tuesday,,,,UNKNOWN,98.0,CAUSE NOT TRACED,KCJ 155W T/MATATU,False,True,False,False,False,False,False,False,False,True,False,False,True,"Estimated fill for a month missing from the source data; row content bootstrapped from real 2017 records, date placed using documented Kenyan seasonal accident trends."
1125,1700,RUIRU,KIAMBU,THIKA NAIROBI,GITHURAI,KCA 277W ISUZU BUS,THE CONDUCTOR FELL FROM THE MOVING VEHICLE,MALE,A,73.0,PASSENGER,1.0,2017-12-27,KIAMBU,M,PASSENGER,A,,ADULT,,12/27/17,2017,12,December,27,Wednesday,1700,17.0,0.0,EVENING,73.0,PASSENGER / ATTENDANT,KCA 277W ISUZU BUS,False,False,True,False,False,False,False,False,False,True,False,False,True,"Estimated fill for a month missing from the source data; row content bootstrapped from real 2017 records, date placed using documented Kenyan seasonal accident trends."
1142,1030,ELDORET,UASIN GISHU,ELDORET WEBUYE,RAIPLY AREA,KZK 181 PEUGEOTS 504 & KMDB 716 B FOCIN,THE M/CYCLE COLLIDED HEAD ON WITH THE M/V RESULTING THE DEATH OF THE M/CYCLIST.,MALE,A,10.0,MOTORCYCLIST,1.0,2017-12-27,UASIN GISHU,M,M/CYLIST,A,,ADULT,,12/27/17,2017,12,December,27,Wednesday,1030,10.0,30.0,MORNING,10.0,DRIVER / CYCLIST BEHAVIOUR,KZK 181 PEUGEOTS 504 & KMDB 716 B FOCIN,False,False,False,False,False,False,True,False,False,True,False,False,True,"Estimated fill for a month missing from the source data; row content bootstrapped from real 2017 records, date placed using documented Kenyan seasonal accident trends."
1163,2050,KEIYO,ELGEYO MARAKWET,ITEN ELDORET,MOROARIA,KBY 627R TOYOTA HILUX,THE VEHICLE KNOCKED DOWN THE VICTIM,FEMALE,27,61.0,PEDESTRIAN,1.0,2017-12-27,ELGEYO MARAKWET,F,PEDESTRIAN,27,27.0,NUMERIC AGE,25-34,12/27/17,2017,12,December,27,Wednesday,2050,20.0,50.0,EVENING,61.0,PEDESTRIAN BEHAVIOUR,KBY 627R TOYOTA HILUX,False,False,False,False,True,False,False,False,False,True,False,False,True,"Estimated fill for a month missing from the source data; row content bootstrapped from real 2017 records, date placed using documented Kenyan seasonal accident trends."
1170,2330,ATHI RIVER,MACHAKOS,MOMBASA -NAIROBIU,MLOLONGO,KCA 754X SUZUKI SWIFT,THE VEHICLE KNOCKED DOWN THE VICTIM,MALE,A,29.0,PEDESTRIAN,1.0,2017-12-27,MACHAKOS,M,PEDESTRIAN,A,,ADULT,,12/27/17,2017,12,December,27,Wednesday,2330,23.0,30.0,NIGHT,29.0,DRIVER / CYCLIST BEHAVIOUR,KCA 754X SUZUKI SWIFT,False,False,False,False,False,False,False,False,False,False,False,True,True,"Estimated fill for a month missing from the source data; row content bootstrapped from real 2017 records, date placed using documented Kenyan seasonal accident trends."
1173,630,THIKA,KIAMBU,MUKARARA KIUNYU,AT A CORNER,KMCJ 620F DAYUN,THE CYCLE LOST CONTROL AND HIT A CULVERT,MALE,A,26.0,PILLION PASSENGER,1.0,2017-12-27,KIAMBU,M,P/PASSENGER,A,,ADULT,,12/27/17,2017,12,December,27,Wednesday,630,6.0,30.0,MORNING,26.0,DRIVER / CYCLIST BEHAVIOUR,KMCJ 620F DAYUN,True,False,False,False,False,False,False,False,False,True,False,False,True,"Estimated fill for a month missing from the source data; row content bootstrapped from real 2017 records, date placed using documented Kenyan seasonal accident trends."
1197,2300,KITUI,KITUI,KITUI-KABATI,KATHIVO,BICYCLE,THE UNKNOWN M/V HIT THE PEDAL CYCLE,MALE,A,98.0,PEDAL CYCLIST,1.0,2017-12-27,KITUI,M,P/CYCLIST,A,,ADULT,,12/27/17,2017,12,December,27,Wednesday,2300,23.0,0.0,NIGHT,98.0,CAUSE NOT TRACED,BICYCLE,False,False,False,False,False,False,False,False,False,False,False,True,True,"Estimated fill for a month missing from the source data; row content bootstrapped from real 2017 records, date placed using documented Kenyan seasonal accident trends."
1120,730,MURANGA,MURANG'A,GAKONYA MUKURU WEINI,KAMAINDA,KCJ 926Z TOYOTA HIACE,THE VEHICLE LOST CONTROL AND VEERED OFF THE ROAD,MALE,A,26.0,PASSENGER,2.0,2017-12-28,MURANGA,M,PASSENGERS,A,,ADULT,,12/28/17,2017,12,December,28,Thursday,730,7.0,30.0,MORNING,26.0,DRIVER / CYCLIST BEHAVIOUR,KCJ 926Z TOYOTA HIACE,False,False,False,False,False,False,False,False,False,True,True,False,True,"Estimated fill for a month missing from the source data; row content bootstrapped from real 2017 records, date placed using documented Kenyan seasonal accident trends."
1131,600,MAKINDU,MAKUENI,MAKINDU-KOSEWE,MAKINDU AREA,KMDN 833C SKYGO,THE MOTOR CYCLE LOST CONTROL AND HIT A TREE,MALE,A,7.0,MOTORCYCLIST,1.0,2017-12-28,MAKUENI,M,M/CYCLIST,A,,ADULT,,12/28/17,2017,12,December,28,Thursday,600,6.0,0.0,MORNING,7.0,DRIVER / CYCLIST BEHAVIOUR,KMDN 833C SKYGO,True,False,False,False,False,False,False,False,False,True,False,False,True,"Estimated fill for a month missing from the source data; row content bootstrapped from real 2017 records, date placed using documented Kenyan seasonal accident trends."
1136,1600,KIAMBU,KIAMBU,NORTHEN BY PASS,KAHAWA WEST,UNKNOWN M/V,HIT AND RUN,MALE,60,7.0,PEDESTRIAN,1.0,2017-12-28,KIAMBU,M,PEDESTRIAN,60,60.0,NUMERIC AGE,55-64,12/28/17,2017,12,December,28,Thursday,1600,16.0,0.0,AFTERNOON,7.0,DRIVER / CYCLIST BEHAVIOUR,UNKNOWN M/V,False,False,False,False,False,False,False,True,False,True,False,False,True,"Estimated fill for a month missing from the source data; row content bootstrapped from real 2017 records, date placed using documented Kenyan seasonal accident trends."
1159,2100,KIAMBU,KIAMBU,KIAMBU-RUIRU,NEAR KIU RIVER,KBK 873D TOYOTA MATATU,THE VEHICLE KNOCKED DOWN A VICTIM,MALE,A,7.0,PEDESTRIAN,1.0,2017-12-28,KIAMBU,M,PEDESTRIAN,A,,ADULT,,12/28/17,2017,12,December,28,Thursday,2100,21.0,0.0,NIGHT,7.0,DRIVER / CYCLIST BEHAVIOUR,KBK 873D TOYOTA MATATU,False,True,False,False,False,False,False,False,False,True,False,False,True,"Estimated fill for a month missing from the source data; row content bootstrapped from real 2017 records, date placed using documented Kenyan seasonal accident trends."
1162,1920,GARISSA,GARISSA,GARISSA-MWINGI,MADOGO,KBT 653G ISUZU LORRY & KMDA 802F RANGER,THE LORRY HIT THE MOTOR CYCLE,MALE,A,8.0,MOTORCYCLIST,1.0,2017-12-28,GARISSA,M,M/CYCLIST,A,,ADULT,,12/28/17,2017,12,December,28,Thursday,1920,19.0,20.0,EVENING,8.0,DRIVER / CYCLIST BEHAVIOUR,KBT 653G ISUZU LORRY & KMDA 802F RANGER,False,False,False,True,False,False,False,False,False,True,False,False,True,"Estimated fill for a month missing from the source data; row content bootstrapped from real 2017 records, date placed using documented Kenyan seasonal accident trends."
1190,2200,RUIRU,KIAMBU,EASTERN BYPASS,KAMAKIS,KBF 184U TOYOTA SPACIO & KHMA 043F JCB,COLLIDED HEAD ON,FEMALE,A,10.0,DRIVER,1.0,2017-12-28,KIAMBU,F,DRIVER,A,,ADULT,,12/28/17,2017,12,December,28,Thursday,2200,22.0,0.0,NIGHT,10.0,DRIVER / CYCLIST BEHAVIOUR,KBF 184U TOYOTA SPACIO & KHMA 043F JCB,False,False,False,False,False,False,False,False,False,False,False,True,True,"Estimated fill for a month missing from the source data; row content bootstrapped from real 2017 records, date placed using documented Kenyan seasonal accident trends."
1200,1930,DTEO KILIMANI,NAIROBI,AIRWINGS KODHEK ROAD,NEAR RADAR SECURITY,KAH 700P ISUZU M/BUS & KMDP 788J BOXER,THE CYCLE WAS HIT BY THE VEHICLE,MALE,A,38.0,MOTORCYCLIST,1.0,2017-12-28,NAIROBI,M,M/CYCLIST,A,,ADULT,,12/28/17,2017,12,December,28,Thursday,1930,19.0,30.0,EVENING,38.0,DRIVER / CYCLIST BEHAVIOUR,KAH 700P ISUZU M/BUS & KMDP 788J BOXER,True,False,True,False,False,False,False,False,False,True,False,False,True,"Estimated fill for a month missing from the source data; row content bootstrapped from real 2017 records, date placed using documented Kenyan seasonal accident trends."
1141,2100,BUSIA,BUSIA,BUTULA MUMIAS,TINGOLO AREA,KBA 189B TOYOTA TOWNACE & KMDX 304F BOXER,HEAD ON COLLISION,MALE,A,79.0,PILLION PASSENGER,1.0,2017-12-29,BUSIA,M,P/PASENGER,A,,ADULT,,12/29/17,2017,12,December,29,Friday,2100,21.0,0.0,NIGHT,79.0,VEHICLE DEFECT,KBA 189B TOYOTA TOWNACE & KMDX 304F BOXER,True,False,False,False,False,False,False,False,False,True,True,False,True,"Estimated fill for a month missing from the source data; row content bootstrapped from real 2017 records, date placed using documented Kenyan seasonal accident trends."
1129,715,CHUKA,MERU,MERU-CHUKA,KURUKUCHA AREA,KBR 594M T/FIELDER,THE VEHICLE KNOCKED DOWN THE VICTIM,MALE,50,26.0,PEDESTRIAN,1.0,2017-12-30,MERU,M,PEDESTRIAN,50,50.0,NUMERIC AGE,45-54,12/30/17,2017,12,December,30,Saturday,715,7.0,15.0,MORNING,26.0,DRIVER / CYCLIST BEHAVIOUR,KBR 594M T/FIELDER,False,False,False,False,False,False,True,False,False,True,False,False,True,"Estimated fill for a month missing from the source data; row content bootstrapped from real 2017 records, date placed using documented Kenyan seasonal accident trends."
1123,UNKNOWN TIME,NYANDARUA,NYANDARUA,NYERI NYAHURURU,GWA KUNGU AREA,UNKNOWN M/V (HIT & RUN),THE UNKNOWN M/V KNOCKED DOWN M/A PEDESTRIAN KILLING HER ON THE SPOT.,MALE,25,98.0,PEDESTRIAN,1.0,2017-12-31,NYANDARUA,M,PEDESTRIAN,25,25.0,NUMERIC AGE,25-34,12/31/17,2017,12,December,31,Sunday,UNKNOWN TIME,,,UNKNOWN,98.0,CAUSE NOT TRACED,UNKNOWN M/V (HIT & RUN),False,False,False,False,False,False,False,True,False,True,False,False,True,"Estimated fill for a month missing from the source data; row content bootstrapped from real 2017 records, date placed using documented Kenyan seasonal accident trends."
1140,1000,NYARI,MOMBASA,OLD MOIYNE DRIVE,NEAR SIMBA ROAD JUNCTION,KBU666Q T/L/C/PRADO $M/CY KMDM 324D SIMBA,LOST CONTROL AND RAMMED FROM REAR ONTO M/CYCE,MALE,A,16.0,RIDER & PILLION PASSENGER,2.0,2017-12-31,MOMBASA,M,RIDER P/PASSANGER,A,,ADULT,,12/31/17,2017,12,December,31,Sunday,1000,10.0,0.0,MORNING,16.0,DRIVER / CYCLIST BEHAVIOUR,KBU666Q T/L/C/PRADO $M/CY KMDM 324D SIMBA,False,False,False,False,False,False,True,False,False,True,False,False,True,"Estimated fill for a month missing from the source data; row content bootstrapped from real 2017 records, date placed using documented Kenyan seasonal accident trends."
1149,2130,NYAHURURU,NYANDARUA,NYAHURURU BOIMAN RD,KERISON AREA,M/V KAK 806M T/MATATU $M/CY MDS 739S BOXER,HEAD ON COLLISION,MALE,A,39.0,RIDER,1.0,2017-12-31,NYANDARUA,M,RIDER,A,,ADULT,,12/31/17,2017,12,December,31,Sunday,2130,21.0,30.0,NIGHT,39.0,DRIVER / CYCLIST BEHAVIOUR,M/V KAK 806M T/MATATU $M/CY MDS 739S BOXER,True,True,False,False,False,False,False,False,False,True,False,False,True,"Estimated fill for a month missing from the source data; row content bootstrapped from real 2017 records, date placed using documented Kenyan seasonal accident trends."
